28484033773	pr.yml	pull_request	ptool-bump	2026-07-01T00:05:37Z	success	3	69e98ac7ef	
28487093848	nightly-build.yml	schedule	master	2026-07-01T01:26:10Z	cancelled	1	5fa2d349b0	
28494043893	pr.yml	pull_request	qcom-next-update	2026-07-01T04:42:33Z	success	2	b725fb9438	
28498878036	pr.yml	pull_request	enable-iq-x5121-evk-test	2026-07-01T06:43:28Z	cancelled	1	66ca7ddfa3	
28499173431	pr.yml	pull_request	revert-1904-revert	2026-07-01T06:49:57Z	cancelled	1	69eb719fd4	
28509403601	pr.yml	pull_request	shikra-evk-phone-feature	2026-07-01T09:59:45Z	cancelled	1	0a00e7059a	
28512213824	pr.yml	pull_request	shikra-evk-phone-feature	2026-07-01T10:51:19Z	cancelled	1	b9b18633fe	
28514717148	pr.yml	pull_request	gllnxES1	2026-07-01T11:37:50Z	success	3	728251fcbe	
28522719344	pr.yml	pull_request	upd-hexagon	2026-07-01T13:53:39Z	success	1	62252bbc1c	
28524831056	pr.yml	pull_request	Dev_04_06_2026	2026-07-01T14:26:23Z	success	1	59bf232d1e	
28525818356	push.yml	push	master	2026-07-01T14:41:40Z	failure	1	2407ad5755	
28528210009	pr.yml	pull_request	ci/bitbake-lint	2026-07-01T15:19:13Z	cancelled	1	523d3c208c	
28529339797	pr.yml	pull_request	ci/bitbake-lint	2026-07-01T15:37:01Z	success	1	8ddb65f15d	
28529916898	pr.yml	pull_request	shikra-evk-phone-feature	2026-07-01T15:46:31Z	success	1	7e00ed5914	
28540339958	pr.yml	pull_request	ci/bitbake-lint	2026-07-01T18:50:57Z	success	1	c43247cb2f	
28544835074	push.yml	push	master	2026-07-01T20:12:22Z	failure	1	108c3d0509	
28544907349	pr.yml	pull_request	backport/2612-to-wrynose	2026-07-01T20:13:44Z	success	1	405c376658	
28546386536	push.yml	push	master	2026-07-01T20:40:52Z	failure	1	b768975e79	
28546584110	pr.yml	pull_request	bump-base-lock-20260630	2026-07-01T20:44:28Z	success	1	980f20621b	
28555454268	nightly-build-wrynose.yml	schedule	master	2026-07-01T23:50:15Z	success	1	b768975e79	
28555457955	nightly-build.yml	workflow_dispatch	wrynose	2026-07-01T23:50:20Z	success	1	6f95b3d031	
28558734390	nightly-build.yml	schedule	master	2026-07-02T01:20:34Z	failure	1	b768975e79	
28567807987	pr.yml	pull_request	backport/2532-to-wrynose	2026-07-02T05:31:50Z	success	1	ec74b3ef03	
28567854411	push.yml	push	master	2026-07-02T05:32:59Z	failure	1	ad29090d44	
28567862749	pr.yml	pull_request	backport/2666-to-wrynose	2026-07-02T05:33:12Z	success	1	f3e5e031e0	
28570274562	push.yml	push	master	2026-07-02T06:30:08Z	failure	1	c11316c343	
28570286676	pr.yml	pull_request	backport/2654-to-wrynose	2026-07-02T06:30:22Z	success	1	83d9785ef7	
28570798058	pr.yml	pull_request	revert-1904-revert	2026-07-02T06:41:38Z	success	1	56e7abd562	
28582474664	pr.yml	pull_request	qcm6490-idp-mdm	2026-07-02T10:14:21Z	success	1	7ee8cccb9c	
28585126769	pr.yml	pull_request	shikra-evk-phone-feature	2026-07-02T11:02:41Z	success	1	2e15d74e55	
28587516157	push.yml	push	master	2026-07-02T11:46:09Z	failure	2	6e724007b1	
28594972787	pr.yml	pull_request	Dev_04_06_2026	2026-07-02T13:46:17Z	success	2	54d3263cc7	
28608245936	pr.yml	pull_request	master	2026-07-02T17:12:01Z	success	1	806d95e3c8	
28623328032	pr.yml	pull_request	wrynose-post-ga	2026-07-02T21:40:35Z	cancelled	1	3e675a8cff	
28623520578	push.yml	push	wrynose	2026-07-02T21:44:30Z	cancelled	1	9d15a3b42f	
28623586214	push.yml	push	wrynose	2026-07-02T21:45:48Z	cancelled	1	d1e0d4a02c	
28623632482	push.yml	push	wrynose	2026-07-02T21:46:45Z	cancelled	1	1eb40aafd7	
28623710566	push.yml	push	wrynose	2026-07-02T21:48:22Z	cancelled	1	cdee4e1e4c	
28623976748	push.yml	push	wrynose	2026-07-02T21:53:53Z	cancelled	1	2729f3973f	
28624012755	push.yml	push	wrynose	2026-07-02T21:54:37Z	cancelled	1	f9cd35d8a2	
28624047474	push.yml	push	wrynose	2026-07-02T21:55:19Z	cancelled	1	e83869c25c	
28624078995	push.yml	push	wrynose	2026-07-02T21:56:00Z	cancelled	1	0251f29daa	
28624109735	push.yml	push	wrynose	2026-07-02T21:56:38Z	cancelled	1	8dc9f45b63	
28624135807	push.yml	push	wrynose	2026-07-02T21:57:13Z	cancelled	1	e2512dbfb6	
28624170398	push.yml	push	wrynose	2026-07-02T21:57:56Z	cancelled	1	43caf718dc	
28624192846	push.yml	push	wrynose	2026-07-02T21:58:25Z	cancelled	1	0c4addf83d	
28624347278	push.yml	push	wrynose	2026-07-02T22:01:33Z	cancelled	1	60831955d6	
28625347021	push.yml	push	wrynose	2026-07-02T22:23:06Z	cancelled	1	0b84be6041	
28625393275	push.yml	push	master	2026-07-02T22:24:08Z	failure	1	bc610447e8	
28625468140	push.yml	push	wrynose	2026-07-02T22:25:51Z	cancelled	1	81cb0bd9cf	
28625517018	push.yml	push	wrynose	2026-07-02T22:26:55Z	cancelled	1	4b8bad19ce	
28625725319	push.yml	push	wrynose	2026-07-02T22:31:35Z	cancelled	1	fa3cd40f7b	
28625766818	push.yml	push	wrynose	2026-07-02T22:32:29Z	cancelled	1	edb8adaffb	
28628628013	nightly-build-wrynose.yml	schedule	master	2026-07-02T23:43:17Z	success	1	bc610447e8	
28628631916	nightly-build.yml	workflow_dispatch	wrynose	2026-07-02T23:43:23Z	failure	1	edb8adaffb	
28630497241	push.yml	push	master	2026-07-03T00:34:18Z	failure	1	bb119d8dd0	
28631509873	nightly-build.yml	schedule	master	2026-07-03T01:02:53Z	failure	1	bb119d8dd0	
28634047932	pr.yml	pull_request	shikra-evk-phone-feature	2026-07-03T02:16:46Z	failure	1	ed6916539a	
28655806160	push.yml	push	wrynose	2026-07-03T10:51:52Z	failure	1	63fb90463e	
28655838697	push.yml	push	master	2026-07-03T10:52:32Z	failure	1	951f62f457	
28655851046	pr.yml	pull_request	backport/2645-to-wrynose	2026-07-03T10:52:48Z	success	1	11613c65c6	
28666606544	push.yml	push	master	2026-07-03T14:24:15Z	failure	1	1faca72762	
28668770788	push.yml	push	wrynose	2026-07-03T15:06:16Z	failure	1	bb0b9bdc52	
28670329159	push.yml	push	wrynose	2026-07-03T15:37:54Z	failure	1	ee60bb8df9	
28671151749	push.yml	push	wrynose	2026-07-03T15:55:00Z	failure	1	a014adedaf	
28679519695	pr.yml	pull_request	shikra-release	2026-07-03T19:20:15Z	failure	1	421d1c1cba	
28681146838	pr.yml	pull_request	backport/2634-to-wrynose	2026-07-03T20:03:36Z	success	1	434f7c2e7e	
28682259896	push.yml	push	wrynose	2026-07-03T20:34:27Z	cancelled	1	53d220bbc1	
28687513489	push.yml	push	wrynose	2026-07-03T23:19:38Z	failure	1	75ccfefeb4	
28688112291	nightly-build-wrynose.yml	schedule	master	2026-07-03T23:41:57Z	success	1	1faca72762	
28688115050	nightly-build.yml	workflow_dispatch	wrynose	2026-07-03T23:42:03Z	failure	1	75ccfefeb4	
28690080220	nightly-build.yml	schedule	master	2026-07-04T01:00:50Z	failure	1	1faca72762	
28699619720	pr.yml	pull_request	shikra-evk-phone-feature	2026-07-04T07:49:19Z	success	1	3e66f1276d	
28709711199	push.yml	push	master	2026-07-04T14:45:35Z	failure	1	93a30e0b48	
28709716456	pr.yml	pull_request	backport/2665-to-wrynose	2026-07-04T14:45:46Z	success	1	ac4cc1f3c5	
28723379002	nightly-build-wrynose.yml	schedule	master	2026-07-04T23:42:44Z	success	1	93a30e0b48	
28723381378	nightly-build.yml	workflow_dispatch	wrynose	2026-07-04T23:42:51Z	success	1	75ccfefeb4	
28725240490	nightly-build.yml	schedule	master	2026-07-05T01:07:43Z	failure	1	93a30e0b48	
28758974267	nightly-build-wrynose.yml	schedule	master	2026-07-05T23:42:51Z	success	1	93a30e0b48	
28758976334	nightly-build.yml	workflow_dispatch	wrynose	2026-07-05T23:42:55Z	success	1	75ccfefeb4	
28761429308	nightly-build.yml	schedule	master	2026-07-06T01:07:15Z	success	1	93a30e0b48	
28791005505	pr.yml	pull_request	setscene-only	2026-07-06T12:19:32Z	cancelled	1	9f62958cb7	
28791761851	pr.yml	pull_request	setscene-only	2026-07-06T12:32:56Z	cancelled	1	af37de191d	
28793076772	pr.yml	pull_request	monaco_fitdtb_sdcc	2026-07-06T12:55:29Z	success	2	53a0b59b66	
28797644771	pr.yml	pull_request	setscene-only	2026-07-06T14:07:19Z	cancelled	1	57550afa78	
28799300333	pr.yml	pull_request	setscene-only	2026-07-06T14:31:54Z	cancelled	1	3428102651	
28802631933	pr.yml	pull_request	setscene-only	2026-07-06T15:22:08Z	success	1	71578f2903	
28810467515	pr.yml	pull_request	kgsl	2026-07-06T17:28:00Z	success	1	e59ba75f36	
28830951437	nightly-build-wrynose.yml	schedule	master	2026-07-06T23:43:06Z	success	1	93a30e0b48	
28830955579	nightly-build.yml	workflow_dispatch	wrynose	2026-07-06T23:43:12Z	failure	1	75ccfefeb4	
28832507972	pr.yml	pull_request	Dev_04_06_2026	2026-07-07T00:21:42Z	success	1	54d3263cc7	
28833859141	push.yml	push	master	2026-07-07T00:57:47Z	failure	1	063bd0b2c0	
28833867292	pr.yml	pull_request	backport/2682-to-wrynose	2026-07-07T00:58:02Z	success	1	2048e1f18c	
28834167860	nightly-build.yml	schedule	master	2026-07-07T01:05:36Z	failure	1	063bd0b2c0	
28834959949	pr.yml	pull_request	hamoa-enable-FIT	2026-07-07T01:26:44Z	success	1	32eb711895	
28847056341	pr.yml	pull_request	hamoa-enable-FIT	2026-07-07T06:44:29Z	success	1	fc4b0a435f	
28853243380	pr.yml	pull_request	wrynose-meta-oe-bump	2026-07-07T08:41:21Z	cancelled	1	bdc6b70370	
28855847723	push.yml	push	master	2026-07-07T09:26:14Z	failure	3	211b887500	
28855858535	pr.yml	pull_request	backport/1953-to-wrynose	2026-07-07T09:26:25Z	success	1	9097eda182	
28858561396	pr.yml	pull_request	hamoa-enable-FIT	2026-07-07T10:12:44Z	success	1	f9cbe0092e	
28859698701	pr.yml	pull_request	kvm	2026-07-07T10:33:32Z	success	1	b3a7089724	
28862593405	push.yml	push	wrynose	2026-07-07T11:26:27Z	failure	1	7687396ecb	
28864296398	pr.yml	pull_request	master	2026-07-07T11:57:13Z	cancelled	1	85e63d61da	
28865515841	pr.yml	pull_request	master	2026-07-07T12:18:16Z	cancelled	1	2ec72efa08	
28872117149	pr.yml	pull_request	ci/lava-pr-metadata	2026-07-07T14:01:01Z	failure	1	5fa43421bc	
28872619671	pr.yml	pull_request	master	2026-07-07T14:08:05Z	cancelled	1	983a67bea5	
28872797460	pr.yml	pull_request	master	2026-07-07T14:10:39Z	success	1	1a975d22ba	
28877783260	pr.yml	pull_request	wrynose-meta-oe-bump	2026-07-07T15:22:33Z	cancelled	1	a8fd57ea16	
28879210171	pr.yml	pull_request	metadata	2026-07-07T15:43:32Z	success	1	9e64fa9657	
28881046907	pr.yml	pull_request	ptest	2026-07-07T16:11:44Z	cancelled	1	bbe197749d	
28881147781	pr.yml	pull_request	ptest	2026-07-07T16:13:17Z	success	1	a6b1fb963a	
28881723968	pr.yml	pull_request	wrynose-meta-oe-bump	2026-07-07T16:22:33Z	success	1	be75db7c1e	
28889803995	pr.yml	pull_request	master	2026-07-07T18:36:52Z	cancelled	1	a1e6f8960a	
28889942528	pr.yml	pull_request	master	2026-07-07T18:39:12Z	success	1	e3521f47b1	
28893911487	pr.yml	pull_request	fix-test-reporting-reruns	2026-07-07T19:45:57Z	cancelled	1	b648deb7d1	
28899749156	push.yml	push	wrynose	2026-07-07T21:24:36Z	cancelled	1	1ca023044c	
28906364265	nightly-build-wrynose.yml	schedule	master	2026-07-07T23:39:40Z	success	1	211b887500	
28906368583	nightly-build.yml	workflow_dispatch	wrynose	2026-07-07T23:39:46Z	failure	1	1ca023044c	
28909522763	nightly-build.yml	schedule	master	2026-07-08T00:56:00Z	failure	1	211b887500	
28909734359	push.yml	push	master	2026-07-08T01:01:20Z	failure	1	a43bf9fdf9	
28909742255	pr.yml	pull_request	backport/2691-to-wrynose	2026-07-08T01:01:31Z	success	1	bdd933eed6	
28912377730	pr.yml	pull_request	ci-optimize-upload-artifacts	2026-07-08T02:09:38Z	success	1	6be7c6c8ca	
28913508640	pr.yml	pull_request	master	2026-07-08T02:39:47Z	success	1	8811dc97c6	
28923142631	push.yml	push	next	2026-07-08T06:44:02Z	failure	4	e2e45067c1	
28924267764	pr.yml	pull_request	qcom-6.18-update-master	2026-07-08T07:06:22Z	success	1	41f88308cd	
28928928292	pr.yml	pull_request	master	2026-07-08T08:31:35Z	cancelled	1	caf7610a44	
28928939167	pr.yml	pull_request	master	2026-07-08T08:31:47Z	success	1	caf7610a44	
28929634459	pr.yml	pull_request	ptest	2026-07-08T08:43:53Z	cancelled	1	bc10a62365	
28929786400	push.yml	push	master	2026-07-08T08:46:29Z	failure	1	674395a8fc	
28929801187	pr.yml	pull_request	backport/2694-to-wrynose	2026-07-08T08:46:44Z	success	1	32daf061df	
28933581267	pr.yml	pull_request	m2-cologne	2026-07-08T09:50:21Z	failure	2	93040fa95f	
28934391757	pr.yml	pull_request	ptest	2026-07-08T10:03:55Z	cancelled	1	143ba70a91	
28934556346	pr.yml	pull_request	ptest	2026-07-08T10:06:40Z	cancelled	1	8b3b5559a5	
28935787185	pr.yml	pull_request	ptest	2026-07-08T10:28:46Z	failure	1	a47b6b621d	
28943421958	pr.yml	pull_request	ptest	2026-07-08T12:42:32Z	success	1	9e437fec3c	
28944376465	pr.yml	pull_request	kvm	2026-07-08T12:57:35Z	cancelled	1	6435468470	
28946496195	pr.yml	pull_request	afaisal/tpm-sepolicy	2026-07-08T13:30:36Z	failure	1	38d5afcedd	
28949251134	pr.yml	pull_request	master	2026-07-08T14:11:12Z	success	1	94d12639ea	
28950700504	pr.yml	pull_request	sstatesig-do_image_complete	2026-07-08T14:32:12Z	failure	1	e424f40343	
28951393718	pr.yml	pull_request	sstatesig-do_image_complete	2026-07-08T14:42:03Z	cancelled	2	f1123e9eb3	
28952177112	pr.yml	pull_request	buildstat	2026-07-08T14:52:57Z	cancelled	1	f058d71b61	
28953221223	pr.yml	pull_request	buildstat	2026-07-08T15:07:26Z	success	1	08c8806a63	
28958717635	pr.yml	pull_request	sstatesig-do_image_complete	2026-07-08T16:28:05Z	cancelled	1	865111d5a9	
28959647155	pr.yml	pull_request	sstatesig-do_image_complete	2026-07-08T16:42:27Z	cancelled	1	5f8aeee885	
28961549057	pr.yml	pull_request	sstatesig-do_image_complete	2026-07-08T17:12:51Z	cancelled	1	fed3a52fa7	
28963603401	pr.yml	pull_request	sstatesig-do_image_complete	2026-07-08T17:45:39Z	cancelled	4	e8ca820d94	
28963695946	pr.yml	pull_request	qcom-next-update	2026-07-08T17:47:07Z	failure	3	4317dd5ab4	
28964192647	pr.yml	pull_request	qcom-6.18-update-master	2026-07-08T17:55:09Z	cancelled	1	7907e686ba	
28964192959	pr.yml	pull_request	qcom-6.18-update-master	2026-07-08T17:55:10Z	failure	1	7907e686ba	
28964677713	push.yml	push	master	2026-07-08T18:03:06Z	failure	1	b3f0f4c3cf	
28964693910	pr.yml	pull_request	backport/2700-to-wrynose	2026-07-08T18:03:22Z	success	1	1635181bc6	
28965101571	pr.yml	pull_request	join-kas-artifact	2026-07-08T18:10:06Z	failure	1	13d456eb84	
28965309769	pr.yml	pull_request	join-kas-artifact	2026-07-08T18:13:34Z	cancelled	1	cd3ab14fbf	
28965551063	pr.yml	pull_request	join-kas-artifact	2026-07-08T18:17:39Z	failure	1	897e242405	
28966179313	pr.yml	pull_request	join-kas-artifact	2026-07-08T18:28:08Z	failure	1	4dfee73be6	
28967335493	pr.yml	pull_request	ci-optimize-upload-artifacts	2026-07-08T18:46:39Z	failure	2	f9caf1702e	
28967709219	pr.yml	pull_request	join-kas-artifact	2026-07-08T18:52:39Z	failure	1	df63f1c510	
28968440455	push.yml	push	wrynose	2026-07-08T19:04:30Z	failure	1	b67b610920	
28969406172	pr.yml	pull_request	ci-optimize-world-builds	2026-07-08T19:20:43Z	success	3	bf4b626d19	
28969589411	pr.yml	pull_request	join-kas-artifact	2026-07-08T19:23:50Z	failure	1	718327a619	
28970760225	pr.yml	pull_request	join-kas-artifact	2026-07-08T19:43:34Z	failure	1	b23488eff6	
28972073378	push.yml	push	next	2026-07-08T20:05:32Z	success	4	c793f791c0	
28975472761	push.yml	push	wrynose	2026-07-08T21:02:02Z	failure	1	f32b209043	
28976732794	push.yml	push	wrynose	2026-07-08T21:23:46Z	failure	1	81e434884e	
28983454829	nightly-build-wrynose.yml	schedule	master	2026-07-08T23:43:17Z	success	1	b3f0f4c3cf	
28983460036	nightly-build.yml	workflow_dispatch	wrynose	2026-07-08T23:43:25Z	failure	1	81e434884e	
28986593154	nightly-build.yml	schedule	master	2026-07-09T01:01:43Z	failure	1	b3f0f4c3cf	
28994025865	pr.yml	pull_request	freedreno-modify-reg_size_vec4-for-a608/a612-to-32	2026-07-09T04:26:40Z	success	3	4589b93b92	
28997268566	pr.yml	pull_request	update-urm-ext-to-v0.3.9	2026-07-09T05:52:58Z	failure	1	2f7cb51fbc	
28997281191	pr.yml	pull_request	update-urm-to-v0.4.3	2026-07-09T05:53:16Z	success	2	0dee0876db	
28999149052	pr.yml	pull_request	tii/tfa-qtiseclib-qcs9100	2026-07-09T06:37:03Z	failure	2	5e8c4751f9	
29001809802	pr.yml	pull_request	ci/add-shikra-boottest	2026-07-09T07:31:39Z	success	2	2e44bc86a3	
29002585591	pr.yml	pull_request	ci/lava-pr-metadata	2026-07-09T07:46:35Z	failure	1	b26e0bd158	
29002823084	pr.yml	pull_request	ci/lava-qdl-deployment	2026-07-09T07:51:09Z	failure	1	825d3ac169	
29004775072	pr.yml	pull_request	qcm6490-idp-mdm	2026-07-09T08:27:07Z	success	1	709d428a0e	
29006495900	pr.yml	pull_request	add-protobuf-native-mlmetaparser	2026-07-09T08:57:19Z	failure	2	4ca2d27625	
29009193536	pr.yml	pull_request	minkipc-rel-1-2-9	2026-07-09T09:43:41Z	success	2	3723643831	
29009521821	pr.yml	pull_request	purwa_overlay	2026-07-09T09:49:27Z	failure	1	39ae9801ac	
29011904134	pr.yml	pull_request	sstatesig-do_image_complete	2026-07-09T10:31:51Z	failure	1	d192f23472	
29013380872	pr.yml	pull_request	libqcomtee-rel-1-0-2	2026-07-09T10:59:20Z	success	2	1a1f51cf3b	
29013866803	pr.yml	pull_request	camx-dlkm	2026-07-09T11:08:10Z	failure	1	f5b437b43a	
29015241830	pr.yml	pull_request	qcom-next-update	2026-07-09T11:33:35Z	failure	2	d0d2958b32	
29018454598	pr.yml	pull_request	qcs615-talos-evk-wrynose	2026-07-09T12:32:01Z	failure	1	610b67be3a	
29033995774	pr.yml	pull_request	sstatesig-do_image_complete	2026-07-09T16:36:01Z	cancelled	1	cce76a5c99	
29034158246	pr.yml	pull_request	sstatesig-do_image_complete	2026-07-09T16:38:45Z	cancelled	1	28d1e4849e	
29035099295	pr.yml	pull_request	kgsl	2026-07-09T16:54:10Z	failure	1	24b1fbca48	
29035368549	pr.yml	pull_request	sstatesig-do_image_complete	2026-07-09T16:58:31Z	cancelled	1	4f72cbded6	
29038013596	pr.yml	pull_request	ptool_rev	2026-07-09T17:42:47Z	success	1	2684451c1b	
29039387093	pr.yml	pull_request	sstatesig-do_image_complete	2026-07-09T18:05:20Z	cancelled	1	f8dfec3740	
29044239893	pr.yml	pull_request	sstatesig-do_image_complete	2026-07-09T19:25:03Z	cancelled	1	45db06fc6c	
29044320382	pr.yml	pull_request	sstatesig-do_image_complete	2026-07-09T19:26:20Z	cancelled	1	10b22911ef	
29044363620	pr.yml	pull_request	sstatesig-do_image_complete	2026-07-09T19:27:03Z	cancelled	1	bd094284fe	
29044388305	pr.yml	pull_request	sstatesig-do_image_complete	2026-07-09T19:27:27Z	success	1	a07fc8719f	
29058303703	nightly-build-wrynose.yml	schedule	master	2026-07-09T23:47:39Z	success	1	b3f0f4c3cf	
29058306923	nightly-build.yml	workflow_dispatch	wrynose	2026-07-09T23:47:44Z	success	1	81e434884e	
29061340310	nightly-build.yml	schedule	master	2026-07-10T01:00:01Z	failure	1	b3f0f4c3cf	
29063947912	pr.yml	pull_request	purwa_overlay	2026-07-10T02:07:33Z	cancelled	1	8d6372903b	
29065804513	pr.yml	pull_request	purwa_overlay	2026-07-10T02:58:19Z	success	1	d9f8e5b4df	
29071614551	pr.yml	pull_request	revert-1904-revert	2026-07-10T05:32:54Z	success	1	faa6a59f1c	
29071623175	pr.yml	pull_request	libqcomtee-rel-1-0-2	2026-07-10T05:33:07Z	success	2	56bae74257	
29078960996	push.yml	push	next	2026-07-10T08:10:50Z	success	5	e5d6282bdf	
29079207370	pr.yml	pull_request	sstatesig-do_image_complete	2026-07-10T08:15:27Z	success	1	d014c4f7d2	
29079406994	pr.yml	pull_request	boot-opts	2026-07-10T08:19:24Z	failure	1	9d6dc748a9	
29079512482	pr.yml	pull_request	master	2026-07-10T08:21:25Z	success	1	3f7c63efe4	
29085039970	pr.yml	pull_request	tii/tfa-qtiseclib-qcs9100	2026-07-10T10:02:32Z	failure	2	8591cb1a42	
29103162196	pr.yml	pull_request	join-kas-artifact	2026-07-10T15:18:27Z	cancelled	1	be8bc86de2	
29104083929	pr.yml	pull_request	fix-dspso	2026-07-10T15:33:01Z	success	1	a3d7835105	
29104668618	pr.yml	pull_request	join-kas-artifact	2026-07-10T15:42:23Z	failure	1	2574428365	
29106746961	pr.yml	pull_request	join-kas-artifact	2026-07-10T16:15:48Z	failure	1	e94d2000f1	
29106917528	pr.yml	pull_request	rb3-fit-overlay	2026-07-10T16:18:39Z	failure	2	29739fb921	
29107942707	pr.yml	pull_request	join-kas-artifact	2026-07-10T16:35:49Z	failure	1	14257a2090	
29108324921	pr.yml	pull_request	join-kas-artifact	2026-07-10T16:42:10Z	failure	1	b74a37246e	
29108512877	pr.yml	pull_request	Dev_04_06_2026	2026-07-10T16:45:10Z	failure	1	f755be9655	
29108942545	pr.yml	pull_request	join-kas-artifact	2026-07-10T16:52:17Z	failure	1	06b1ab2921	
29110346455	pr.yml	pull_request	join-kas-artifact	2026-07-10T17:15:42Z	cancelled	1	fadc0eb906	
29111082994	pr.yml	pull_request	join-kas-artifact	2026-07-10T17:28:17Z	cancelled	1	b631bac1fa	
29111239392	pr.yml	pull_request	qcom-6.18-update-master	2026-07-10T17:30:55Z	success	1	4ba57964d5	
29112835734	pr.yml	pull_request	join-kas-artifact	2026-07-10T17:57:45Z	cancelled	1	fc9887f45e	
29113715618	pr.yml	pull_request	join-kas-artifact	2026-07-10T18:12:31Z	cancelled	1	c980c4af19	
29114924606	pr.yml	pull_request	join-kas-artifact	2026-07-10T18:32:43Z	success	1	b8d4f957e3	
29117071876	pr.yml	pull_request	cleanup-sstate-cache	2026-07-10T19:10:08Z	failure	1	3fe5c01150	
29130893567	nightly-build-wrynose.yml	schedule	master	2026-07-10T23:40:26Z	success	1	b3f0f4c3cf	
29130896748	nightly-build.yml	workflow_dispatch	wrynose	2026-07-10T23:40:31Z	success	1	81e434884e	
29133573085	nightly-build.yml	schedule	master	2026-07-11T00:53:34Z	success	1	b3f0f4c3cf	
29149869506	pr.yml	pull_request	cleanup-sstate-cache	2026-07-11T10:45:49Z	cancelled	1	8717b29f3e	
29150133285	pr.yml	pull_request	cleanup-sstate-cache	2026-07-11T10:55:48Z	failure	1	543451b00f	
29151933514	pr.yml	pull_request	cleanup-sstate-cache	2026-07-11T12:01:05Z	failure	1	9513755ff9	
29152442571	pr.yml	pull_request	cleanup-sstate-cache	2026-07-11T12:19:49Z	cancelled	1	adacf27a61	
29152461639	pr.yml	pull_request	cleanup-sstate-cache	2026-07-11T12:20:28Z	failure	1	192bbc5107	
29153580405	push.yml	push	master	2026-07-11T13:00:17Z	failure	1	1d611bf06b	
29155206832	push.yml	push	wrynose	2026-07-11T13:56:25Z	failure	1	f831610ac8	
29161619531	push.yml	push	master	2026-07-11T17:26:42Z	failure	1	d2dda53767	
29161642791	pr.yml	pull_request	backport/2710-to-wrynose	2026-07-11T17:27:26Z	success	1	19bee13ded	
29172438202	nightly-build-wrynose.yml	schedule	master	2026-07-11T23:38:13Z	success	1	d2dda53767	
29172440534	nightly-build.yml	workflow_dispatch	wrynose	2026-07-11T23:38:19Z	failure	1	f831610ac8	
29174562861	nightly-build.yml	schedule	master	2026-07-12T00:59:02Z	failure	1	d2dda53767	
29213741909	nightly-build-wrynose.yml	schedule	master	2026-07-12T23:37:43Z	success	1	d2dda53767	
29213744218	nightly-build.yml	workflow_dispatch	wrynose	2026-07-12T23:37:48Z	success	1	f831610ac8	
29216417937	nightly-build.yml	schedule	master	2026-07-13T00:58:10Z	success	1	d2dda53767	
29217435594	push.yml	push	master	2026-07-13T01:27:06Z	failure	1	71c05c2eb4	
29217441972	pr.yml	pull_request	backport/2561-to-wrynose	2026-07-13T01:27:19Z	success	1	03801ccc24	
29218803376	pr.yml	pull_request	purwa_overlay	2026-07-13T02:06:26Z	success	1	c949f4de9c	
29225203767	pr.yml	pull_request	camx-dlkm	2026-07-13T04:59:07Z	success	1	3f8650b718	
29226460909	pr.yml	pull_request	kgsl	2026-07-13T05:30:05Z	success	2	79b2fd5bfa	
29231413690	pr.yml	pull_request	afaisal/glymur-shikra-tpm	2026-07-13T07:14:17Z	success	1	a1b39f1d7b	
29237065569	pr.yml	pull_request	weiden/wrynose-oe-core-bump	2026-07-13T08:54:03Z	success	1	ec4ac397da	
29238770840	pr.yml	pull_request	hamoa-enable-FIT	2026-07-13T09:21:18Z	success	1	dd83dd5565	
29240353999	pr.yml	pull_request	purwa_overlay	2026-07-13T09:46:26Z	success	1	d58d047724	
29242767249	pr.yml	pull_request	fastrpc	2026-07-13T10:26:39Z	success	1	26dcd6ecbc	
29242797921	pr.yml	pull_request	libqcomtee-rel-1-0-2	2026-07-13T10:27:11Z	success	2	e6c2975506	
29242973911	pr.yml	pull_request	join-kas-artifact	2026-07-13T10:30:17Z	success	1	8f4dcd89a6	
29243605380	pr.yml	pull_request	kvm	2026-07-13T10:41:05Z	success	1	769a8ef019	
29243804878	pr.yml	pull_request	ptest	2026-07-13T10:44:31Z	success	1	2459b608a9	
29243937426	pr.yml	pull_request	afaisal/glymur-shikra-tpm	2026-07-13T10:46:47Z	cancelled	1	a493004c3c	
29244202945	pr.yml	pull_request	afaisal/glymur-shikra-tpm	2026-07-13T10:51:30Z	cancelled	1	a7555ca610	
29244490916	pr.yml	pull_request	afaisal/glymur-shikra-tpm	2026-07-13T10:56:26Z	cancelled	1	0b0fa061c7	
29245413743	pr.yml	pull_request	master	2026-07-13T11:11:51Z	success	1	cef3e3ccd4	
29245493066	pr.yml	pull_request	shikra-cdt	2026-07-13T11:13:10Z	failure	1	315d41fe58	
29245883474	pr.yml	pull_request	afaisal/glymur-shikra-tpm	2026-07-13T11:20:06Z	success	1	43a03bc982	
29249201926	pr.yml	pull_request	weiden/wrynose-oe-core-bump	2026-07-13T12:15:47Z	success	1	4b15cb2e38	
29252614848	pr.yml	pull_request	qcom-next-update	2026-07-13T13:08:54Z	success	1	e203ac46db	
29254584507	pr.yml	pull_request	master	2026-07-13T13:38:57Z	success	1	4529ed6c29	
29268426643	pr.yml	pull_request	systemd	2026-07-13T16:56:05Z	success	1	4417473db1	
29277745189	push.yml	push	master	2026-07-13T19:15:14Z	failure	2	cfe887cecb	
29277834105	pr.yml	pull_request	wrynose-backport-2704	2026-07-13T19:16:35Z	success	1	0ea3620bb6	
29278482108	push.yml	push	wrynose	2026-07-13T19:26:48Z	failure	1	c4ce1460d0	
29293624270	nightly-build-wrynose.yml	schedule	master	2026-07-13T23:38:14Z	success	1	cfe887cecb	
29293628078	nightly-build.yml	workflow_dispatch	wrynose	2026-07-13T23:38:18Z	failure	1	c4ce1460d0	
29296495176	pr.yml	pull_request	ci-optimize-upload-artifacts	2026-07-14T00:39:05Z	success	1	4c187c0782	
29297038491	nightly-build.yml	schedule	master	2026-07-14T00:51:12Z	failure	1	cfe887cecb	
29297848410	push.yml	push	wrynose	2026-07-14T01:09:34Z	failure	1	fcf3780973	
29298677901	push.yml	push	master	2026-07-14T01:29:36Z	failure	1	89717b5315	
29299798367	pr.yml	pull_request	master	2026-07-14T01:55:56Z	success	1	6e97a146ae	
29300523029	pr.yml	pull_request	fix-test-reporting-reruns	2026-07-14T02:13:11Z	success	1	7cc8da8c98	
29301462394	pr.yml	pull_request	camx-dlkm	2026-07-14T02:35:56Z	success	1	fe28c34087	
29302803101	pr.yml	pull_request	ci/add-shikra-boottest	2026-07-14T03:08:51Z	success	1	6e5a9d338c	
29303027609	push.yml	push	master	2026-07-14T03:14:08Z	failure	1	a0f09c2393	
29303036125	pr.yml	pull_request	backport/2724-to-wrynose	2026-07-14T03:14:22Z	success	1	d89eeff7b2	
29304523253	push.yml	push	master	2026-07-14T03:51:41Z	failure	1	30f84991ce	
29304591984	push.yml	push	master	2026-07-14T03:53:22Z	failure	1	82acc8daa1	
29305494935	push.yml	push	master	2026-07-14T04:14:37Z	failure	1	37c795a21d	
29305502213	pr.yml	pull_request	backport/2693-to-wrynose	2026-07-14T04:14:48Z	success	1	fa29454cf9	
29307295532	pr.yml	pull_request	tii/tfa-qtiseclib-qcs9100	2026-07-14T04:58:29Z	cancelled	3	08f36e2190	
29307867673	pr.yml	pull_request	work_pla_loc_api	2026-07-14T05:11:15Z	failure	1	4d61910703	
29308717446	pr.yml	pull_request	freedreno-modify-reg_size_vec4-for-a608/a612-to-32	2026-07-14T05:30:42Z	success	2	65aebbb051	
29309544928	pr.yml	pull_request	revert-1904-revert	2026-07-14T05:49:22Z	success	1	c1122bcd38	
29314499372	pr.yml	pull_request	shikra-cdt	2026-07-14T07:25:18Z	success	1	36c75ac2c2	
29314645544	pr.yml	pull_request	ci/lava-pr-metadata	2026-07-14T07:27:58Z	success	1	902e76893c	
29316354991	pr.yml	pull_request	ptest	2026-07-14T07:58:09Z	failure	1	2f8e8a61bf	
29316872655	pr.yml	pull_request	ptest	2026-07-14T08:06:53Z	failure	1	ddd68bd03b	
29317720454	pr.yml	pull_request	ptest	2026-07-14T08:21:21Z	failure	1	0c691860a8	
29317924741	pr.yml	pull_request	ptest	2026-07-14T08:24:49Z	cancelled	1	6149d92cff	
29318060208	pr.yml	pull_request	qcom-6.18-update-master	2026-07-14T08:27:03Z	success	1	e72d6e7e84	
29320776049	pr.yml	pull_request	ptest	2026-07-14T09:11:09Z	cancelled	1	981e211b43	
29321957416	push.yml	push	next	2026-07-14T09:30:21Z	failure	2	a3617c07f8	
29322077221	pr.yml	pull_request	ptest	2026-07-14T09:32:14Z	success	1	85d39ae30d	
29327826998	pr.yml	pull_request	202607	2026-07-14T11:08:08Z	success	1	9a4214d7aa	
29336767529	pr.yml	pull_request	gi	2026-07-14T13:30:33Z	failure	1	15e532b65a	
29337516384	pr.yml	pull_request	fastrpc	2026-07-14T13:41:03Z	cancelled	1	e03d4eb5f4	
29337568860	pr.yml	pull_request	fastrpc	2026-07-14T13:41:48Z	success	1	f2c410cc63	
29349441294	push.yml	push	master	2026-07-14T16:23:31Z	failure	1	6ac5aca337	
29376680592	nightly-build-wrynose.yml	schedule	master	2026-07-14T23:37:30Z	success	1	6ac5aca337	
29376684246	nightly-build.yml	workflow_dispatch	wrynose	2026-07-14T23:37:35Z	failure	1	fcf3780973	
29379290850	push.yml	push	master	2026-07-15T00:31:46Z	cancelled	1	4a3d492785	
29379298630	pr.yml	pull_request	backport/2701-to-wrynose	2026-07-15T00:31:58Z	success	2	ca775f5cd7	
29380075890	nightly-build.yml	schedule	master	2026-07-15T00:49:26Z	cancelled	1	4a3d492785	
29380525649	push.yml	push	master	2026-07-15T01:00:00Z	cancelled	1	0e2d9a0b5b	
29381256329	push.yml	push	master	2026-07-15T01:17:15Z	cancelled	1	556aef6ae9	
29382702829	push.yml	push	master	2026-07-15T01:52:33Z	cancelled	1	d4422643c8	
29382931627	push.yml	push	wrynose	2026-07-15T01:58:13Z	failure	1	41183a17be	
29383858884	push.yml	push	wrynose	2026-07-15T02:20:41Z	failure	1	8b76dbbd3f	
29384301884	push.yml	push	wrynose	2026-07-15T02:31:40Z	failure	1	d80a543f7b	
29384675045	pr.yml	pull_request	m2-cologne	2026-07-15T02:40:52Z	success	2	f93a03529d	
29385030557	push.yml	push	master	2026-07-15T02:49:43Z	cancelled	1	f4c3bb2424	
29385416123	push.yml	push	master	2026-07-15T02:59:26Z	failure	1	1bdc1d50a8	
29385635030	pr.yml	pull_request	backport-2624-to-wrynose	2026-07-15T03:04:33Z	success	1	e61529d437	
29386276364	push.yml	push	wrynose	2026-07-15T03:20:12Z	failure	1	8f241b8b5e	
29386596335	pr.yml	pull_request	tii/tfa-qtiseclib-qcs9100	2026-07-15T03:28:09Z	success	2	e2295a247a	
29391737819	pr.yml	pull_request	qcom-6.18-update-master	2026-07-15T05:33:04Z	success	1	44d6ecf973	
29392421215	pr.yml	pull_request	camx_downstream	2026-07-15T05:48:36Z	failure	1	2370ab7516	
29393558605	pr.yml	pull_request	m2-cologne	2026-07-15T06:13:02Z	success	2	e7bc17a8ff	
29400440624	push.yml	push	master	2026-07-15T08:20:29Z	failure	1	b44056a529	
29401106431	push.yml	push	next	2026-07-15T08:31:42Z	cancelled	1	e341d1e2e8	
29401186782	push.yml	push	next	2026-07-15T08:33:01Z	failure	3	e333596763	
29404423341	pr.yml	pull_request	hamoa-kvm-fit-dtb	2026-07-15T09:25:10Z	success	1	360b267c6a	
29404632313	pr.yml	pull_request	work_pla_loc_api	2026-07-15T09:28:34Z	success	1	92b15f414d	
29405230196	pr.yml	pull_request	ci/add-shikra-boottest	2026-07-15T09:38:13Z	success	1	494e607eed	
29405555912	pr.yml	pull_request	join-kas-artifact	2026-07-15T09:43:26Z	success	1	1750d8aa89	
29408559833	pr.yml	pull_request	fix/pkcs11-compound_variable_fix	2026-07-15T10:33:46Z	success	1	14b6a01e43	
29409463550	pr.yml	pull_request	selinux-qrtr-modload-net-admin	2026-07-15T10:49:29Z	success	1	2e1699d837	
29410253939	pr.yml	pull_request	reg_size_vec4_a612_1608_wrynose	2026-07-15T11:02:50Z	success	2	b20e40bdc1	
29415530792	pr.yml	pull_request	master	2026-07-15T12:31:23Z	success	1	d9752bc4ee	
29416431842	pr.yml	pull_request	revert-1904-revert	2026-07-15T12:45:14Z	success	1	648a747c48	
29416750395	pr.yml	pull_request	qcs615-talos-evk-wrynose	2026-07-15T12:50:10Z	failure	1	610b67be3a	
29417343716	pr.yml	pull_request	qcs615-lyra-evk-wrynose	2026-07-15T12:59:14Z	failure	1	2e9fb02cbe	
29422811900	push.yml	push	master	2026-07-15T14:16:20Z	failure	1	cf1ada4fa7	
29422832132	pr.yml	pull_request	backport/2728-to-wrynose	2026-07-15T14:16:37Z	success	1	20780b6b8f	
29423844436	pr.yml	pull_request	hamoa-kvm-fit-dtb	2026-07-15T14:30:24Z	success	1	155aa0fa85	
29426187703	pr.yml	pull_request	systemd	2026-07-15T15:00:56Z	cancelled	1	84def53863	
29427215832	push.yml	push	wrynose	2026-07-15T15:14:36Z	cancelled	1	b00089b774	
29427649482	pr.yml	pull_request	systemd	2026-07-15T15:20:31Z	success	1	d69cf39ea2	
29428485810	pr.yml	pull_request	camx_downstream	2026-07-15T15:31:50Z	success	1	37263f2eaf	
29431070466	push.yml	push	master	2026-07-15T16:07:09Z	failure	1	e6b6390c34	
29431091533	pr.yml	pull_request	backport/2713-to-wrynose	2026-07-15T16:07:27Z	success	1	d80953adc0	
29432120704	push.yml	push	wrynose	2026-07-15T16:22:19Z	failure	1	b67491486d	
29440046278	pr.yml	pull_request	202607	2026-07-15T18:19:02Z	success	1	34119177ac	
29459282137	nightly-build-wrynose.yml	schedule	master	2026-07-15T23:41:19Z	success	1	e6b6390c34	
29459285928	nightly-build.yml	workflow_dispatch	wrynose	2026-07-15T23:41:24Z	failure	1	b67491486d	
29462649041	nightly-build.yml	schedule	master	2026-07-16T00:52:46Z	failure	1	e6b6390c34	
29466815932	pr.yml	pull_request	bump-base-lock-20260716	2026-07-16T02:32:09Z	success	2	8a6d9e33f4	
29466910495	pr.yml	pull_request	wrynose	2026-07-16T02:34:30Z	cancelled	1	5f824dbad8	
29467642736	push.yml	push	wrynose	2026-07-16T02:53:09Z	failure	1	bfdbc192c8	
29467690341	pr.yml	pull_request	bump-base-lock-master-20260716	2026-07-16T02:54:22Z	failure	1	cac6efc93d	
29467828502	pr.yml	pull_request	purwa-vfat-sector-4096	2026-07-16T02:57:56Z	success	1	92c9ce4650	
29468173210	push.yml	push	wrynose	2026-07-16T03:06:13Z	failure	1	d2571d68a1	
29468368702	push.yml	push	wrynose	2026-07-16T03:11:06Z	failure	1	dcd449c783	
29468677917	pr.yml	pull_request	wrynose	2026-07-16T03:18:46Z	success	1	fd624d91c6	
29472823129	pr.yml	pull_request	add-xdp-support	2026-07-16T05:02:00Z	failure	2	e48752ca83	
29474029181	push.yml	push	wrynose	2026-07-16T05:29:40Z	failure	1	c9daa6a733	
29474552843	pr.yml	pull_request	master	2026-07-16T05:41:18Z	success	1	655e6047ec	
29477114968	pr.yml	pull_request	qcs615-lyra-evk-wrynose	2026-07-16T06:34:30Z	cancelled	1	1fa95207cc	
29477511908	pr.yml	pull_request	qcs615-lyra-evk-wrynose	2026-07-16T06:42:23Z	failure	1	3421e3eea2	
29483163885	pr.yml	pull_request	compile-drop-action	2026-07-16T08:21:18Z	cancelled	1	01dc2ec4c7	
29485359103	pr.yml	pull_request	fix/pkcs11-compound_variable_fix	2026-07-16T08:57:43Z	cancelled	1	a64f430778	
29485474288	pr.yml	pull_request	qcom-sensors-binaries	2026-07-16T08:59:39Z	cancelled	1	14cd491fbd	
29486107985	pr.yml	pull_request	ort-qnn	2026-07-16T09:09:44Z	cancelled	1	309d1aaf53	
29487780640	pr.yml	pull_request	fix/pkcs11-compound_variable_fix	2026-07-16T09:36:47Z	success	1	75f4e2073f	
29487827336	pr.yml	pull_request	ort-qnn	2026-07-16T09:37:36Z	failure	1	496359aba7	
29489182691	pr.yml	pull_request	qcom-sensors-binaries	2026-07-16T09:59:26Z	success	1	9cf9b7ce89	
29492627543	pr.yml	pull_request	qcs615-lyra-evk-wrynose	2026-07-16T10:56:46Z	failure	1	35e4f32452	
29493822833	pr.yml	pull_request	qcs615-lyra-evk-wrynose	2026-07-16T11:16:23Z	cancelled	1	fecce4f063	
29495676455	pr.yml	pull_request	qcs615-lyra-evk-wrynose	2026-07-16T11:46:59Z	failure	1	3421e3eea2	
29510651362	pr.yml	pull_request	Dev_04_06_2026	2026-07-16T15:19:53Z	failure	1	d7a695e566	
29516802706	push.yml	push	master	2026-07-16T16:43:51Z	failure	1	57ece1d563	
29516820467	pr.yml	pull_request	backport/2734-to-wrynose	2026-07-16T16:44:06Z	success	1	527f2686d4	
29527538035	pr.yml	pull_request	fix-stale-workflow-incomplete	2026-07-16T19:19:25Z	success	1	0e6bcd81a8	
29542704030	nightly-build-wrynose.yml	schedule	master	2026-07-16T23:40:39Z	success	1	57ece1d563	
29542707721	nightly-build.yml	workflow_dispatch	wrynose	2026-07-16T23:40:46Z	failure	1	c9daa6a733	
29546094345	nightly-build.yml	schedule	master	2026-07-17T00:55:38Z	failure	1	57ece1d563	
29546654988	push.yml	push	wrynose	2026-07-17T01:08:10Z	failure	1	541b41e740	
29549806119	push.yml	push	wrynose	2026-07-17T02:23:31Z	failure	1	9b55c65de6	
29551335904	push.yml	push	master	2026-07-17T03:00:53Z	failure	1	2be91deebd	
29551753590	pr.yml	pull_request	bump-base-lock-master-20260716	2026-07-17T03:10:43Z	cancelled	1	4ee0041fb8	
29551989949	pr.yml	pull_request	bump-base-lock-master-20260716	2026-07-17T03:16:23Z	failure	1	e4de3c3ec8	
29569132084	pr.yml	pull_request	gi	2026-07-17T09:12:27Z	failure	1	9e74899cdf	
29569832268	push.yml	push	wrynose	2026-07-17T09:24:09Z	failure	1	bd7aca5dcd	
29572261082	pr.yml	pull_request	m2-cologne	2026-07-17T10:05:15Z	success	2	35c392d0be	
29572266387	pr.yml	pull_request	purwa-vfat-sector-4096	2026-07-17T10:05:21Z	success	1	216e789388	
29572939284	pr.yml	pull_request	reg_size_vec4_a612_1608_wrynose	2026-07-17T10:16:58Z	success	3	3ab4318d53	
29575790165	pr.yml	pull_request	qcom-sensors-binaries	2026-07-17T11:07:24Z	cancelled	1	d0557167f4	
29575946467	pr.yml	pull_request	qcom-sensors-binaries	2026-07-17T11:10:14Z	cancelled	1	bdf8e69285	
29576537514	pr.yml	pull_request	qcom-sensors-binaries	2026-07-17T11:20:54Z	failure	1	bd810f81b8	
29579593870	pr.yml	pull_request	Dev_04_06_2026	2026-07-17T12:15:19Z	cancelled	1	b8442bcd33	
29583558015	pr.yml	pull_request	Dev_04_06_2026	2026-07-17T13:20:10Z	cancelled	1	76d10f821a	
29583810473	pr.yml	pull_request	Dev_04_06_2026	2026-07-17T13:24:05Z	failure	1	4e609a95ab	
29586786872	pr.yml	pull_request	gi	2026-07-17T14:09:01Z	cancelled	1	c7fe248502	
29587603158	pr.yml	pull_request	gi	2026-07-17T14:20:46Z	cancelled	1	a4c2a1771d	
29591554394	pr.yml	pull_request	gi	2026-07-17T15:18:17Z	failure	1	88b6990176	
29591749888	pr.yml	pull_request	qcom-sensors-binaries	2026-07-17T15:21:11Z	failure	1	ef4a2e23e2	
29591887355	pr.yml	pull_request	bump-base-lock-master-20260716	2026-07-17T15:23:11Z	success	3	54b9c23474	
29593284316	pr.yml	pull_request	purwa-vfat-sector-4096	2026-07-17T15:43:26Z	success	1	dd855846a7	
29595927389	pr.yml	pull_request	ptest	2026-07-17T16:22:50Z	success	1	7bea805a90	
29598143251	pr.yml	pull_request	abseil-cpp-camx	2026-07-17T16:56:50Z	failure	1	dd65c9b65c	
29599441439	pr.yml	pull_request	join-kas-artifact	2026-07-17T17:17:03Z	success	1	b1cbe3d0c4	
29621167504	nightly-build-wrynose.yml	schedule	master	2026-07-17T23:37:33Z	success	1	2be91deebd	
29621170766	nightly-build.yml	workflow_dispatch	wrynose	2026-07-17T23:37:38Z	failure	1	bd7aca5dcd	
29623924151	pr.yml	pull_request	fix-stale-workflow-incomplete	2026-07-18T00:49:07Z	success	1	05ca26fabd	
29624005631	nightly-build.yml	schedule	master	2026-07-18T00:51:22Z	failure	1	2be91deebd	
29665547783	nightly-build-wrynose.yml	schedule	master	2026-07-18T23:37:24Z	success	1	2be91deebd	
29665549825	nightly-build.yml	workflow_dispatch	wrynose	2026-07-18T23:37:29Z	success	1	bd7aca5dcd	
29667801369	nightly-build.yml	schedule	master	2026-07-19T00:57:16Z	success	1	2be91deebd	
29683245709	pr.yml	pull_request	revert-1904-revert	2026-07-19T10:23:05Z	cancelled	1	060f0126d0	
29683294488	pr.yml	pull_request	revert-1904-revert	2026-07-19T10:24:46Z	failure	1	2233e298a8	
29708306394	nightly-build-wrynose.yml	schedule	master	2026-07-19T23:40:45Z	success	1	2be91deebd	
29708308955	nightly-build.yml	workflow_dispatch	wrynose	2026-07-19T23:40:50Z	success	1	bd7aca5dcd	
29710224931	nightly-build.yml	schedule	master	2026-07-20T00:58:01Z	success	1	2be91deebd	
29715282892	pr.yml	pull_request	qcom-6.18-update-master	2026-07-20T03:43:49Z	success	1	fd863f6fd5	
29721295048	pr.yml	pull_request	add-xdp-support	2026-07-20T06:18:29Z	failure	2	18c61adfe2	
29722405746	pr.yml	pull_request	pr-push-demo	2026-07-20T06:41:49Z	success	1	5ff8402438	
29722610224	pr.yml	pull_request	kaanapali-bootbin-cleanup	2026-07-20T06:46:16Z	success	1	3c9ace012f	
29723044910	pr.yml	pull_request	fix/pkcs11-compound_variable_fix	2026-07-20T06:55:45Z	success	1	f98f93495e	
29726770095	pr.yml	pull_request	master	2026-07-20T08:06:54Z	success	1	109ed3b1ee	
29728684161	pr.yml	pull_request	camx_downstream	2026-07-20T08:40:47Z	success	1	b8cafa4b5c	
29751464900	push.yml	push	master	2026-07-20T14:37:27Z	failure	1	746015a2bd	
29751489125	pr.yml	pull_request	backport/2596-to-wrynose	2026-07-20T14:37:47Z	success	1	b084e578ff	
29752008600	pr.yml	pull_request	tii/tfa-qtiseclib-qcs9100	2026-07-20T14:44:47Z	success	2	11ca93415a	
29753779861	push.yml	push	master	2026-07-20T15:07:57Z	failure	1	3c8e2f2d7d	
29753780047	push.yml	push	wrynose	2026-07-20T15:07:57Z	failure	1	d4fd72370e	
29753811664	pr.yml	pull_request	backport/2760-to-wrynose	2026-07-20T15:08:23Z	success	1	fed7c06bc4	
29763156308	pr.yml	pull_request	shikra	2026-07-20T17:18:21Z	success	1	989a2d6fe3	
29774146275	push.yml	push	wrynose	2026-07-20T19:58:09Z	failure	1	85c145ab8c	
29781200294	push.yml	push	master	2026-07-20T21:42:13Z	failure	1	20e21ed6e6	
29781212326	pr.yml	pull_request	backport/2696-to-wrynose	2026-07-20T21:42:24Z	success	1	2405d3eb15	
29787978824	nightly-build-wrynose.yml	schedule	master	2026-07-20T23:41:06Z	success	1	20e21ed6e6	
29787982899	nightly-build.yml	workflow_dispatch	wrynose	2026-07-20T23:41:11Z	failure	1	85c145ab8c	
29791670999	nightly-build.yml	schedule	master	2026-07-21T00:54:58Z	failure	1	20e21ed6e6	
29801062523	pr.yml	pull_request	gi	2026-07-21T04:22:16Z	success	1	b5e6fdab1d	
29818260256	pr.yml	pull_request	Dev_04_06_2026	2026-07-21T09:26:05Z	failure	1	4e609a95ab	
29822308607	pr.yml	pull_request	master	2026-07-21T10:27:47Z	success	1	66903c50ad	
29822714650	pr.yml	pull_request	master	2026-07-21T10:34:03Z	success	1	8dc916d055	
29826360463	push.yml	push	master	2026-07-21T11:30:17Z	failure	1	7e8d7b5627	
29827139548	pr.yml	pull_request	drop-mesa-patch	2026-07-21T11:42:10Z	success	2	4903f05299	
29836991152	pr.yml	pull_request	ci/add-pakala-premerge	2026-07-21T13:59:29Z	success	1	63029166ba	
29837659467	pr.yml	pull_request	backport/2715-to-wrynose	2026-07-21T14:07:53Z	success	1	fe4ace2895	
29849842573	pr.yml	pull_request	ci/add-pakala-premerge	2026-07-21T16:43:06Z	success	1	0efbcdb29f	
29869776620	push.yml	push	wrynose	2026-07-21T21:23:40Z	failure	1	fc78d04010	
29869811596	push.yml	push	wrynose	2026-07-21T21:24:11Z	failure	1	b51d5cbcb6	
29876214939	push.yml	push	next	2026-07-21T23:09:41Z	success	4	f3e20ae58a	
29877921208	nightly-build-wrynose.yml	schedule	master	2026-07-21T23:41:53Z	success	1	7e8d7b5627	
29877927471	nightly-build.yml	workflow_dispatch	wrynose	2026-07-21T23:42:00Z	failure	1	b51d5cbcb6	
29881564452	nightly-build.yml	schedule	master	2026-07-22T00:53:47Z	failure	1	7e8d7b5627	
29882450752	push.yml	push	master	2026-07-22T01:12:14Z	failure	1	88b70e1f1a	
29892373080	pr.yml	pull_request	master	2026-07-22T04:56:16Z	success	1	4c7bee5c0e	
29894142080	pr.yml	pull_request	kgsl	2026-07-22T05:33:59Z	success	1	6f27c28410	
29895080150	pr.yml	pull_request	add-xdp-support	2026-07-22T05:53:47Z	success	2	6726988187	
29895355688	pr.yml	pull_request	update_meta-audioreach	2026-07-22T05:59:31Z	success	2	2ec355667f	
29897058713	pr.yml	pull_request	master	2026-07-22T06:32:03Z	success	1	21396199ae	
29899311317	pr.yml	pull_request	qcom-next-update	2026-07-22T07:11:36Z	failure	1	4597cb9c03	
29905072870	pr.yml	pull_request	backport/2735-to-wrynose	2026-07-22T08:43:00Z	success	1	4dcef7f175	
29908396937	pr.yml	pull_request	hamoa_purwa_phone	2026-07-22T09:32:51Z	success	1	b0febfd349	
29916137054	pr.yml	pull_request	master	2026-07-22T11:33:15Z	success	2	9a3f84bbf9	
29939913310	push.yml	push	wrynose	2026-07-22T16:52:27Z	failure	1	3eddf5ff21	
29940144847	pr.yml	pull_request	hamoa_purwa_phone	2026-07-22T16:55:38Z	success	1	d418aab151	
29948891093	pr.yml	pull_request	shikra	2026-07-22T18:56:55Z	success	1	5d39464b39	
29953218240	push.yml	push	master	2026-07-22T19:58:47Z	failure	1	749c5364e4	
29955410549	push.yml	push	master	2026-07-22T20:30:30Z	failure	1	07e00c701f	
29966913665	nightly-build-wrynose.yml	schedule	master	2026-07-22T23:41:54Z	success	1	07e00c701f	
29966918314	nightly-build.yml	workflow_dispatch	wrynose	2026-07-22T23:42:01Z	failure	1	3eddf5ff21	
29970469775	nightly-build.yml	schedule	master	2026-07-23T00:56:32Z	failure	1	07e00c701f	
29971774095	push.yml	push	master	2026-07-23T01:25:50Z	cancelled	1	7df86f66a1	
29971785405	pr.yml	pull_request	backport/2771-to-wrynose	2026-07-23T01:26:06Z	success	2	ffbc8b58d0	
29973458218	push.yml	push	wrynose	2026-07-23T02:04:41Z	failure	1	7d094f510b	
29974796154	push.yml	push	master	2026-07-23T02:35:23Z	failure	1	f407b0ef6b	
29982664674	pr.yml	pull_request	agatti_firmware	2026-07-23T05:37:41Z	failure	1	16457affc3	
29982964297	pr.yml	pull_request	master	2026-07-23T05:44:17Z	cancelled	1	d82a0ff003	
29982964391	pr.yml	pull_request	master	2026-07-23T05:44:17Z	success	1	d82a0ff003	
29986312344	pr.yml	pull_request	master	2026-07-23T06:50:23Z	success	2	8372470e9e	
29994075961	pr.yml	pull_request	machine_essential	2026-07-23T09:08:54Z	success	1	04f28fc9b2	
29997843496	pr.yml	pull_request	master	2026-07-23T10:03:40Z	success	2	3baf6a0c87	
30006262275	pr.yml	pull_request	add-xdp-support	2026-07-23T12:15:23Z	success	3	7836044705	
30017214501	pr.yml	pull_request	qcom-6.18-update-master	2026-07-23T14:44:13Z	success	1	55c36e100c	
30030505436	pr.yml	pull_request	agatti_firmware	2026-07-23T17:41:47Z	success	1	4426db082b	
30030859208	push.yml	push	master	2026-07-23T17:46:41Z	failure	1	2eb6cef3b3	
30030874828	pr.yml	pull_request	backport/2234-to-wrynose	2026-07-23T17:46:55Z	success	1	b674e2968e	
30032807083	pr.yml	pull_request	camx_downstream	2026-07-23T18:13:48Z	success	1	9c91b860a5	
30039465625	pr.yml	pull_request	ci-test-pr-recreate-comment	2026-07-23T19:48:18Z	success	1	d36e8cb5e2	
30040804697	push.yml	push	master	2026-07-23T20:07:42Z	failure	1	770de798ee	
30040820276	pr.yml	pull_request	backport/2751-to-wrynose	2026-07-23T20:07:56Z	success	1	018bf4c3e4	
30050699656	push.yml	push	wrynose	2026-07-23T22:40:35Z	failure	1	0b23acc034	
30053933526	nightly-build-wrynose.yml	schedule	master	2026-07-23T23:40:53Z	success	1	770de798ee	
30053939393	nightly-build.yml	workflow_dispatch	wrynose	2026-07-23T23:41:00Z	success	1	0b23acc034	
30054395015	pr.yml	pull_request	fix-kaanapali-license-fetch	2026-07-23T23:50:15Z	success	1	98792905c4	
30057437500	nightly-build.yml	schedule	master	2026-07-24T00:52:58Z	failure	1	770de798ee	
30062177762	pr.yml	pull_request	master	2026-07-24T02:39:05Z	failure	1	44ef5d2c14	
30062828311	pr.yml	pull_request	1.0.22	2026-07-24T02:54:22Z	failure	1	01739de9ad	
30063753305	pr.yml	pull_request	master	2026-07-24T03:15:10Z	success	2	640104a90b	
30065843969	pr.yml	pull_request	unoq_contents	2026-07-24T04:04:43Z	success	2	58f5fba916	
30068284450	pr.yml	pull_request	agatti_firmware	2026-07-24T05:01:00Z	success	1	2b764ebe89	
30072762706	pr.yml	pull_request	machine_essential	2026-07-24T06:36:17Z	cancelled	1	fe3fd00137	
30073017685	pr.yml	pull_request	machine_essential	2026-07-24T06:41:23Z	success	1	d8aed6dbed	
30073817263	pr.yml	pull_request	1.0.22	2026-07-24T06:56:44Z	success	1	217a2814ee	
30084762580	pr.yml	pull_request	update-base-lock	2026-07-24T10:02:26Z	success	2	e4d3c59de1	
30085110171	pr.yml	pull_request	update-urm-ext-to-v0.3.9	2026-07-24T10:08:12Z	success	2	7385651872	
30085661583	push.yml	push	master	2026-07-24T10:17:43Z	failure	1	17b8adc6fd	
30085674457	pr.yml	pull_request	backport/2791-to-wrynose	2026-07-24T10:17:56Z	success	2	bfe5f41b4c	
30087867741	pr.yml	pull_request	1.0.22	2026-07-24T10:56:00Z	success	2	217a2814ee	
30089235503	push.yml	push	master	2026-07-24T11:20:41Z	failure	1	b18e3d1fdd	
30089249203	pr.yml	pull_request	backport/2739-to-wrynose	2026-07-24T11:20:55Z	success	2	a466c7e595	
30099623214	pr.yml	pull_request	work_pla_loc_api	2026-07-24T14:06:29Z	success	1	2ffa5dfd11	
30112442386	push.yml	push	wrynose	2026-07-24T17:17:53Z	failure	1	602ac9bb8d	
30126113564	push.yml	push	wrynose	2026-07-24T20:59:19Z	failure	1	475163210e	
30128003723	push.yml	push	master	2026-07-24T21:31:10Z	failure	1	a1978c6c3e	
30132289397	pr.yml	pull_request	ci-test-pr-recreate-comment	2026-07-24T22:53:52Z	success	1	cc28ff95c7	
30134491317	nightly-build-wrynose.yml	schedule	master	2026-07-24T23:42:36Z	success	1	a1978c6c3e	
30134495036	nightly-build.yml	workflow_dispatch	wrynose	2026-07-24T23:42:41Z	failure	1	475163210e	
30137414967	nightly-build.yml	schedule	master	2026-07-25T00:55:53Z	failure	1	a1978c6c3e	
30138183361	pr.yml	pull_request	license-from-tar	2026-07-25T01:17:20Z	success	1	624bdb63e4	
30140255158	pr.yml	pull_request	glymur-tpm-cmdline	2026-07-25T02:20:34Z	success	1	1413c50bfc	
30179876758	nightly-build-wrynose.yml	schedule	master	2026-07-25T23:42:15Z	success	1	a1978c6c3e	
30179879969	nightly-build.yml	workflow_dispatch	wrynose	2026-07-25T23:42:22Z	success	1	475163210e	
30182130785	nightly-build.yml	schedule	master	2026-07-26T00:59:59Z	success	1	a1978c6c3e	
30189034492	pr.yml	pull_request	backport/2791-to-wrynose	2026-07-26T05:13:27Z	success	1	b2c9a9a89f	
30207849140	pr.yml	pull_request	machine_essential	2026-07-26T15:16:32Z	success	1	725b28dcad	
30216920398	pr.yml	pull_request	smart-venc-license-update	2026-07-26T19:28:27Z	success	1	0fe3044319	
30225787582	nightly-build-wrynose.yml	schedule	master	2026-07-26T23:41:37Z	success	1	a1978c6c3e	
30225790410	nightly-build.yml	workflow_dispatch	wrynose	2026-07-26T23:41:42Z	success	1	475163210e	
30228470391	pr.yml	pull_request	1.0.22	2026-07-27T00:53:13Z	success	1	e902d6eb06	
30228752371	nightly-build.yml	schedule	master	2026-07-27T01:00:19Z	success	1	a1978c6c3e	
30230642471	pr.yml	pull_request	fix-licences	2026-07-27T01:47:56Z	failure	1	452402e314	
30231921695	pr.yml	pull_request	hamoa-purwa-el2-dtbo	2026-07-27T02:19:58Z	success	2	d7cd410f17	
30233606500	pr.yml	pull_request	seatd-selinux-fix	2026-07-27T03:02:49Z	success	1	2143c36d7d	
30239205445	push.yml	push	master	2026-07-27T05:14:40Z	failure	1	0a42959c01	
30239215387	pr.yml	pull_request	backport/2798-to-wrynose	2026-07-27T05:14:53Z	success	1	8066f871a4	
30242897984	pr.yml	pull_request	master	2026-07-27T06:29:13Z	failure	1	e44207b982	
30243123253	pr.yml	pull_request	wrynose	2026-07-27T06:33:23Z	failure	1	8e50c74e1e	
30248829091	pr.yml	pull_request	agatti_firmware	2026-07-27T08:09:57Z	cancelled	1	450dece994	
30249135392	pr.yml	pull_request	unoq_contents	2026-07-27T08:14:34Z	success	2	9669ddd8af	
30250583657	pr.yml	pull_request	agatti_firmware	2026-07-27T08:37:01Z	success	1	f1885bae3d	
30252222733	pr.yml	pull_request	enable-initramfs-firmware	2026-07-27T09:02:13Z	success	1	b7e8be454c	
30254461302	pr.yml	pull_request	smart-venc-license-update	2026-07-27T09:33:25Z	success	1	f8cd66db64	
30258812655	pr.yml	pull_request	uboot-tools	2026-07-27T10:37:51Z	success	1	00e996ff88	
30261882377	push.yml	push	master	2026-07-27T11:25:32Z	failure	1	fa22b85238	
30261895673	pr.yml	pull_request	backport/2773-to-wrynose	2026-07-27T11:25:45Z	success	1	a98a6a511e	
30277176478	pr.yml	pull_request	master	2026-07-27T14:52:16Z	success	1	4faeeacad1	
30277501159	pr.yml	pull_request	add-opencv-base-packageconfig	2026-07-27T14:56:06Z	failure	2	4a0b2c691e	
30278742917	pr.yml	pull_request	pcie-rp-d3-suspend-validation	2026-07-27T15:11:00Z	success	1	5575bf16ba	
30298085955	pr.yml	pull_request	fix-licences	2026-07-27T19:24:16Z	failure	1	c06cc7ead6	
30299410588	pr.yml	pull_request	monthly-efs-cleanup	2026-07-27T19:42:24Z	cancelled	1	a4e3791f37	
30315033850	nightly-build-wrynose.yml	schedule	master	2026-07-27T23:43:05Z	success	1	fa22b85238	
30315043342	nightly-build.yml	workflow_dispatch	wrynose	2026-07-27T23:43:16Z	success	1	475163210e	
30318598537	nightly-build.yml	schedule	master	2026-07-28T00:52:15Z	failure	1	fa22b85238	
30323782586	push.yml	push	master	2026-07-28T02:40:37Z	cancelled	1	7f9339cf78	
30323799195	pr.yml	pull_request	backport/2717-to-wrynose	2026-07-28T02:40:58Z	success	2	e2790fe812	
30324278296	pr.yml	pull_request	master	2026-07-28T02:51:05Z	success	3	f5866918b1	
30324305463	push.yml	push	wrynose	2026-07-28T02:51:42Z	cancelled	1	70de7db26b	
30325097595	pr.yml	pull_request	backport/2753-to-wrynose	2026-07-28T03:08:24Z	cancelled	1	8677c60939	
30325370780	push.yml	push	master	2026-07-28T03:14:14Z	cancelled	1	aa5fe5bff9	
30326271469	push.yml	push	master	2026-07-28T03:34:04Z	failure	1	77205c4755	
30326586105	push.yml	push	wrynose	2026-07-28T03:40:45Z	failure	1	8db5c94631	
30331924211	push.yml	push	wrynose	2026-07-28T05:32:20Z	failure	1	4427563ae3	
30333632942	push.yml	push	wrynose	2026-07-28T06:05:05Z	failure	1	0475bdc06d	
30334114982	pr.yml	pull_request	backport/2753-to-wrynose	2026-07-28T06:13:46Z	success	1	1fbc81925f	
30334568729	pr.yml	pull_request	shikra-bt-firmware	2026-07-28T06:22:05Z	success	2	ad094aae02	
30340155985	pr.yml	pull_request	feat/qdl-2.8-rc1	2026-07-28T07:53:36Z	success	1	e061210889	
30343895894	pr.yml	pull_request	monaco_uboot	2026-07-28T08:48:36Z	success	1	9ea0069730	
30344640678	pr.yml	pull_request	qcom-6.18-update-master	2026-07-28T08:59:12Z	success	1	6c2044db61	
30347876868	pr.yml	pull_request	master	2026-07-28T09:44:45Z	success	1	abc881be17	
30351015253	pr.yml	pull_request	gllnxES2	2026-07-28T10:30:25Z	success	2	5590c1dc63	
30351862972	pr.yml	pull_request	build-metadata-fixes	2026-07-28T10:43:01Z	success	1	a31f6e4ac8	
30365617737	push.yml	push	master	2026-07-28T13:53:11Z	failure	1	b56be1f215	
30366425133	pr.yml	pull_request	20260728_bc_135	2026-07-28T14:02:51Z	success	2	58466005b2	
30369628011	push.yml	push	master	2026-07-28T14:41:39Z	failure	1	f6c50e3032	
30375774654	pr.yml	pull_request	wrynose	2026-07-28T15:55:47Z	success	1	f059c0f03e	
30376463236	pr.yml	pull_request	adreno-qcom-only	2026-07-28T16:04:05Z	success	2	d298391f7b	
30408767787	nightly-build-wrynose.yml	schedule	master	2026-07-28T23:41:22Z	success	1	f6c50e3032	
30408778725	nightly-build.yml	workflow_dispatch	wrynose	2026-07-28T23:41:33Z	failure	1	0475bdc06d	
30410371535	push.yml	push	wrynose	2026-07-29T00:11:09Z	failure	1	85521f06d3	
30412508009	nightly-build.yml	schedule	master	2026-07-29T00:54:02Z	cancelled	1	f6c50e3032	
30412713447	push.yml	push	master	2026-07-29T00:58:22Z	failure	1	9e94c330f0	
30412761165	pr.yml	pull_request	backport/2805-to-wrynose	2026-07-29T00:59:22Z	success	1	fd0fb162cc	
30412836231	pr.yml	pull_request	add-opencv-base-packageconfig	2026-07-29T01:00:45Z	failure	1	b321e714f3	
30413057680	pr.yml	pull_request	add-opencv-base-packageconfig	2026-07-29T01:05:07Z	failure	1	fdacdf272a	
30414001843	pr.yml	pull_request	backport/2711-to-wrynose	2026-07-29T01:24:57Z	success	1	ec5f6cc9c4	
30416390020	pr.yml	pull_request	shikra-bt-firmware	2026-07-29T02:16:29Z	success	2	264b1d67b9	
30416406703	push.yml	push	master	2026-07-29T02:16:51Z	failure	1	ef54d6d41e	
30416415779	pr.yml	pull_request	backport/2787-to-wrynose	2026-07-29T02:17:03Z	success	1	d13ea62c9c	
30416416595	pr.yml	pull_request	master	2026-07-29T02:17:04Z	cancelled	1	90e952e85d	
30416473811	pr.yml	pull_request	master	2026-07-29T02:18:24Z	success	1	a57567129f	
30416927886	push.yml	push	master	2026-07-29T02:28:35Z	failure	1	d5ae1490a9	
30421571632	push.yml	push	master	2026-07-29T04:10:52Z	failure	1	646865c9c1	
30422161462	pr.yml	pull_request	backport/2826-to-wrynose	2026-07-29T04:23:52Z	success	1	6f9b6dca7a	
30422487468	pr.yml	pull_request	backport/2716-to-wrynose	2026-07-29T04:31:08Z	success	1	0ba22695cf	
30423094072	pr.yml	pull_request	master	2026-07-29T04:44:34Z	success	1	2872169919	
30428258479	pr.yml	pull_request	selinux_urm	2026-07-29T06:28:11Z	cancelled	1	3812d813d3	
30428682523	push.yml	push	master	2026-07-29T06:35:44Z	failure	1	72feb0e276	
30428700650	pr.yml	pull_request	backport/2812-to-wrynose	2026-07-29T06:36:04Z	success	1	2e0f5332be	
30429768174	pr.yml	pull_request	glymur-tpm-cmdline	2026-07-29T06:55:10Z	success	1	5293e70245	
30430147472	pr.yml	pull_request	msm_drm	2026-07-29T07:01:35Z	failure	1	58f64e7cbe	
30431513262	pr.yml	pull_request	msm_drm	2026-07-29T07:24:04Z	failure	1	ec81f71dd8	
30433075791	pr.yml	pull_request	selinux_urm	2026-07-29T07:49:20Z	failure	1	132a94d83f	
30437843539	pr.yml	pull_request	systemd-bbappends	2026-07-29T09:00:47Z	success	1	ca6a648209	
30439141289	pr.yml	pull_request	master	2026-07-29T09:19:09Z	cancelled	1	b9746c5d2e	
30439328214	pr.yml	pull_request	master	2026-07-29T09:21:52Z	cancelled	1	570144ba6e	
30439887607	pr.yml	pull_request	master	2026-07-29T09:30:09Z	success	1	c8f191c20c	
30440313098	pr.yml	pull_request	ort-qnn	2026-07-29T09:36:24Z	cancelled	1	8f5f696fab	
30441137607	pr.yml	pull_request	ort-qnn	2026-07-29T09:48:37Z	cancelled	1	fe4f1dae7c	
30443482181	pr.yml	pull_request	ort-qnn	2026-07-29T10:23:30Z	cancelled	1	2df1fd991b	
30443572784	pr.yml	pull_request	ort-qnn	2026-07-29T10:24:54Z	cancelled	1	3b30f8ac6e	
30443886187	pr.yml	pull_request	ort-qnn	2026-07-29T10:29:48Z	success	1	2df1fd991b	
30444701007	pr.yml	pull_request	ort-qnn	2026-07-29T10:42:21Z	success	1	d734912a3e	
30447085108	pr.yml	pull_request	qcom-next-update	2026-07-29T11:18:55Z	success	1	93630d99b0	
30475518560	pr.yml	pull_request	chitti-quickboot	2026-07-29T17:28:58Z	success	1	96df00e9c0	
30500359681	nightly-build-wrynose.yml	schedule	master	2026-07-29T23:42:05Z	success	1	72feb0e276	
30500371747	nightly-build.yml	workflow_dispatch	wrynose	2026-07-29T23:42:18Z	failure	1	85521f06d3	
30503920075	nightly-build.yml	schedule	master	2026-07-30T00:50:58Z	failure	1	72feb0e276	
30505383879	push.yml	push	wrynose	2026-07-30T01:20:57Z	failure	1	0e4d92d1b5	
30505597688	push.yml	push	wrynose	2026-07-30T01:25:30Z	failure	1	585f852af9	
30507468694	push.yml	push	master	2026-07-30T02:05:06Z	failure	1	04f540ce1c	
30507481250	pr.yml	pull_request	backport/2829-to-wrynose	2026-07-30T02:05:19Z	success	1	339a16f517	
30507735566	push.yml	push	wrynose	2026-07-30T02:10:46Z	failure	1	d803592789	
30509207435	push.yml	push	wrynose	2026-07-30T02:42:53Z	failure	1	95d9bda563	
30509598517	pr.yml	pull_request	wcn3988-fw-upstream	2026-07-30T02:51:40Z	success	1	90e103c726	
30509646122	push.yml	push	master	2026-07-30T02:52:46Z	failure	1	1505317993	
30509718147	push.yml	push	master	2026-07-30T02:54:19Z	failure	1	4c7d4ca959	
30509726483	pr.yml	pull_request	backport/2794-to-wrynose	2026-07-30T02:54:30Z	success	1	be8a10d5c5	
30509815179	pr.yml	pull_request	backport/2793-to-wrynose	2026-07-30T02:56:33Z	success	1	b1503f8e89	
30510388593	push.yml	push	master	2026-07-30T03:08:50Z	failure	1	c2dbf21dcb	
30511115695	push.yml	push	wrynose	2026-07-30T03:24:49Z	failure	1	c16ddcd48f	
30514171225	push.yml	push	wrynose	2026-07-30T04:32:53Z	cancelled	1	afaf8c59a0	
30516484942	pr.yml	pull_request	seatd-selinux-fix	2026-07-30T05:23:33Z	failure	1	4de841b4b1	
30516701463	pr.yml	pull_request	glymur-tpm-cmdline	2026-07-30T05:28:13Z	success	2	6e6431c050	
30517549056	push.yml	push	wrynose	2026-07-30T05:45:58Z	cancelled	1	fd52127ccf	
30521350676	pr.yml	pull_request	wrynose	2026-07-30T06:59:07Z	success	1	2d0c4262c2	
30523108628	pr.yml	pull_request	upgrade_camera_service_to_1.0.4	2026-07-30T07:29:05Z	failure	1	dbc8eeb502	
30524015030	pr.yml	pull_request	upgrade_camera_service_to_1.0.4	2026-07-30T07:45:48Z	failure	1	7c0bf7921b	
30534089973	pr.yml	pull_request	fix-licences	2026-07-30T10:17:17Z	failure	1	d55469dd05	
30534431790	push.yml	push	master	2026-07-30T10:22:40Z	failure	1	9597e0b079	
30534443580	pr.yml	pull_request	backport/2786-to-wrynose	2026-07-30T10:22:52Z	success	1	613661ce53	
30538058917	pr.yml	pull_request	backport/2784-to-wrynose	2026-07-30T11:18:45Z	success	2	bded01662f	
30539081539	push.yml	push	wrynose	2026-07-30T11:34:29Z	failure	1	6d5fecae96	
30541014646	pr.yml	pull_request	master	2026-07-30T12:04:02Z	cancelled	1	bb93051d33	
30541015143	pr.yml	pull_request	master	2026-07-30T12:04:03Z	success	1	bb93051d33	
30541698649	push.yml	push	wrynose	2026-07-30T12:14:01Z	failure	1	08c6fad437	
30541967961	pr.yml	pull_request	upgrade_camera_service_to_1.0.4	2026-07-30T12:18:01Z	failure	2	a084c6993e	
30542579515	pr.yml	pull_request	fix-licences	2026-07-30T12:26:53Z	failure	4	01fe918fd6	
30544782076	pr.yml	pull_request	ort-qnn	2026-07-30T12:57:47Z	success	1	cd679a5c43	
30550444443	pr.yml	pull_request	wrynose	2026-07-30T14:10:57Z	failure	1	5c07005482	
30552147459	pr.yml	pull_request	gllnxES2_1	2026-07-30T14:31:49Z	failure	2	c3f048cc0d	
30555068496	pr.yml	pull_request	wrynose	2026-07-30T15:06:48Z	cancelled	1	5c07005482	
30555071881	pr.yml	pull_request	wrynose	2026-07-30T15:06:51Z	success	1	5c07005482	
30563603385	pr.yml	pull_request	kgsl	2026-07-30T16:54:42Z	success	1	98571fff6f	
30565946461	pr.yml	pull_request	smart-venc-license-update	2026-07-30T17:26:08Z	success	1	11ad9e1f0d	
30566534242	pr.yml	pull_request	work_loc_apis	2026-07-30T17:34:06Z	success	1	f0e16b949e	
30570750612	pr.yml	pull_request	chitti-quickboot	2026-07-30T18:31:08Z	cancelled	1	5fb0a9e49e	
30571619420	pr.yml	pull_request	chitti-quickboot	2026-07-30T18:42:48Z	success	1	01afafd4f5	
30591302145	nightly-build-wrynose.yml	schedule	master	2026-07-30T23:41:43Z	success	1	9597e0b079	
30591306265	nightly-build.yml	workflow_dispatch	wrynose	2026-07-30T23:41:48Z	failure	1	08c6fad437	
30594264432	push.yml	push	wrynose	2026-07-31T00:41:35Z	failure	1	3ef3a3407d	
30595031571	nightly-build.yml	schedule	master	2026-07-31T00:57:46Z	failure	1	9597e0b079	
30596818880	pr.yml	pull_request	wcn3988-fw-upstream	2026-07-31T01:37:19Z	success	1	ccc2a6879d	
30599343312	pr.yml	pull_request	seatd-selinux-fix	2026-07-31T02:34:50Z	failure	1	c83a53c3ca	
30606795506	pr.yml	pull_request	ort-qnn	2026-07-31T05:26:12Z	success	1	076f089e60	
30606966246	pr.yml	pull_request	hamoa_purwa_phone	2026-07-31T05:30:02Z	success	1	46a430aa29	
30607006062	push.yml	push	master	2026-07-31T05:30:48Z	failure	1	7b363651b6	
30610389738	pr.yml	pull_request	add-opencv-base-packageconfig	2026-07-31T06:41:11Z	failure	1	3eb227bc6a	
30616627591	pr.yml	pull_request	master	2026-07-31T08:31:51Z	success	1	1552f5f2f6	
30620248097	pr.yml	pull_request	seatd-selinux-fix	2026-07-31T09:31:30Z	success	1	438f21380e	
30621055004	pr.yml	pull_request	rb3-fit-overlay	2026-07-31T09:44:48Z	failure	2	89394da979	
30622051788	pr.yml	pull_request	master	2026-07-31T10:01:08Z	success	1	e865cba392	
30654055071	pr.yml	pull_request	smart-venc-license-update	2026-07-31T18:09:43Z	success	1	5da83aa577	
30673589921	nightly-build-wrynose.yml	schedule	master	2026-07-31T23:41:53Z	success	1	7b363651b6	
30673593894	nightly-build.yml	workflow_dispatch	wrynose	2026-07-31T23:41:58Z	cancelled	1	3ef3a3407d	
30676832158	nightly-build.yml	schedule	master	2026-08-01T00:58:19Z	cancelled	1	7b363651b6	
30709709870	pr.yml	pull_request	fix-licences	2026-08-01T17:09:22Z	failure	3	4cbd48c63a	
30723814335	nightly-build-wrynose.yml	schedule	master	2026-08-01T23:41:24Z	success	1	7b363651b6	
30723817989	nightly-build.yml	workflow_dispatch	wrynose	2026-08-01T23:41:31Z	failure	1	3ef3a3407d	
30726211168	nightly-build.yml	schedule	master	2026-08-02T00:58:55Z	failure	1	7b363651b6	
30740335945	pr.yml	pull_request	feat/qdl-2.8-rc1	2026-08-02T08:43:37Z	success	1	0ab1fea637	
30746644706	pr.yml	pull_request	wcn3988-fw-upstream	2026-08-02T11:52:48Z	success	1	c3c06a416c	
30753836178	pr.yml	pull_request	fix-licences	2026-08-02T15:12:50Z	failure	1	4a181d3483	
30772800969	nightly-build-wrynose.yml	schedule	master	2026-08-02T23:41:55Z	success	1	7b363651b6	
30772804553	nightly-build.yml	workflow_dispatch	wrynose	2026-08-02T23:42:02Z	failure	2	3ef3a3407d	
30775729850	nightly-build.yml	schedule	master	2026-08-03T00:58:30Z	failure	1	7b363651b6	
30777052209	pr.yml	pull_request	master	2026-08-03T01:31:09Z	failure	1	442413fc7d	
30778774324	pr.yml	pull_request	wcn3988-fw-upstream	2026-08-03T02:13:32Z	success	1	ecba64cbea	
30790592380	pr.yml	pull_request	smart-venc-license-update	2026-08-03T06:33:29Z	success	1	e540f45125	
30792972919	pr.yml	pull_request	master	2026-08-03T07:15:18Z	success	1	157569b52f	
30795320592	pr.yml	pull_request	master	2026-08-03T07:53:54Z	cancelled	1	e2d31a3485	
30795507752	pr.yml	pull_request	master	2026-08-03T07:56:59Z	cancelled	1	01db6adc12	
30795795208	pr.yml	pull_request	master	2026-08-03T08:01:41Z	failure	1	e1ef9324ec	
30801935064	pr.yml	pull_request	purvaNhamou	2026-08-03T09:33:47Z	failure	1	9e6ae8ed30	
30803660233	pr.yml	pull_request	ptest	2026-08-03T09:58:38Z	failure	1	5e3a80d8e6	
30809460377	pr.yml	pull_request	ptest	2026-08-03T11:25:14Z	success	1	f74b876f7d	
30820261079	pr.yml	pull_request	world	2026-08-03T13:56:02Z	failure	1	46aab5a726	
30828638601	pr.yml	pull_request	optee-os-qcom-update	2026-08-03T15:40:58Z	success	1	e33bbd4b58	
30829651070	pr.yml	pull_request	feat/qdl-2.8-rc1	2026-08-03T15:54:07Z	success	1	9be35aa419	
30830455748	pr.yml	pull_request	tfa-bl311	2026-08-03T16:04:25Z	success	1	74606d69f6	
30830821634	push.yml	push	master	2026-08-03T16:08:57Z	failure	1	2adfb9239f	
30837574469	pr.yml	pull_request	qcom-next-update	2026-08-03T17:37:14Z	success	1	2e6511a134	
30842360241	pr.yml	pull_request	uboot-tools	2026-08-03T18:41:01Z	success	1	3bb6837cde	
30847162262	push.yml	push	wrynose	2026-08-03T19:45:37Z	failure	1	fa2ef32673	
30848296230	push.yml	push	master	2026-08-03T20:00:57Z	failure	1	ca0f8297ff	
30848321751	pr.yml	pull_request	backport/2523-to-wrynose	2026-08-03T20:01:18Z	failure	3	4afcbcc633	
30863251546	nightly-build-wrynose.yml	schedule	master	2026-08-03T23:43:58Z	success	1	ca0f8297ff	
30863256580	nightly-build.yml	workflow_dispatch	wrynose	2026-08-03T23:44:03Z	failure	1	fa2ef32673	
30867136916	nightly-build.yml	schedule	master	2026-08-04T00:56:01Z	failure	1	ca0f8297ff	
30878698887	pr.yml	pull_request	systemd-qcom-raw-partitions-noblkid	2026-08-04T04:47:24Z	success	1	476ad313a2	
30885975461	push.yml	push	master	2026-08-04T06:58:53Z	failure	1	ac066fcae3	
30885991748	pr.yml	pull_request	backport/2838-to-wrynose	2026-08-04T06:59:10Z	failure	1	9268c9c68a	
30887564694	pr.yml	pull_request	shikra_initramfs	2026-08-04T07:22:42Z	success	1	6e8280e1f1	
30887861050	push.yml	push	master	2026-08-04T07:27:07Z	failure	1	8260f58bbb	
30887880875	pr.yml	pull_request	backport/2801-to-wrynose	2026-08-04T07:27:25Z	failure	1	f35e70780e	
30888094490	push.yml	push	master	2026-08-04T07:30:34Z	failure	1	2b274f5f1e	
30888112238	pr.yml	pull_request	backport/2858-to-wrynose	2026-08-04T07:30:49Z	failure	1	bc7c5d72a2	
30888715987	pr.yml	pull_request	camx-dlkm	2026-08-04T07:39:53Z	success	1	e955bb724f	
30890207151	pr.yml	pull_request	systemd-qcom-raw-partitions-noblkid	2026-08-04T08:01:43Z	success	1	73cfa60f5b	
30893198182	pr.yml	pull_request	master	2026-08-04T08:43:57Z	success	1	56ddbf0389	
30893401315	pr.yml	pull_request	tii/tfa-qtiseclib-qcs9100	2026-08-04T08:46:46Z	failure	1	428d7908f5	
30893480407	pr.yml	pull_request	feat/qdl-2.8-rc1	2026-08-04T08:47:55Z	success	1	2427fd90b9	
30897368596	pr.yml	pull_request	promote-qcom-6.18.y-20260804	2026-08-04T09:40:47Z	success	1	dee324c1f5	
30902727175	pr.yml	pull_request	chitti-quickboot	2026-08-04T10:56:31Z	success	1	ed79193dcf	
30909449284	pr.yml	pull_request	bump-layers	2026-08-04T12:31:05Z	failure	1	c7fe3ec1ed	
30912240449	pr.yml	pull_request	tii/tfa-qtiseclib-qcs9100	2026-08-04T13:07:03Z	success	2	ba58319608	
30931501864	pr.yml	pull_request	linux-qcom-dtbbin	2026-08-04T16:56:04Z	success	1	f18d7effc1	
30948924814	pr.yml	pull_request	purvaNhamou	2026-08-04T20:40:23Z	failure	1	90b5ebaae9	
30949758302	pr.yml	pull_request	bump-layers	2026-08-04T20:51:25Z	cancelled	1	11a9d42612	
30952862048	pr.yml	pull_request	backport/2824-to-wrynose	2026-08-04T21:33:52Z	failure	4	f9e2f3299e	
30955927405	pr.yml	pull_request	1.0.26	2026-08-04T22:19:04Z	success	1	40185e3cfa	
30957155513	push.yml	push	master	2026-08-04T22:38:33Z	failure	1	210d4d75e6	
30957173736	pr.yml	pull_request	backport/2874-to-wrynose	2026-08-04T22:38:52Z	failure	1	0b780c13be	
30960863448	nightly-build-wrynose.yml	schedule	master	2026-08-04T23:42:00Z	success	1	210d4d75e6	
30960867760	nightly-build.yml	workflow_dispatch	wrynose	2026-08-04T23:42:05Z	failure	1	fa2ef32673	
30960934591	pr.yml	pull_request	bump-layers	2026-08-04T23:43:16Z	failure	1	4608bff5fc	
30963696434	pr.yml	pull_request	ci-armv7a-world	2026-08-05T00:34:06Z	success	1	29ccd3e371	
30964581349	nightly-build.yml	schedule	master	2026-08-05T00:50:42Z	failure	1	210d4d75e6	
30968059109	pr.yml	pull_request	systemd-qcom-raw-partitions-noblkid	2026-08-05T02:00:13Z	success	1	64dc0a3e43	
30976649807	pr.yml	pull_request	agatti_firmware	2026-08-05T04:57:46Z	success	1	35db7a3aa7	
30979791826	pr.yml	pull_request	camx_downstream	2026-08-05T05:58:39Z	cancelled	1	28c821f1df	
30980634979	pr.yml	pull_request	camx_downstream	2026-08-05T06:13:27Z	cancelled	1	82bf0eeb51	
30980713185	pr.yml	pull_request	camx_downstream	2026-08-05T06:14:50Z	success	1	2a2d18ed7c	
30983097795	pr.yml	pull_request	tii/tfa-qtiseclib-qcs9100	2026-08-05T06:56:20Z	success	2	8047e1eaed	
30987096617	pr.yml	pull_request	systemd-qcom-raw-partitions-noblkid	2026-08-05T07:58:18Z	success	1	a4903bd404	
30989151855	pr.yml	pull_request	compile-drop-action	2026-08-05T08:28:20Z	cancelled	1	b1c947d203	
30989688468	pr.yml	pull_request	master	2026-08-05T08:35:59Z	success	1	c2f8df4fdd	
30999839970	pr.yml	pull_request	kodiak-kvm	2026-08-05T11:02:29Z	failure	1	c4dcacb494	
30999933001	pr.yml	pull_request	bump-layers	2026-08-05T11:03:49Z	failure	1	11a9d42612	
31012713014	pr.yml	pull_request	topic/rouven/qcom-bootimg-external-dt	2026-08-05T13:57:11Z	success	2	b288dde607	
31016576165	push.yml	push	master	2026-08-05T14:42:37Z	failure	1	2dacc7e92f	
31023312376	pr.yml	pull_request	preferred-version	2026-08-05T16:02:18Z	cancelled	1	7eb0b6789f	
31024577483	pr.yml	pull_request	preferred-version	2026-08-05T16:17:42Z	cancelled	1	6cb8deccae	
31024746545	pr.yml	pull_request	preferred-version	2026-08-05T16:19:49Z	cancelled	1	b064c8190d	
31024869442	pr.yml	pull_request	preferred-version	2026-08-05T16:21:21Z	cancelled	1	d90ad3c0da	
31025312199	pr.yml	pull_request	uboot-tools	2026-08-05T16:26:55Z	cancelled	1	dce4f6c70b	
31025516497	pr.yml	pull_request	uboot-tools	2026-08-05T16:29:30Z	success	1	eff506f41b	
31029431205	pr.yml	pull_request	shikra	2026-08-05T17:18:49Z	failure	1	ee523b25ff	
31029646769	push.yml	push	master	2026-08-05T17:21:34Z	failure	1	4dc473d239	
31029981701	pr.yml	pull_request	join-kas-artifact	2026-08-05T17:25:52Z	success	1	e5bd300eaf	
31031581904	pr.yml	pull_request	preferred-version	2026-08-05T17:46:31Z	failure	1	e6d98c2baf	
31033694263	pr.yml	pull_request	linux-qcom-dtbbin	2026-08-05T18:13:13Z	success	2	3c1ac7fc0c	
31034636965	pr.yml	pull_request	bump-layers	2026-08-05T18:25:15Z	failure	1	e5056b4479	
31042006106	pr.yml	pull_request	preferred-version	2026-08-05T19:59:58Z	cancelled	1	08a6049afc	
31042177000	pr.yml	pull_request	preferred-version	2026-08-05T20:02:07Z	cancelled	1	a41c0d9cb3	
31042596976	pr.yml	pull_request	preferred-version	2026-08-05T20:07:27Z	failure	1	5d7e69ae63	
31048052922	push.yml	push	master	2026-08-05T21:18:19Z	failure	1	adddfd7b34	
31052487197	pr.yml	pull_request	preferred-version	2026-08-05T22:22:18Z	cancelled	1	493b300ffc	
31054280439	pr.yml	pull_request	preferred-version	2026-08-05T22:51:05Z	success	1	4a186a9fcc	
31057166498	nightly-build-wrynose.yml	schedule	master	2026-08-05T23:40:21Z	success	1	adddfd7b34	
31057171391	nightly-build.yml	workflow_dispatch	wrynose	2026-08-05T23:40:27Z	failure	1	fa2ef32673	
31057305447	pr.yml	pull_request	fix-dtbbin-sstate-holes	2026-08-05T23:42:49Z	success	1	69354f8caa	
31060902153	nightly-build.yml	schedule	master	2026-08-06T00:49:16Z	failure	1	adddfd7b34	
31063966014	push.yml	push	master	2026-08-06T01:52:05Z	failure	1	96ce479f94	
31063976769	pr.yml	pull_request	backport/2837-to-wrynose	2026-08-06T01:52:18Z	failure	1	ef702886de	
31065136248	push.yml	push	master	2026-08-06T02:16:20Z	failure	1	60236b32dd	
31067127365	pr.yml	pull_request	backport/2807-to-wrynose	2026-08-06T02:58:44Z	failure	1	b1fd6a9905	
31072941455	pr.yml	pull_request	ptool-rev	2026-08-06T05:02:24Z	success	1	67e75e0ac4	
31077942591	pr.yml	pull_request	yocto_changes	2026-08-06T06:38:04Z	failure	1	111c86f9fa	
31084998122	pr.yml	pull_request	world	2026-08-06T08:27:54Z	failure	1	92a79ba38c	
31097270321	push.yml	push	master	2026-08-06T11:26:31Z	failure	1	b5977993cb	
31097286952	pr.yml	pull_request	backport/2870-to-wrynose	2026-08-06T11:26:46Z	failure	1	f9635de4f2	
31097760111	push.yml	push	next	2026-08-06T11:33:46Z	failure	4	7b9f17a9f7	
31119757578	pr.yml	pull_request	fix-dtbbin-sstate-holes	2026-08-06T16:25:13Z	success	4	bedbae8f53	
31120491140	pr.yml	pull_request	backport-2884-to-wrynose	2026-08-06T16:37:39Z		1	1a4560f668	
31129786587	pr.yml	pull_request	bump-layers	2026-08-06T23:06:23Z	failure	1	d702603687	
31131065897	push.yml	push	master	2026-08-06T23:27:10Z	failure	1	369009afdc	
31136291504	nightly-build-wrynose.yml	schedule	master	2026-08-07T00:55:08Z	success	1	369009afdc	
31136296302	nightly-build.yml	workflow_dispatch	wrynose	2026-08-07T00:55:13Z	failure	1	fa2ef32673	
31136403196	push.yml	push	master	2026-08-07T00:57:08Z	cancelled	1	b0ae649117	
31136418177	pr.yml	pull_request	backport/2854-to-wrynose	2026-08-07T00:57:23Z	failure	3	2623bdbd5f	
31136958606	push.yml	push	wrynose	2026-08-07T01:06:54Z	failure	1	7cd801a9e9	
31138302915	nightly-build.yml	schedule	master	2026-08-07T01:31:38Z	cancelled	1	b0ae649117	
31140220986	push.yml	push	master	2026-08-07T02:07:21Z	cancelled	1	fdc0a0f87d	
31140233436	pr.yml	pull_request	backport/2876-to-wrynose	2026-08-07T02:07:35Z	failure	1	9de7ffdf4c	
31140296137	push.yml	push	master	2026-08-07T02:08:46Z	cancelled	1	cac1072bfa	
31140307687	pr.yml	pull_request	backport/2782-to-wrynose	2026-08-07T02:08:59Z	cancelled	1	cf0646f0cf	
31144961332	pr.yml	pull_request	lock	2026-08-07T03:38:27Z	cancelled	1	d7aa014a21	
31144999015	pr.yml	pull_request	lock	2026-08-07T03:39:13Z	cancelled	2	343a678d8c	
31147723671	pr.yml	pull_request	zizmor	2026-08-07T04:32:16Z	success	2	b1f2bf4a86	
31152467991	pr.yml	pull_request	yocto_changes	2026-08-07T06:00:33Z	failure	1	7f4c6cac2a	
31153603846	pr.yml	pull_request	yocto_changes	2026-08-07T06:20:37Z	failure	1	9f76c92a40	
31154897738	pr.yml	pull_request	camx_downstream	2026-08-07T06:42:34Z	cancelled	1	55cadd9c8a	
31155629527	pr.yml	pull_request	qcomflash-drop-sparse	2026-08-07T06:54:38Z	cancelled	1	2a591847cd	
31156529784	pr.yml	pull_request	qcomflash-drop-sparse	2026-08-07T07:08:51Z	success	1	2f8c21c9e9	
31157862385	pr.yml	pull_request	camx_downstream	2026-08-07T07:29:37Z	cancelled	1	b7d4693b9c	
31162775152	pr.yml	pull_request	dev	2026-08-07T08:41:49Z	failure	1	d399d12b67	
31162775190	pr.yml	pull_request	bump-layers	2026-08-07T08:41:49Z	cancelled	1	ff9d1511f9	
31163402694	pr.yml	pull_request	bump-layers	2026-08-07T08:50:54Z	cancelled	1	5e513f12f6	
31163634919	pr.yml	pull_request	bump-layers	2026-08-07T08:54:11Z	failure	1	0e6f32c895	
31164071329	pr.yml	pull_request	camx_downstream	2026-08-07T09:00:30Z	success	1	be5bb91a94	
31166066182	pr.yml	pull_request	el2_config	2026-08-07T09:28:58Z	success	1	dc854141f6	
31166196185	pr.yml	pull_request	systemd-qcom-raw-partitions-noblkid	2026-08-07T09:30:43Z	success	1	3f5434b896	
31176188288	pr.yml	pull_request	qcom-common-binary	2026-08-07T11:57:40Z	success	2	8b7a97a649	
31177822238	pr.yml	pull_request	preferred-version	2026-08-07T12:21:14Z	cancelled	1	15b1454dab	
31181971284	pr.yml	pull_request	join-kas-artifact	2026-08-07T13:17:48Z	cancelled	1	1050238fe7	
31181978711	pr.yml	pull_request	lock	2026-08-07T13:17:54Z	success	1	416a3fb749	
31182191042	pr.yml	pull_request	join-kas-artifact	2026-08-07T13:20:41Z	success	1	613b202beb	
31182742879	pr.yml	pull_request	dev	2026-08-07T13:27:50Z	failure	1	6623c67a12	
31186026070	pr.yml	pull_request	master	2026-08-07T14:07:36Z	success	1	31271a8556	
31191237973	pr.yml	pull_request	preferred-version	2026-08-07T15:09:56Z	cancelled	1	010abca91b	
31192523898	pr.yml	pull_request	firmware-boot-remove-stale-recipes	2026-08-07T15:25:24Z	success	1	192f50c630	
31192687530	pr.yml	pull_request	backport-2884-to-wrynose	2026-08-07T15:27:23Z	success	1	ec20cbf8fc	
31192727342	pr.yml	pull_request	fix-dtbbin-sstate-holes	2026-08-07T15:27:52Z	success	1	71a3f53561	
31194133983	pr.yml	pull_request	shikra-release	2026-08-07T15:44:38Z	failure	1	0291d4a12b	
31195696512	pr.yml	pull_request	qcom-common-binary	2026-08-07T16:03:22Z	success	1	1e3119f45f	
31195956738	pr.yml	pull_request	preferred-version	2026-08-07T16:06:32Z	success	1	f4fab8b99b	
31208739773	pr.yml	pull_request	firmware-boot-build-info	2026-08-07T18:49:46Z	success	1	6069900cfe	
31212561309	pr.yml	pull_request	fix-dtbbin-sstate-holes	2026-08-07T19:41:17Z	failure	2	0e686220e3	
31212965478	push.yml	push	master	2026-08-07T19:46:49Z	failure	1	8a5a253dce	
31221063260	pr.yml	pull_request	bump-layers	2026-08-07T21:42:16Z	success	1	edcaaab99d	
31227529423	nightly-build-wrynose.yml	schedule	master	2026-08-07T23:34:08Z	success	1	8a5a253dce	
31227534958	nightly-build.yml	workflow_dispatch	wrynose	2026-08-07T23:34:14Z	failure	1	7cd801a9e9	
31230516812	nightly-build.yml	schedule	master	2026-08-08T00:35:20Z	failure	1	8a5a253dce	
31284240657	nightly-build-wrynose.yml	schedule	master	2026-08-08T23:33:28Z	success	1	8a5a253dce	
31284244230	nightly-build.yml	workflow_dispatch	wrynose	2026-08-08T23:33:33Z	failure	1	7cd801a9e9	
31286542945	nightly-build.yml	schedule	master	2026-08-09T00:36:36Z	success	1	8a5a253dce	
31294692823	pr.yml	pull_request	camx_downstream	2026-08-09T04:30:09Z	success	1	ef78f6db33	
31295820564	pr.yml	pull_request	systemd-qcom-raw-partitions-noblkid	2026-08-09T05:02:03Z	failure	1	5241fc5844	
31326028005	push.yml	push	master	2026-08-09T17:17:48Z	failure	1	8e0864962e	
31326037029	pr.yml	pull_request	backport/2903-to-wrynose	2026-08-09T17:18:02Z	failure	1	b8355fad45	
31340305601	pr.yml	pull_request	fix-dtbbin-sstate-holes	2026-08-09T22:48:11Z	success	1	64ad9a3d39	
31340897780	push.yml	push	master	2026-08-09T23:02:31Z	failure	1	2b1d5350ff	
31341819568	push.yml	push	master	2026-08-09T23:24:46Z	failure	1	36d23fedc4	
31342193869	nightly-build-wrynose.yml	schedule	master	2026-08-09T23:33:41Z	success	1	36d23fedc4	
31342196850	nightly-build.yml	workflow_dispatch	wrynose	2026-08-09T23:33:46Z	failure	1	7cd801a9e9	
31344960860	nightly-build.yml	schedule	master	2026-08-10T00:37:31Z	failure	1	36d23fedc4	
31347486745	push.yml	push	master	2026-08-10T01:35:20Z	failure	1	dfb6cf8fe1	
31348222910	pr.yml	pull_request	camx_downstream	2026-08-10T01:52:03Z	cancelled	1	45b24ce83c	
31348223724	pr.yml	pull_request	camx_downstream	2026-08-10T01:52:04Z	success	1	45b24ce83c	
31348796546	push.yml	push	master	2026-08-10T02:04:47Z	failure	1	19cc1e1f9e	
31351058027	pr.yml	pull_request	master	2026-08-10T02:54:17Z	success	1	1bbedd3dd6	
31351236680	pr.yml	pull_request	tii/tfa-platform-key	2026-08-10T02:58:02Z	failure	1	bf32dd5a05	
31351476583	pr.yml	pull_request	tii/tfa-platform-key	2026-08-10T03:03:04Z	failure	1	eafdcda185	
31360367002	pr.yml	pull_request	systemd-qcom-raw-partitions-noblkid	2026-08-10T05:59:43Z	failure	1	bffc4ce098	
31364189845	pr.yml	pull_request	ci/add-shikra-premerge	2026-08-10T07:01:17Z	success	1	c8c2f43358	
31368350658	pr.yml	pull_request	master	2026-08-10T08:02:43Z	cancelled	1	befd6f81ff	
31369349123	pr.yml	pull_request	preferred-version	2026-08-10T08:16:32Z	success	1	faad3ecab1	
31371986531	pr.yml	pull_request	master	2026-08-10T08:52:11Z	success	1	fd0b98b821	
31373305600	pr.yml	pull_request	setscene-only	2026-08-10T09:09:46Z	success	1	e77e100bb9	
31374199638	pr.yml	pull_request	work_loc_apis	2026-08-10T09:21:24Z	cancelled	1	097e754a7f	
31374340960	pr.yml	pull_request	sstatesig-do_image_complete	2026-08-10T09:23:13Z	cancelled	1	b6cd665b14	
31374749045	pr.yml	pull_request	tii/tfa-platform-key	2026-08-10T09:28:26Z	failure	1	03410c6e2d	
31376909320	pr.yml	pull_request	tii/tfa-platform-key	2026-08-10T09:56:24Z	failure	1	08a9319a7f	
31377312475	pr.yml	pull_request	optee-os-qcom-update	2026-08-10T10:01:48Z	success	1	98f0036a92	
31377433550	pr.yml	pull_request	tii/tfa-platform-key	2026-08-10T10:03:25Z	failure	1	7b21beef26	
31377752179	pr.yml	pull_request	tii/tfa-platform-key	2026-08-10T10:07:39Z	failure	1	cc11d14969	
31378185865	pr.yml	pull_request	tii/tfa-platform-key	2026-08-10T10:13:22Z	failure	1	c1ccd65af0	
31378683041	pr.yml	pull_request	tii/tfa-platform-key	2026-08-10T10:20:12Z	failure	1	26c014b49e	
31378866125	pr.yml	pull_request	work_loc_apis	2026-08-10T10:22:45Z	success	1	66789c807c	
31378964820	pr.yml	pull_request	ptool-rev	2026-08-10T10:24:07Z	cancelled	1	060725168c	
31378965165	pr.yml	pull_request	ptool-rev	2026-08-10T10:24:08Z	success	1	060725168c	
31379077268	pr.yml	pull_request	tii/tfa-platform-key	2026-08-10T10:25:41Z	failure	1	36ed4849d8	
31379209573	pr.yml	pull_request	systemd-qcom-raw-partitions-noblkid	2026-08-10T10:27:30Z	failure	1	4b9afcf61b	
31379519853	pr.yml	pull_request	tii/tfa-platform-key	2026-08-10T10:31:43Z	failure	1	578d9caa83	
31386796694	pr.yml	pull_request	tii/tfa-platform-key	2026-08-10T12:10:40Z	failure	1	7f81cbd331	
31389078222	pr.yml	pull_request	tii/tfa-platform-key	2026-08-10T12:39:50Z	failure	1	6d72129d78	
31389513558	pr.yml	pull_request	tii/tfa-platform-key	2026-08-10T12:45:23Z	failure	2	f828fec9c3	
31402840264	pr.yml	pull_request	update-testkit-ref	2026-08-10T15:18:09Z	success	1	19b82187b5	
31406551323	pr.yml	pull_request	fix-dtbbin-sstate-holes	2026-08-10T15:59:26Z	success	1	6f9c512ec4	
31408414109	pr.yml	pull_request	shikra-backport	2026-08-10T16:20:21Z	failure	1	682d2ffd50	
31410109060	pr.yml	pull_request	workflows/qli-auth	2026-08-10T16:39:47Z	success	1	7ab59b5d9d	
31413319005	pr.yml	pull_request	kvm	2026-08-10T17:17:56Z	failure	1	b88308066d	
31413646508	pr.yml	pull_request	kvm	2026-08-10T17:21:55Z	failure	1	8d0632436c	
31413771263	pr.yml	pull_request	ptest	2026-08-10T17:23:23Z	failure	1	3fd788a0dd	
31413918279	push.yml	push	next	2026-08-10T17:25:07Z	failure	1	e919316338	
31414366025	pr.yml	pull_request	kvm	2026-08-10T17:30:30Z	success	2	0c62cc56b1	
31417673061	pr.yml	pull_request	ptest	2026-08-10T18:09:47Z	success	1	a9470b9314	
31418828126	push.yml	push	master	2026-08-10T18:23:32Z	failure	2	56b69c5a14	
31424498868	pr.yml	pull_request	fix-licences	2026-08-10T19:31:19Z	success	1	261798047f	
31431343213	pr.yml	pull_request	tii/tfa-platform-key	2026-08-10T20:54:55Z	failure	1	80bb05c2ea	
31442855647	nightly-build-wrynose.yml	schedule	master	2026-08-10T23:34:25Z	success	1	56b69c5a14	
31442861210	nightly-build.yml	workflow_dispatch	wrynose	2026-08-10T23:34:30Z	failure	1	7cd801a9e9	
31446669639	nightly-build.yml	schedule	master	2026-08-11T00:37:13Z	failure	1	56b69c5a14	
31446949049	pr.yml	pull_request	lock	2026-08-11T00:42:20Z	success	1	7bbb834807	
31452740504	push.yml	push	next	2026-08-11T02:33:37Z	failure	3	05e7437f5a	
31462402273	pr.yml	pull_request	yocto_changes	2026-08-11T05:40:05Z	failure	1	e6fe733d91	
31463504666	pr.yml	pull_request	update-urm-to-v0.4.5	2026-08-11T05:59:46Z	cancelled	1	b32d1f4038	
31463607034	pr.yml	pull_request	update-urm-to-v0.4.5	2026-08-11T06:01:22Z	failure	1	a70739275b	
31466342219	pr.yml	pull_request	initramfs-udev-root-only	2026-08-11T06:46:37Z	success	1	6cfefd3e85	
31469750946	pr.yml	pull_request	update-testkit-ref	2026-08-11T07:37:57Z	success	1	a5ec2da479	
31483918304	pr.yml	pull_request	work_loc_apis	2026-08-11T10:49:37Z	success	1	4ae8a84b5f	
31485732478	pr.yml	pull_request	yocto_changes	2026-08-11T11:14:18Z	success	2	d368d9c937	
31486852914	pr.yml	pull_request	mahua_init	2026-08-11T11:29:24Z	failure	2	bf29f5aeb5	
31492191842	pr.yml	pull_request	dev	2026-08-11T12:38:26Z	failure	1	684970271f	
31501296971	pr.yml	pull_request	lock	2026-08-11T14:23:47Z	cancelled	1	d13bed6f0b	
31501593154	pr.yml	pull_request	lock	2026-08-11T14:27:04Z	cancelled	1	c77d3429fe	
31503125335	push.yml	push	master	2026-08-11T14:43:43Z	failure	1	122931361e	
31512632246	pr.yml	pull_request	lock	2026-08-11T16:29:06Z	cancelled	1	d2439e809e	
31518383589	pr.yml	pull_request	lock	2026-08-11T17:35:59Z	success	1	389cfd2f8a	
31528948375	pr.yml	pull_request	tii/tfa-platform-key	2026-08-11T19:39:27Z	failure	1	27abd4ff8b	
31547024016	nightly-build-wrynose.yml	schedule	master	2026-08-11T23:35:00Z	success	1	122931361e	
31547030281	nightly-build.yml	workflow_dispatch	wrynose	2026-08-11T23:35:06Z	failure	1	7cd801a9e9	
31551073632	nightly-build.yml	schedule	master	2026-08-12T00:41:27Z	failure	1	122931361e	
31553423181	pr.yml	pull_request	bump-base-lock-20260812	2026-08-12T01:23:12Z	failure	1	70444fa8d3	
31566469469	pr.yml	pull_request	master	2026-08-12T05:25:08Z	cancelled	1	ca60a8c94d	
31566469957	pr.yml	pull_request	master	2026-08-12T05:25:08Z	failure	2	ca60a8c94d	
31573736893	pr.yml	pull_request	camx_downstream	2026-08-12T07:23:03Z	success	1	ed6a1e8c52	
31577894604	pr.yml	pull_request	join-kas-artifact	2026-08-12T08:20:31Z	success	1	59c38eed1d	
31587653871	pr.yml	pull_request	abseil-cpp	2026-08-12T10:29:36Z	cancelled	1	b192530723	
31593137024	pr.yml	pull_request	eliza_a722_support	2026-08-12T11:43:33Z	failure	1	645895553e	
31597439956	pr.yml	pull_request	bump-uboot-qcom-next-2026.10-rc1	2026-08-12T12:38:46Z	success	1	734667d1ff	
31598017687	pr.yml	pull_request	dev	2026-08-12T12:45:51Z	failure	1	2155825161	
31598573017	pr.yml	pull_request	uboot-fit	2026-08-12T12:52:33Z	failure	1	7abec4f7ea	
31607100497	pr.yml	pull_request	bump-base-lock-20260812	2026-08-12T14:29:58Z	failure	9	f35b86f870	
31608731811	pr.yml	pull_request	sstatesig-do_image_complete	2026-08-12T14:47:26Z	cancelled	1	1686fbfb2c	
31619620143	pr.yml	pull_request	uboot-fit	2026-08-12T16:50:35Z	failure	1	36e5cc6595	
31621311065	pr.yml	pull_request	promote-qcom-6.18.y-20260804	2026-08-12T17:10:41Z	success	2	43dd4c1d4c	
31629497019	push.yml	push	master	2026-08-12T18:48:30Z	failure	1	83c65603ca	
31651446026	nightly-build-wrynose.yml	schedule	master	2026-08-12T23:35:30Z	success	1	83c65603ca	
31651451369	nightly-build.yml	workflow_dispatch	wrynose	2026-08-12T23:35:35Z	failure	1	7cd801a9e9	
31655311498	nightly-build.yml	schedule	master	2026-08-13T00:42:09Z	failure	1	83c65603ca	
31670626264	pr.yml	pull_request	eliza_a722_support	2026-08-13T05:31:51Z	failure	2	4dce2f7486	
31674472489	pr.yml	pull_request	fix-ort-header	2026-08-13T06:36:37Z	success	1	7f192ce5fb	
31678485668	pr.yml	pull_request	camx-dlkm	2026-08-13T07:36:48Z	success	2	61d120dfd6	
31680423546	push.yml	push	wrynose	2026-08-13T08:04:02Z	failure	1	c7aec0de27	
31685636432	pr.yml	pull_request	shikra-release	2026-08-13T09:13:50Z	failure	1	ed842f98d0	
31692221281	pr.yml	pull_request	kgsl	2026-08-13T10:41:35Z	success	1	5c372d2fb5	
31714154178	push.yml	push	master	2026-08-13T15:12:26Z	failure	1	35dd9e8954	
31714172480	pr.yml	pull_request	backport/2884-to-wrynose	2026-08-13T15:12:38Z	success	2	9a734ee9e0	
31714390338	push.yml	push	master	2026-08-13T15:15:04Z	failure	1	e326ddb180	
31714452353	pr.yml	pull_request	backport/2915-to-wrynose	2026-08-13T15:15:43Z	failure	1	2e0e6d7eae	
31715444657	push.yml	push	master	2026-08-13T15:26:52Z	failure	1	6c25b5849a	
31715562594	pr.yml	pull_request	backport/2311-to-wrynose	2026-08-13T15:28:10Z	failure	1	9b6023cc93	
31724873129	pr.yml	pull_request	kas-next	2026-08-13T17:16:29Z	cancelled	1	2058d35c79	
31725685966	pr.yml	pull_request	bump-base-lock-20260812	2026-08-13T17:26:08Z	success	2	ea9498cc8d	
31727890216	pr.yml	pull_request	gunyah-efivars	2026-08-13T17:52:28Z	success	1	610f28ead3	
31730474194	pr.yml	pull_request	ccache	2026-08-13T18:23:26Z	failure	1	8b220d0a06	
31754364285	nightly-build-wrynose.yml	schedule	master	2026-08-13T23:35:24Z	success	1	6c25b5849a	
31754373713	nightly-build.yml	workflow_dispatch	wrynose	2026-08-13T23:35:32Z	failure	1	c7aec0de27	
31758240918	nightly-build.yml	schedule	master	2026-08-14T00:42:04Z	failure	1	6c25b5849a	
31761245856	push.yml	push	wrynose	2026-08-14T01:38:32Z	failure	1	d3459ca1a6	
31761398993	pr.yml	pull_request	backport/2311-to-wrynose	2026-08-14T01:41:36Z	success	1	b6dcd56516	
31761428414	pr.yml	pull_request	backport/2915-to-wrynose	2026-08-14T01:42:07Z	success	1	60dd16eb85	
31761473067	pr.yml	pull_request	backport/2903-to-wrynose	2026-08-14T01:42:58Z	success	1	71af45b326	
31761525261	pr.yml	pull_request	backport/2782-to-wrynose	2026-08-14T01:43:58Z	success	1	a0e9cc5f50	
31761543818	pr.yml	pull_request	backport/2876-to-wrynose	2026-08-14T01:44:20Z	success	2	dc02905198	
31761563071	pr.yml	pull_request	backport/2870-to-wrynose	2026-08-14T01:44:42Z	success	1	d3213703ae	
31761590484	pr.yml	pull_request	backport/2807-to-wrynose	2026-08-14T01:45:13Z	success	1	034ba1f1b1	
31761612709	pr.yml	pull_request	backport/2837-to-wrynose	2026-08-14T01:45:37Z	success	1	46e03c7bae	
31761656874	pr.yml	pull_request	backport/2824-to-wrynose	2026-08-14T01:46:29Z	success	1	2c21e8c89e	
31761690188	pr.yml	pull_request	backport/2858-to-wrynose	2026-08-14T01:47:07Z	success	1	6d90bc888b	
31761713294	pr.yml	pull_request	backport/2801-to-wrynose	2026-08-14T01:47:33Z	success	1	69109060eb	
31761734153	pr.yml	pull_request	backport/2523-to-wrynose	2026-08-14T01:47:59Z	cancelled	1	87b0c6ce6d	
31761734713	pr.yml	pull_request	backport/2523-to-wrynose	2026-08-14T01:48:00Z	success	1	87b0c6ce6d	
31761888012	pr.yml	pull_request	backport/2896-to-wrynose	2026-08-14T01:50:59Z	failure	1	460959bd0f	
31762368285	pr.yml	pull_request	lock	2026-08-14T02:00:12Z	success	1	1071681bb3	
31765863209	push.yml	push	master	2026-08-14T03:08:05Z	failure	1	aa1fa68a18	
31766123525	pr.yml	pull_request	backport/2854-to-wrynose	2026-08-14T03:13:00Z	success	1	07ba7a9c56	
31768510789	pr.yml	pull_request	shikra-release	2026-08-14T04:00:23Z	failure	1	eae4bcf233	
31768737909	pr.yml	pull_request	bump-uboot-qcom-next-2026.10-rc1	2026-08-14T04:04:44Z	success	1	0258639b1b	
31772700569	pr.yml	pull_request	update-urm-to-v0.4.5	2026-08-14T05:20:43Z	failure	1	20b0715ff1	
31776630002	pr.yml	pull_request	update-testkit-ref	2026-08-14T06:32:16Z	success	1	c78b116ec5	
31776708097	pr.yml	pull_request	hamoa_purwa_phone	2026-08-14T06:33:35Z	success	1	a79f8c2ec3	
31785953696	push.yml	push	wrynose	2026-08-14T08:55:55Z	failure	1	8f740fa30f	
31786006921	push.yml	push	wrynose	2026-08-14T08:56:42Z	failure	1	d43f58fe80	
31786402153	pr.yml	pull_request	afaisal/talos-evk-dtpm	2026-08-14T09:02:19Z	success	1	34c2172079	
31788533512	pr.yml	pull_request	ccache	2026-08-14T09:32:55Z	failure	1	7a9da88ecc	
31790747260	pr.yml	pull_request	shikra	2026-08-14T10:04:47Z	cancelled	1	8de28a1d6b	
31790749231	pr.yml	pull_request	shikra	2026-08-14T10:04:49Z	success	1	8de28a1d6b	
31794093795	pr.yml	pull_request	20260814_Bootcritical_137	2026-08-14T10:54:44Z	success	3	c3c0793ddc	
31796463474	pr.yml	pull_request	ccache	2026-08-14T11:30:07Z	cancelled	1	04669acda7	
31796607124	pr.yml	pull_request	update-meta-audioreach-latest	2026-08-14T11:32:08Z	failure	1	c5974c40f9	
31797132456	pr.yml	pull_request	bump-uboot-qcom-next-2026.10-rc1	2026-08-14T11:40:00Z	success	1	f9ad553a3f	
31799166163	push.yml	push	master	2026-08-14T12:09:49Z	failure	1	908c0d9582	
31799382342	pr.yml	pull_request	join-kas-artifact	2026-08-14T12:12:58Z	success	1	b1cad0b5c8	
31801359762	pr.yml	pull_request	kas-next	2026-08-14T12:40:51Z	cancelled	1	e9f9a8f535	
31802207890	pr.yml	pull_request	dev	2026-08-14T12:52:44Z	success	1	8a12cec1b2	
31802454364	pr.yml	pull_request	kvm	2026-08-14T12:56:09Z	success	1	2bbb008b14	
31803662618	pr.yml	pull_request	update-meta-audioreach-wrynose	2026-08-14T13:12:25Z	failure	1	e622529897	
31810223183	pr.yml	pull_request	dev	2026-08-14T14:35:05Z	success	1	2601d5a792	
31819219517	pr.yml	pull_request	rb1	2026-08-14T16:24:59Z	success	1	bd7372c653	
31819337872	pr.yml	pull_request	tii/tfa-platform-key	2026-08-14T16:26:29Z	success	3	a5c633ae08	
31820437316	push.yml	push	wrynose	2026-08-14T16:40:20Z	failure	1	5bd1c3b9c2	
31824334222	pr.yml	pull_request	geo_tab	2026-08-14T17:30:49Z	failure	1	2f859ab5f6	
31826220746	push.yml	push	wrynose	2026-08-14T17:55:11Z	failure	1	4fda57a9b1	
31827295740	push.yml	push	wrynose	2026-08-14T18:08:57Z	failure	2	2a37fc1979	
31829521963	push.yml	push	wrynose	2026-08-14T18:37:32Z	cancelled	1	711cdfd2f2	
31830074765	push.yml	push	wrynose	2026-08-14T18:44:30Z	cancelled	1	6b88bef843	
31830440573	push.yml	push	wrynose	2026-08-14T18:49:14Z	cancelled	1	8c5f182a2a	
31830515727	push.yml	push	wrynose	2026-08-14T18:50:12Z	cancelled	1	0c0b0b17f7	
31835819780	push.yml	push	wrynose	2026-08-14T20:00:00Z	cancelled	1	890f775370	
31835915027	push.yml	push	wrynose	2026-08-14T20:01:08Z	cancelled	1	e7062994a2	
31835986788	push.yml	push	wrynose	2026-08-14T20:02:05Z	cancelled	1	c068b9db91	
31837057995	pr.yml	pull_request	backport/2930-to-wrynose	2026-08-14T20:15:22Z	success	3	d8684b7f83	
31837248075	push.yml	push	wrynose	2026-08-14T20:17:45Z	cancelled	1	6baa2358f7	
31837976116	push.yml	push	wrynose	2026-08-14T20:27:21Z	cancelled	1	a6753ff65b	
31838323598	push.yml	push	wrynose	2026-08-14T20:31:51Z	cancelled	1	3656be4248	
31843219737	push.yml	push	master	2026-08-14T21:37:22Z	failure	1	cc69e285b9	
31843236045	pr.yml	pull_request	backport/2887-to-wrynose	2026-08-14T21:37:35Z	success	2	ea3494b457	
31848083099	push.yml	push	wrynose	2026-08-14T22:49:11Z	cancelled	2	7082a2f9da	
31850644910	nightly-build-wrynose.yml	schedule	master	2026-08-14T23:31:11Z	success	1	cc69e285b9	
31850648919	nightly-build.yml	workflow_dispatch	wrynose	2026-08-14T23:31:16Z	cancelled	1	7082a2f9da	
31851366549	pr.yml	pull_request	backport/2896-to-wrynose	2026-08-14T23:44:08Z	success	2	b524099a74	
31851567968	push.yml	push	next	2026-08-14T23:47:48Z	cancelled	1	a9af7c80b3	
31852136176	push.yml	push	master	2026-08-14T23:58:14Z	cancelled	1	b66944a97d	
31854065048	nightly-build.yml	schedule	master	2026-08-15T00:35:11Z	cancelled	1	b66944a97d	
31867560307	push.yml	push	master	2026-08-15T05:41:15Z	failure	1	2c63ba215f	
31867567894	pr.yml	pull_request	backport/2738-to-wrynose	2026-08-15T05:41:26Z	success	1	7ec47fb8eb	
31885037545	pr.yml	pull_request	eliza_a722_support	2026-08-15T12:36:32Z	success	2	45f3c26eed	
31914887890	nightly-build-wrynose.yml	schedule	master	2026-08-15T23:30:10Z	success	1	2c63ba215f	
31914893630	nightly-build.yml	workflow_dispatch	wrynose	2026-08-15T23:30:16Z	failure	1	7082a2f9da	
31917577774	nightly-build.yml	schedule	master	2026-08-16T00:35:14Z	failure	1	2c63ba215f	
31931423830	pr.yml	pull_request	promote-qcom-next-7.2-rc5-20260816	2026-08-16T06:26:29Z	success	1	87793669d3	
31938438666	pr.yml	pull_request	update-meta-audioreach-wrynose	2026-08-16T09:12:35Z	success	1	d4797c5471	
31974287724	pr.yml	pull_request	bump-base-lock-20260816	2026-08-16T21:42:25Z	cancelled	1	4597a83fbf	
31975833587	pr.yml	pull_request	bump-base-lock-20260816	2026-08-16T22:15:12Z	cancelled	1	6e906288a1	
31979303659	nightly-build-wrynose.yml	schedule	master	2026-08-16T23:30:06Z	success	1	2c63ba215f	
31979310309	nightly-build.yml	workflow_dispatch	wrynose	2026-08-16T23:30:13Z	failure	1	7082a2f9da	
31979983046	pr.yml	pull_request	bump-base-lock-20260816	2026-08-16T23:44:33Z	cancelled	1	3967dc487d	
31982441717	nightly-build.yml	schedule	master	2026-08-17T00:34:56Z	failure	1	2c63ba215f	
31986671205	pr.yml	pull_request	bump-base-lock-20260816	2026-08-17T02:00:55Z	success	1	b8bd3ced47	
31996785394	pr.yml	pull_request	backport/2838-to-wrynose	2026-08-17T05:07:35Z	success	1	f8e9141533	
31997427693	pr.yml	pull_request	hamoa_purwa_phone	2026-08-17T05:18:12Z	success	1	ae4dabeebf	
32002946017	pr.yml	pull_request	update-testkit-ref	2026-08-17T06:45:41Z	success	1	7003b4b4ce	
32003310936	pr.yml	pull_request	qli_knp_35	2026-08-17T06:51:14Z	success	1	6cbb90b8ba	
32006096256	pr.yml	pull_request	fastrpc-1.0.7	2026-08-17T07:30:14Z	failure	1	70606f220a	
32009044765	pr.yml	pull_request	fastrpc-1.0.7	2026-08-17T08:09:45Z	success	2	99a3e9c6a3	
32013693016	pr.yml	pull_request	selinux-qrtr-modload-net-admin	2026-08-17T09:08:13Z	success	1	67feb2f0ad	
32032776383	pr.yml	pull_request	qcom-next-update	2026-08-17T13:00:52Z	failure	1	a014507075	
32042403358	push.yml	push	next	2026-08-17T15:27:53Z	success	5	aaab24712f	
32061490249	pr.yml	pull_request	bump-base-lock-20260816	2026-08-17T19:38:43Z	success	1	585c060b78	
32080771146	nightly-build-wrynose.yml	schedule	master	2026-08-17T23:31:17Z	success	1	2c63ba215f	
32080778359	nightly-build.yml	workflow_dispatch	wrynose	2026-08-17T23:31:23Z	success	1	7082a2f9da	
32085063241	nightly-build.yml	schedule	master	2026-08-18T00:34:56Z	failure	1	2c63ba215f	
32086803073	push.yml	push	master	2026-08-18T01:03:05Z	failure	1	3ec1b4c142	
32087057039	pr.yml	pull_request	bump-base-lock-20260816	2026-08-18T01:07:09Z	cancelled	1	c498a8338f	
32087263233	push.yml	push	master	2026-08-18T01:10:31Z	failure	1	271aa83532	
32087278729	pr.yml	pull_request	backport/2901-to-wrynose	2026-08-18T01:10:47Z	success	1	e36342e113	
32087311320	pr.yml	pull_request	bump-base-lock-20260816	2026-08-18T01:11:19Z	success	1	356c855bda	
32087997770	pr.yml	pull_request	backport/2861-to-wrynose	2026-08-18T01:22:46Z	success	1	8d65357e44	
32092250530	push.yml	push	master	2026-08-18T02:33:10Z	failure	1	639e312507	
32092264761	pr.yml	pull_request	backport/2926-to-wrynose	2026-08-18T02:33:25Z	success	1	fdb7a85d43	
32092411029	pr.yml	pull_request	ci-zizmor-gate-fixes	2026-08-18T02:35:50Z	success	1	e469188b25	
32092517527	push.yml	push	next	2026-08-18T02:37:37Z	failure	3	4128e2693d	
32092908292	pr.yml	pull_request	evk-open-fw-spl-fit	2026-08-18T02:44:06Z	success	1	ccae1a950b	
32095072076	pr.yml	pull_request	update-meta-audioreach-latest	2026-08-18T03:19:45Z	success	1	ca6b7e0d81	
32100049692	push.yml	push	master	2026-08-18T04:41:18Z	failure	1	f64946bf5c	
32100062973	pr.yml	pull_request	backport/2924-to-wrynose	2026-08-18T04:41:31Z	success	1	e61da92ff6	
32101571659	push.yml	push	master	2026-08-18T05:05:56Z	failure	1	187565f831	
32101583900	pr.yml	pull_request	backport/2729-to-wrynose	2026-08-18T05:06:08Z	success	1	5293bfa095	
32103511434	pr.yml	pull_request	mahua_init	2026-08-18T05:36:03Z	success	1	d1c4981967	
32103868774	pr.yml	pull_request	backport/2888-to-wrynose	2026-08-18T05:41:42Z	success	1	b0188999af	
32104551291	pr.yml	pull_request	qcom-next-update	2026-08-18T05:52:06Z	success	1	28d6a359e8	
32135605031	pr.yml	pull_request	shikra-release	2026-08-18T12:12:24Z	cancelled	1	315e6d8b34	
32135812522	pr.yml	pull_request	shikra-release	2026-08-18T12:14:48Z	failure	1	8d509bbf88	
32154882247	push.yml	push	wrynose	2026-08-18T15:30:36Z	failure	1	01eaf33915	
32156778996	push.yml	push	wrynose	2026-08-18T15:49:26Z	failure	1	fc629667a5	
32159205376	push.yml	push	wrynose	2026-08-18T16:14:24Z	failure	1	9744451ab8	
32161440186	push.yml	push	wrynose	2026-08-18T16:39:14Z	failure	1	e0f30a0087	
32161634885	push.yml	push	wrynose	2026-08-18T16:41:25Z	failure	1	01c7d467ac	
32161809873	pr.yml	pull_request	camx_downstream	2026-08-18T16:43:23Z	success	1	fdab6a65c4	
32161992150	push.yml	push	wrynose	2026-08-18T16:45:25Z	failure	1	3e7730a8c6	
32162207580	pr.yml	pull_request	edp_overlay_hamoa_purwa_meta-qcom	2026-08-18T16:47:52Z	failure	1	bc2e55480e	
32164485282	push.yml	push	wrynose	2026-08-18T17:13:43Z	failure	1	f2debfe97a	
32187196737	pr.yml	pull_request	ci-zizmor-gate-fixes	2026-08-18T21:20:25Z	success	1	b6bb710741	
32189363884	push.yml	push	wrynose	2026-08-18T21:45:23Z	failure	1	4decf80f06	
32192164131	push.yml	push	master	2026-08-18T22:19:26Z	failure	1	21575bcec9	
32192236998	push.yml	push	wrynose	2026-08-18T22:20:22Z	failure	1	6f360f02d1	
32192582676	push.yml	push	wrynose	2026-08-18T22:24:45Z	failure	1	b8308e4046	
32193320666	pr.yml	pull_request	talos-evk-dtpm	2026-08-18T22:34:21Z	success	1	0c91a1bc4c	
32194636422	pr.yml	pull_request	bump-base-lock-20260816	2026-08-18T22:51:44Z	failure	1	ff1d028cc9	
32196139239	push.yml	push	wrynose	2026-08-18T23:11:59Z	failure	1	fbe2d3ecce	
32196278568	push.yml	push	wrynose	2026-08-18T23:13:55Z	failure	1	a3f2f17761	
32196632672	push.yml	push	wrynose	2026-08-18T23:18:46Z	failure	1	bfa25fcfda	
32197049204	push.yml	push	master	2026-08-18T23:24:38Z	failure	4	aa6b21b014	
32197505117	nightly-build-wrynose.yml	schedule	master	2026-08-18T23:31:03Z	success	1	aa6b21b014	
32197510963	nightly-build.yml	workflow_dispatch	wrynose	2026-08-18T23:31:08Z	failure	1	bfa25fcfda	
32197960942	pr.yml	pull_request	backport/2776-to-wrynose	2026-08-18T23:37:41Z	success	1	0bcffa6357	
32198329940	pr.yml	pull_request	rb1	2026-08-18T23:42:56Z	cancelled	1	a926b95d3d	
32201786067	nightly-build.yml	schedule	master	2026-08-19T00:34:56Z	failure	1	aa6b21b014	
32205846800	pr.yml	pull_request	rb1	2026-08-19T01:41:44Z	success	1	1a1840d610	
32210814537	pr.yml	pull_request	edp_overlay_hamoa_purwa_meta-qcom	2026-08-19T03:04:17Z	failure	1	e0b651ef35	
32217600427	push.yml	push	master	2026-08-19T04:56:58Z	failure	1	0098e848f8	
32217616553	pr.yml	pull_request	backport/2939-to-wrynose	2026-08-19T04:57:13Z	success	1	6d18b31672	
32219087809	pr.yml	pull_request	kodiak-kvm	2026-08-19T05:21:00Z	cancelled	1	7d56df9821	
32219501808	pr.yml	pull_request	kodiak-kvm	2026-08-19T05:27:45Z	success	1	a0d5c1415b	
32220015056	pr.yml	pull_request	mahua_init	2026-08-19T05:35:44Z	success	1	0a97a95227	
32220452475	pr.yml	pull_request	fastrpc-1.0.7	2026-08-19T05:42:46Z	success	2	9232108e81	
32220825458	pr.yml	pull_request	update-urm-to-v0.4.5	2026-08-19T05:48:33Z	cancelled	1	f3aac4de31	
32221104468	push.yml	push	master	2026-08-19T05:52:51Z	failure	1	8dcb258f97	
32221126384	pr.yml	pull_request	update-urm-to-v0.4.5	2026-08-19T05:53:09Z	success	1	4e8d6f5d7e	
32221821246	pr.yml	pull_request	wrynose	2026-08-19T06:03:28Z	success	1	2a7d595c0f	
32227240699	pr.yml	pull_request	cp-commits-from-master	2026-08-19T07:18:47Z	success	1	73f4577c13	
32232750436	pr.yml	pull_request	meta-qcom-add-sv-recipe	2026-08-19T08:28:10Z	failure	1	8fd7e566e1	
32236165262	pr.yml	pull_request	qli_knp_35	2026-08-19T09:09:26Z	cancelled	1	805b6773a8	
32237154288	pr.yml	pull_request	qli_knp_35	2026-08-19T09:21:05Z	success	1	41d59a6bb9	
32238846355	pr.yml	pull_request	systemd-wrynose	2026-08-19T09:40:57Z	success	1	ecae8cf557	
32262966341	pr.yml	pull_request	arun/update-shikra-boot-00065	2026-08-19T14:15:48Z	success	1	39da7d5f75	
32275342556	push.yml	push	wrynose	2026-08-19T16:20:24Z	failure	1	6cf12edd84	
32296186842	push.yml	push	wrynose	2026-08-19T20:00:46Z	failure	1	e0554c8c38	
32307619238	push.yml	push	master	2026-08-19T22:11:16Z	failure	1	0f27e64cc9	
32307772813	pr.yml	pull_request	bump-base-lock-20260816	2026-08-19T22:13:10Z	failure	1	faff1cd83f	
32312416175	pr.yml	pull_request	sstate-mtime-cleanup	2026-08-19T23:14:43Z	cancelled	1	c2c5c3a7d9	
32312626480	pr.yml	pull_request	sstate-mtime-cleanup	2026-08-19T23:17:40Z	success	1	666511ad9f	
32313315400	pr.yml	pull_request	rb1	2026-08-19T23:27:23Z	success	1	e159c14a2d	
32313594613	nightly-build-wrynose.yml	schedule	master	2026-08-19T23:31:20Z	success	1	0f27e64cc9	
32313601115	nightly-build.yml	workflow_dispatch	wrynose	2026-08-19T23:31:25Z	failure	1	e0554c8c38	
32317852595	nightly-build.yml	schedule	master	2026-08-20T00:34:57Z	failure	1	0f27e64cc9	
32329921730	push.yml	push	wrynose	2026-08-20T03:54:36Z	failure	1	f415a09a64	
32330505516	push.yml	push	master	2026-08-20T04:04:10Z	failure	1	958162e43b	
32336215455	pr.yml	pull_request	qli_knp_35	2026-08-20T05:36:03Z	success	1	7f81a1179d	
32341256453	pr.yml	pull_request	multi-storage-build	2026-08-20T06:50:03Z	success	1	b57d2ecd88	
32348570657	pr.yml	pull_request	feat/qdte-capsule-cert-injection	2026-08-20T08:23:28Z	success	1	e81c77cc64	
32351345009	pr.yml	pull_request	kodiak-kvm	2026-08-20T08:56:45Z	success	1	c9890b0c33	
32351524918	pr.yml	pull_request	qli_pakala_45	2026-08-20T08:58:54Z	success	1	7c8b8b9e9a	
32359209127	pr.yml	pull_request	update-testkit-ref	2026-08-20T10:29:44Z	success	1	2802e76c6c	
32359402092	pr.yml	pull_request	update-testkit-tag-for-hamoa	2026-08-20T10:32:05Z	success	1	be947d7b9c	
32360991139	pr.yml	pull_request	dev	2026-08-20T10:51:48Z	success	1	0558448262	
32361286045	pr.yml	pull_request	kodiak-kvm	2026-08-20T10:55:23Z	success	1	d3973dfd12	
32372896066	pr.yml	pull_request	feature/boot_binaries_udpate	2026-08-20T13:11:47Z	success	1	452f3a8115	
32383884693	pr.yml	pull_request	camx_downstream	2026-08-20T15:03:50Z	success	1	208292c424	
32385451922	pr.yml	pull_request	sstate-mtime-cleanup	2026-08-20T15:19:36Z	cancelled	1	7593f5bac4	
32385453724	pr.yml	pull_request	sstate-mtime-cleanup	2026-08-20T15:19:37Z	success	1	7593f5bac4	
32389105609	pr.yml	pull_request	ci-publish-results-app-token-scope	2026-08-20T15:56:22Z	cancelled	1	4c9b9ce56b	
32389356702	pr.yml	pull_request	ci-publish-results-app-token-scope	2026-08-20T15:58:59Z	cancelled	1	b7dac7b2c0	
32394313057	pr.yml	pull_request	A830v1_backport_change	2026-08-20T16:51:06Z	success	2	9d1a2edc90	
32396810510	push.yml	push	master	2026-08-20T17:17:46Z	failure	1	646484b1c1	
32398609673	pr.yml	pull_request	rb1	2026-08-20T17:37:10Z	success	1	1f3f22db70	
32399088340	push.yml	push	master	2026-08-20T17:42:21Z	failure	1	086b40abd4	
32405780296	pr.yml	pull_request	A830v1_backport_change	2026-08-20T18:54:41Z	success	2	8289ac2171	
32429080225	nightly-build-wrynose.yml	schedule	master	2026-08-20T23:32:33Z	success	1	086b40abd4	
32429086783	nightly-build.yml	workflow_dispatch	wrynose	2026-08-20T23:32:39Z	failure	1	f415a09a64	
32430868169	pr.yml	pull_request	bump-base-lock-20260816	2026-08-20T23:59:09Z	success	1	956920c77b	
32433212746	nightly-build.yml	schedule	master	2026-08-21T00:35:06Z	failure	1	086b40abd4	
32442386633	pr.yml	pull_request	master	2026-08-21T03:09:40Z	failure	1	49ce53b2cc	
32448317333	pr.yml	pull_request	mahua_init	2026-08-21T04:49:50Z	failure	1	3a981aea3b	
32450301615	pr.yml	pull_request	qli_pakala_45	2026-08-21T05:22:22Z	cancelled	1	87de51c65c	
32450619022	pr.yml	pull_request	qli_pakala_45	2026-08-21T05:27:35Z	success	1	d0c04eac22	
32451022783	pr.yml	pull_request	camera_upstream	2026-08-21T05:34:07Z	failure	1	b3b35e0e27	
32454051768	pr.yml	pull_request	bala/cam_service_1.0.5	2026-08-21T06:21:10Z	success	1	b12fae28ef	
32458843430	pr.yml	pull_request	arun/update-shikra-boot-00065	2026-08-21T07:29:19Z	success	1	98663db1ed	
32460066410	pr.yml	pull_request	qcom-next-update	2026-08-21T07:45:46Z	success	1	3213057ba2	
32464833190	pr.yml	pull_request	Dev_04_06_2026	2026-08-21T08:47:53Z	failure	1	f9d61e107d	
32472543279	pr.yml	pull_request	shikra-release	2026-08-21T10:25:12Z	failure	1	9a3bfe46e3	
32474072519	pr.yml	pull_request	fix-licences	2026-08-21T10:45:17Z	failure	1	02390bacf2	
32480827118	pr.yml	pull_request	revert-1904-revert	2026-08-21T12:13:05Z	cancelled	1	648a747c48	
32481461963	pr.yml	pull_request	revert-1904-revert	2026-08-21T12:21:02Z	success	1	572eea6c42	
32492024142	pr.yml	pull_request	selinux-qrtr-modload-net-admin	2026-08-21T14:25:05Z	success	1	447158adfd	
32498997094	pr.yml	pull_request	qcomflash-machine-default	2026-08-21T15:41:50Z	success	1	739398343d	
32531411635	pr.yml	pull_request	bump-base-lock-20260816	2026-08-21T22:04:40Z	success	1	afd2b6be12	
32537200726	nightly-build-wrynose.yml	schedule	master	2026-08-21T23:32:01Z	success	1	086b40abd4	
32537205487	nightly-build.yml	workflow_dispatch	wrynose	2026-08-21T23:32:06Z	success	1	f415a09a64	
32540818635	nightly-build.yml	schedule	master	2026-08-22T00:35:11Z	failure	1	086b40abd4	
32605408101	nightly-build-wrynose.yml	schedule	master	2026-08-22T23:30:31Z	success	1	086b40abd4	
32605412429	nightly-build.yml	workflow_dispatch	wrynose	2026-08-22T23:30:36Z	success	1	f415a09a64	
32608230719	nightly-build.yml	schedule	master	2026-08-23T00:35:00Z	failure	1	086b40abd4	
32628655511	pr.yml	pull_request	camera_upstream	2026-08-23T08:35:12Z	failure	1	b2a3469665	
32630223672	pr.yml	pull_request	camera_upstream	2026-08-23T09:09:33Z	failure	1	f8a6cfdac6	
32664375903	push.yml	push	master	2026-08-23T20:25:45Z	failure	1	a79176ee35	
32665562627	pr.yml	pull_request	fix-test-results	2026-08-23T20:48:50Z	success	1	4f7268d316	
32665649876	push.yml	push	master	2026-08-23T20:50:30Z	failure	1	5dcb7e91ce	
32665763648	pr.yml	pull_request	backport/2951-to-wrynose	2026-08-23T20:52:43Z	success	1	831fe0f02e	
32671731027	pr.yml	pull_request	backport/2950-to-wrynose	2026-08-23T22:48:52Z	success	1	7657cd8994	
32673820456	nightly-build-wrynose.yml	schedule	master	2026-08-23T23:30:37Z	success	1	5dcb7e91ce	
32673824360	nightly-build.yml	workflow_dispatch	wrynose	2026-08-23T23:30:41Z	success	1	f415a09a64	
32677138253	nightly-build.yml	schedule	master	2026-08-24T00:35:15Z	failure	1	5dcb7e91ce	
32690575882	pr.yml	pull_request	backport/seatd-selinux-fix-to-wrynose	2026-08-24T04:35:22Z	success	2	5f888b79a5	
32691711575	pr.yml	pull_request	mahua_init	2026-08-24T04:54:40Z	failure	1	b8013a1c37	
32692993622	pr.yml	pull_request	arun/update-shikra-boot-00065	2026-08-24T05:17:27Z	cancelled	1	8e1eb16e4a	
32693417650	push.yml	push	master	2026-08-24T05:24:21Z	failure	1	a930199f55	
32693607296	pr.yml	pull_request	arun/update-shikra-boot-00065	2026-08-24T05:27:32Z	success	1	23fe7fa70c	
32693934379	pr.yml	pull_request	bala/cam_service_1.0.5	2026-08-24T05:33:10Z	success	1	1684438287	
32695554120	pr.yml	pull_request	promote-qcom-6.18.y-20260804	2026-08-24T06:00:17Z	success	1	99cbd8cb2c	
32701018347	pr.yml	pull_request	kgsl	2026-08-24T07:19:45Z	success	1	cbf07070fb	
32702604434	pr.yml	pull_request	qcom-next-update	2026-08-24T07:40:55Z	success	1	813e4b3ebd	
32713417478	pr.yml	pull_request	pakalNknp	2026-08-24T09:47:28Z	success	2	2a7d5a97ac	
32716695659	pr.yml	pull_request	bump-uboot-qcom-next-be2aa511	2026-08-24T10:25:19Z	success	1	1dcbb22be1	
32718716757	pr.yml	pull_request	feature/boot_binaries_udpate	2026-08-24T10:49:30Z	cancelled	1	df481c003b	
32718717226	pr.yml	pull_request	feature/boot_binaries_udpate	2026-08-24T10:49:30Z	success	1	df481c003b	
32725200869	pr.yml	pull_request	dev_newrepo	2026-08-24T12:05:13Z	cancelled	1	ba00534279	
32725490969	pr.yml	pull_request	dev	2026-08-24T12:08:29Z	cancelled	1	eb78274dd0	
32725550786	pr.yml	pull_request	dev	2026-08-24T12:09:09Z	cancelled	1	e90dfc0ae2	
32726457112	pr.yml	pull_request	shikra-release	2026-08-24T12:19:05Z	failure	1	8122ba4328	
32730608236	push.yml	push	master	2026-08-24T13:05:09Z	failure	1	7d62e619dc	
32732183142	pr.yml	pull_request	dev	2026-08-24T13:21:11Z	success	1	79e1a999a1	
32732670446	pr.yml	pull_request	dev_newrepo	2026-08-24T13:26:09Z	failure	1	d050b42c25	
32737608415	pr.yml	pull_request	kvm	2026-08-24T14:15:46Z	success	1	05b140797a	
32740279691	pr.yml	pull_request	kas-next	2026-08-24T14:41:39Z	success	1	fba90883d8	
32743037978	push.yml	push	wrynose	2026-08-24T15:08:30Z	failure	1	162a2fbe14	
32753173074	push.yml	push	master	2026-08-24T16:50:41Z	failure	1	5b638c837a	
32754222603	pr.yml	pull_request	camx_downstream	2026-08-24T17:01:30Z	success	1	df83026dba	
32756598134	pr.yml	pull_request	bump-base-lock-20260816	2026-08-24T17:26:04Z	success	1	4c6edcfc31	
32766241740	pr.yml	pull_request	ci-rt-kvm-matrix-dedup	2026-08-24T19:06:29Z	success	1	798c02f417	
32789652927	nightly-build-wrynose.yml	schedule	master	2026-08-24T23:30:32Z	success	1	5b638c837a	
32789662187	nightly-build.yml	workflow_dispatch	wrynose	2026-08-24T23:30:39Z	failure	1	162a2fbe14	
32794231148	nightly-build.yml	schedule	master	2026-08-25T00:35:14Z	failure	1	5b638c837a	
32797069549	push.yml	push	master	2026-08-25T01:19:04Z	failure	1	fbb4619902	
32797087502	pr.yml	pull_request	backport/2991-to-wrynose	2026-08-25T01:19:20Z	success	1	5cadb50713	
32810053390	pr.yml	pull_request	arun/update-shikra-boot-00065	2026-08-25T04:43:38Z	success	1	163772d12d	
32821157899	pr.yml	pull_request	feature/boot_binaries_udpate	2026-08-25T07:21:04Z	success	1	0abe3b964a	
32825713862	pr.yml	pull_request	mesa	2026-08-25T08:15:46Z	failure	1	76e4379cdf	
32826603445	pr.yml	pull_request	mesa-master	2026-08-25T08:26:18Z	cancelled	1	248c443a40	
32827609363	pr.yml	pull_request	dtb_metadata	2026-08-25T08:37:47Z	success	1	141197709b	
32832250737	pr.yml	pull_request	qcom-next-update	2026-08-25T09:29:50Z	success	1	79baa1e5d3	
32833977335	pr.yml	pull_request	mesa-master	2026-08-25T09:49:10Z	cancelled	1	92237fe19a	
32840848943	pr.yml	pull_request	dev	2026-08-25T11:09:26Z	success	1	11f1c61b62	
32841006485	pr.yml	pull_request	backport/2973-to-wrynose	2026-08-25T11:11:14Z	success	1	dc015d97b5	
32841339243	push.yml	push	master	2026-08-25T11:15:02Z	failure	1	24004ac387	
32841357937	pr.yml	pull_request	backport/2983-to-wrynose	2026-08-25T11:15:14Z	success	1	904f4b7b06	
32841441509	pr.yml	pull_request	dev_newrepo	2026-08-25T11:16:10Z	cancelled	1	94e8ac5423	
32841948239	pr.yml	pull_request	dev_newrepo	2026-08-25T11:22:11Z	failure	1	94e8ac5423	
32842982469	push.yml	push	master	2026-08-25T11:34:05Z	failure	1	90f67c5e0c	
32843295585	pr.yml	pull_request	split-build-yocto	2026-08-25T11:37:46Z	success	1	608b7b61c9	
32845675542	push.yml	push	master	2026-08-25T12:05:07Z	failure	1	896dff1109	
32845698673	pr.yml	pull_request	backport/2872-to-wrynose	2026-08-25T12:05:22Z	success	1	0de79b2337	
32854838643	pr.yml	pull_request	compile-drop-action	2026-08-25T13:41:18Z	cancelled	1	dda581e50d	
32865109120	push.yml	push	master	2026-08-25T15:19:49Z	failure	1	c901c15e11	
32866311287	pr.yml	pull_request	bump-base-lock-20260816	2026-08-25T15:31:20Z	success	1	5b1a4fc821	
32867156585	pr.yml	pull_request	ptest	2026-08-25T15:39:31Z	cancelled	1	eb00195f35	
32868307888	pr.yml	pull_request	ptest	2026-08-25T15:50:43Z	cancelled	1	da29a417c3	
32868411546	pr.yml	pull_request	ccache	2026-08-25T15:51:44Z	success	1	28464f962f	
32868924853	push.yml	push	wrynose	2026-08-25T15:56:47Z	failure	1	995c6c441d	
32871975629	pr.yml	pull_request	camx_downstream	2026-08-25T16:26:30Z	failure	1	34e53a29ff	
32875347149	pr.yml	pull_request	ptest	2026-08-25T17:00:41Z	success	2	dc6ad875c6	
32878225583	push.yml	push	wrynose	2026-08-25T17:29:53Z	failure	1	9d6b0021d1	
32893981002	pr.yml	pull_request	bump-base-lock-20260816	2026-08-25T20:12:16Z	cancelled	1	c27cf63e1c	
32893984104	pr.yml	pull_request	bump-base-lock-20260816	2026-08-25T20:12:18Z	success	1	c27cf63e1c	
32894733588	push.yml	push	master	2026-08-25T20:20:05Z	failure	1	eb117926a6	
32901586840	pr.yml	pull_request	backport-2956-2976-zizmor-to-wrynose	2026-08-25T21:32:56Z	success	1	832243125c	
32907395703	pr.yml	pull_request	bump-base-lock-20260816	2026-08-25T22:42:09Z	success	1	29814a37a6	
32909768593	pr.yml	pull_request	bump-base-lock-20260825	2026-08-25T23:13:09Z	failure	1	fa40864fe7	
32910793329	push.yml	push	wrynose	2026-08-25T23:26:46Z	failure	1	e637a9e343	
32911192286	nightly-build-wrynose.yml	schedule	master	2026-08-25T23:32:05Z	success	1	eb117926a6	
32911199823	nightly-build.yml	workflow_dispatch	wrynose	2026-08-25T23:32:11Z	failure	1	e637a9e343	
32911956609	pr.yml	pull_request	fix-optee	2026-08-25T23:42:24Z	success	1	44f5476fad	
32912148148	pr.yml	pull_request	backport/2970-to-wrynose	2026-08-25T23:45:02Z	success	1	16861261a0	
32912507264	push.yml	push	master	2026-08-25T23:50:06Z	cancelled	1	ac25463b2d	
32912525468	pr.yml	pull_request	backport/2989-to-wrynose	2026-08-25T23:50:20Z	success	2	c8820ebfa2	
32912774874	push.yml	push	wrynose	2026-08-25T23:53:50Z	cancelled	1	3ef326056e	
32913168814	push.yml	push	master	2026-08-25T23:59:19Z	failure	1	f1da0badb2	
32914119238	pr.yml	pull_request	backport-2993-to-wrynose	2026-08-26T00:12:35Z	success	1	357cc5b93b	
32915670271	nightly-build.yml	schedule	master	2026-08-26T00:35:06Z	failure	1	f1da0badb2	
32918011728	push.yml	push	master	2026-08-26T01:11:10Z	failure	1	b072376004	
32918028042	pr.yml	pull_request	backport/2980-to-wrynose	2026-08-26T01:11:26Z	success	1	e8363607f4	
32918056783	push.yml	push	master	2026-08-26T01:11:53Z	failure	1	e0546b31b2	
32918076675	pr.yml	pull_request	backport/2997-to-wrynose	2026-08-26T01:12:10Z	success	1	479e0aacf7	
32919366355	push.yml	push	wrynose	2026-08-26T01:32:36Z	cancelled	1	e2db3e6ac1	
32919629665	push.yml	push	wrynose	2026-08-26T01:36:40Z	failure	1	49751c582a	
32921644998	push.yml	push	master	2026-08-26T02:09:07Z	cancelled	1	9202562949	
32923422948	pr.yml	pull_request	lock-update	2026-08-26T02:37:31Z	cancelled	1	53803df728	
32924193309	pr.yml	pull_request	selinux-qrtr-modload-net-admin	2026-08-26T02:50:10Z	success	1	e9199343be	
32925964841	pr.yml	pull_request	mahua_init	2026-08-26T03:18:38Z	success	1	8473abf6f3	
32926019148	pr.yml	pull_request	camx_downstream	2026-08-26T03:19:31Z	failure	1	5a5f42f53a	
32927944711	push.yml	push	master	2026-08-26T03:50:21Z	failure	1	4847db3c7f	
32928100217	pr.yml	pull_request	lock-update	2026-08-26T03:52:50Z	success	1	0b3302148a	
32932777485	push.yml	push	master	2026-08-26T05:06:48Z	cancelled	1	5b62aa52cd	
32932791112	pr.yml	pull_request	backport/2952-to-wrynose	2026-08-26T05:07:01Z	success	1	c2e2ead331	
32941703073	pr.yml	pull_request	m2-cologne	2026-08-26T07:13:18Z	failure	1	35c392d0be	
32943751678	pr.yml	pull_request	initramfs-udev-root-only	2026-08-26T07:38:31Z	success	1	ad365db7bb	
32953010136	pr.yml	pull_request	qcom-next-update	2026-08-26T09:26:29Z	success	1	d7c0a7d975	
32954112528	pr.yml	pull_request	kvm	2026-08-26T09:38:56Z	success	1	d3af1c8da7	
32954129152	pr.yml	pull_request	dev_newrepo	2026-08-26T09:39:07Z	success	1	ebfd5b28ed	
32954984671	pr.yml	pull_request	kas-next	2026-08-26T09:48:53Z	success	1	d4c87524dd	
32958176837	pr.yml	pull_request	lock	2026-08-26T10:25:34Z	failure	1	8d8b4d56ac	
32958574980	pr.yml	pull_request	camx_downstream	2026-08-26T10:30:16Z	failure	1	3c1f746bf0	
32970799071	pr.yml	pull_request	fix-optee	2026-08-26T12:50:58Z	success	1	ba7c9cf46e	
32972573139	pr.yml	pull_request	m2-cologne	2026-08-26T13:09:43Z	failure	2	c6d852fe46	
32989523636	pr.yml	pull_request	dev	2026-08-26T16:38:26Z	success	1	f9feee270b	
32990094867	pr.yml	pull_request	camx_downstream	2026-08-26T16:44:20Z	success	1	318b4e4973	
33000055888	nightly-build.yml	workflow_dispatch	master	2026-08-26T18:30:28Z	failure	2	5b62aa52cd	
33005392128	pr.yml	pull_request	ci-exclude-ota-artifacts	2026-08-26T19:29:08Z	cancelled	1	641f6d1c02	
33006020848	pr.yml	pull_request	bump-base-lock-20260825	2026-08-26T19:36:11Z	cancelled	1	b181e1dc7f	
33006048414	pr.yml	pull_request	ci-exclude-ota-artifacts	2026-08-26T19:36:28Z	success	1	427ae757aa	
33011826817	pr.yml	pull_request	bump-base-lock-20260825	2026-08-26T20:43:23Z	cancelled	1	363ca51185	
33012573819	push.yml	push	wrynose	2026-08-26T20:52:20Z	failure	3	18bb43fd5c	
33021271604	pr.yml	pull_request	bump-base-lock-20260825	2026-08-26T22:54:28Z	success	1	0e75b98f2b	
33022768241	pr.yml	pull_request	perf-catchall-image	2026-08-26T23:17:10Z	success	1	bcd43dd410	
33025049492	pr.yml	pull_request	ci-weekly-build-profile	2026-08-26T23:57:10Z	cancelled	1	23a751d131	
33027224825	nightly-build-wrynose.yml	schedule	master	2026-08-27T00:33:18Z	success	1	5b62aa52cd	
33027229337	nightly-build.yml	workflow_dispatch	wrynose	2026-08-27T00:33:23Z	failure	1	18bb43fd5c	
33028457766	pr.yml	pull_request	ci-weekly-build-profile	2026-08-27T00:55:59Z	success	1	164a0c0ad3	
33032009950	nightly-build.yml	schedule	master	2026-08-27T02:02:16Z	success	1	5b62aa52cd	
33044282990	pr.yml	pull_request	remove-camera-feature-flags	2026-08-27T05:59:35Z	failure	1	32ede6db7e	
33050166898	pr.yml	pull_request	eliza_a722_support	2026-08-27T07:32:49Z	success	2	17d8f417ba	
33057585827	pr.yml	pull_request	lock-update	2026-08-27T09:13:40Z	success	1	91b38928c5	
33059468662	pr.yml	pull_request	gllnxFC	2026-08-27T09:38:16Z	success	2	7406123926	
33061213597	pr.yml	pull_request	lock	2026-08-27T10:01:32Z	success	1	76a5c46dd7	
33065633497	pr.yml	pull_request	dev	2026-08-27T11:02:35Z	cancelled	1	b504d83e51	
33066332722	pr.yml	pull_request	dev_newrepo	2026-08-27T11:12:08Z	success	1	c6d946b250	
33067916102	pr.yml	pull_request	ccache	2026-08-27T11:33:44Z	cancelled	1	d504013bce	
33071543188	pr.yml	pull_request	backport/2916-to-wrynose	2026-08-27T12:22:19Z	cancelled	1	f8f99bce78	
33071598400	pr.yml	pull_request	backport/2916-to-wrynose	2026-08-27T12:23:02Z	success	1	416a77cc01	
33074305723	pr.yml	pull_request	dev	2026-08-27T12:56:41Z	success	1	90604f5917	
33080249739	pr.yml	pull_request	monaco-iommu-fix	2026-08-27T14:04:44Z	success	2	fc010e0d3c	
33102855197	pr.yml	pull_request	update-urm-to-v0.4.7	2026-08-27T18:19:01Z	success	1	218ae3793f	
33119496089	push.yml	push	wrynose	2026-08-27T21:44:05Z	failure	1	11d201917e	
33119558459	push.yml	push	master	2026-08-27T21:44:55Z	failure	1	156395efc6	
33119580615	pr.yml	pull_request	backport/3014-to-wrynose	2026-08-27T21:45:12Z	success	2	118f498949	
33119833049	push.yml	push	wrynose	2026-08-27T21:48:39Z	failure	1	79ab4673d6	
33125899467	push.yml	push	master	2026-08-27T23:20:03Z	cancelled	1	f8ad1f4208	
33127650355	push.yml	push	wrynose	2026-08-27T23:49:50Z	failure	1	f7ebd88bd7	
33127718112	push.yml	push	wrynose	2026-08-27T23:51:01Z	failure	1	ce14668114	
33127798040	push.yml	push	wrynose	2026-08-27T23:52:26Z	failure	1	a3ca1c21f7	
33127845424	push.yml	push	wrynose	2026-08-27T23:53:14Z	failure	1	cc16c406d3	
33133463816	push.yml	push	wrynose	2026-08-28T01:38:18Z	failure	1	cd8ca61729	
33134757334	nightly-build-wrynose.yml	schedule	master	2026-08-28T02:03:46Z	success	1	f8ad1f4208	
33134762357	nightly-build.yml	workflow_dispatch	wrynose	2026-08-28T02:03:51Z	failure	1	cd8ca61729	
33138853554	nightly-build.yml	schedule	master	2026-08-28T03:25:39Z	failure	1	f8ad1f4208	
33148543268	pr.yml	pull_request	qcom-6.18.y-update	2026-08-28T06:37:16Z	success	2	8b0ba50cec	
33153183302	pr.yml	pull_request	ci/add-shikra-premerge	2026-08-28T07:53:47Z	success	2	77531ff1bd	
33157232621	pr.yml	pull_request	remove-camera-feature-flags	2026-08-28T08:55:04Z	cancelled	1	76501f0471	
33157688804	pr.yml	pull_request	remove-camera-feature-flags	2026-08-28T09:01:52Z	cancelled	1	b2e2444d90	
33158595431	pr.yml	pull_request	remove-camera-feature-flags	2026-08-28T09:15:10Z	success	1	8b5dd4e61d	
33158889666	pr.yml	pull_request	update-urm-to-v0.4.7	2026-08-28T09:19:30Z	success	1	e07c6fe0d2	
33161011934	pr.yml	pull_request	camx_downstream	2026-08-28T09:50:29Z	failure	1	6d65cd01ec	
33161764687	pr.yml	pull_request	performance-disable-gpt-auto	2026-08-28T10:01:46Z	success	1	9cbd101441	
33165171325	pr.yml	pull_request	eliza_a722_support	2026-08-28T10:55:07Z	success	2	325ff1d9b4	
33174064302	push.yml	push	master	2026-08-28T13:08:27Z	failure	1	878df66964	
33174079516	pr.yml	pull_request	backport/3025-to-wrynose	2026-08-28T13:08:40Z	success	1	691b8126f8	
33174567405	push.yml	push	master	2026-08-28T13:15:17Z	failure	2	5635b1baeb	
33174585387	pr.yml	pull_request	backport/3019-to-wrynose	2026-08-28T13:15:31Z	success	1	9c1a35d491	
33175818261	push.yml	push	master	2026-08-28T13:32:01Z	failure	1	cf4acfb465	
33176321670	push.yml	push	wrynose	2026-08-28T13:38:31Z	failure	1	5ae8dc23c0	
33176541486	push.yml	push	wrynose	2026-08-28T13:41:21Z	cancelled	1	7c866d518c	
33177124889	push.yml	push	wrynose	2026-08-28T13:48:49Z	cancelled	1	8da7e96ef0	
33177801963	pr.yml	pull_request	kas-next	2026-08-28T13:57:30Z	success	1	bfc7bf5a06	
33177935838	pr.yml	pull_request	lock	2026-08-28T13:59:15Z	cancelled	1	5c438c38f1	
33180995576	pr.yml	pull_request	camx_downstream	2026-08-28T14:36:13Z	success	2	abffebcd74	
33184446031	push.yml	push	master	2026-08-28T15:17:55Z	success	1	1f08898b55	
33184468018	pr.yml	pull_request	backport/2992-to-wrynose	2026-08-28T15:18:11Z	success	2	f56911c9a3	
33185096087	push.yml	push	master	2026-08-28T15:25:52Z	success	1	8468e40f99	
33186955592	pr.yml	pull_request	backport/3005-to-wrynose	2026-08-28T15:48:43Z	failure	1	d6edb39142	
33187385007	pr.yml	pull_request	licences	2026-08-28T15:54:08Z	success	1	932cf7621f	
33187904886	push.yml	push	wrynose	2026-08-28T16:00:40Z	cancelled	1	b9a2c0df45	
33190619386	pr.yml	pull_request	ptest	2026-08-28T16:34:36Z	failure	1	45b4ec11a3	
33192654798	pr.yml	pull_request	kgsl	2026-08-28T17:00:32Z	success	1	8af0b0add8	
33194233703	pr.yml	pull_request	m2-cologne	2026-08-28T17:20:39Z	failure	2	41be6d74ab	
33206699875	pr.yml	pull_request	bump-base-lock-20260828	2026-08-28T20:05:13Z	cancelled	1	e8b084df07	
33207393487	pr.yml	pull_request	bump-base-lock-20260828	2026-08-28T20:14:42Z	cancelled	1	52a3a62302	
33209174046	pr.yml	pull_request	ptest	2026-08-28T20:39:36Z	cancelled	1	c7b9376277	
33219921169	pr.yml	pull_request	bump-base-lock-20260828	2026-08-28T23:17:24Z	success	1	f5e0dc3881	
33220341017	nightly-build-wrynose.yml	schedule	master	2026-08-28T23:24:42Z	success	1	8468e40f99	
33220345716	nightly-build.yml	workflow_dispatch	wrynose	2026-08-28T23:24:46Z	failure	1	b9a2c0df45	
33224888895	nightly-build.yml	schedule	master	2026-08-29T00:54:05Z	failure	1	8468e40f99	
33247577658	pr.yml	pull_request	backport/3005-to-wrynose	2026-08-29T10:20:05Z	cancelled	1	6eb326d4e7	
33247577677	pr.yml	pull_request	backport/3005-to-wrynose	2026-08-29T10:20:05Z	failure	1	6eb326d4e7	
33250154908	pr.yml	pull_request	meta-qcom-add-sv-recipe	2026-08-29T11:27:06Z	success	1	34a05689c4	
33260086314	push.yml	push	master	2026-08-29T15:22:34Z	failure	1	cc049607c9	
33265273618	push.yml	push	master	2026-08-29T17:18:21Z	failure	1	dd63433af3	
33265283310	pr.yml	pull_request	backport/3028-to-wrynose	2026-08-29T17:18:33Z	success	1	d6a27d5ff1	
33274502087	pr.yml	pull_request	qimsdk-1.1.0-master	2026-08-29T20:50:07Z	success	1	8b3c2391d3	
33280918650	nightly-build-wrynose.yml	schedule	master	2026-08-29T23:24:46Z	success	1	dd63433af3	
33280923413	nightly-build.yml	workflow_dispatch	wrynose	2026-08-29T23:24:52Z	success	1	b9a2c0df45	
33284877065	nightly-build.yml	schedule	master	2026-08-30T01:05:51Z	failure	1	dd63433af3	
33289315506	push.yml	push	wrynose	2026-08-30T03:01:39Z	failure	1	e52d6a8cac	
33290196327	push.yml	push	wrynose	2026-08-30T03:24:41Z	failure	1	39ebe48e3f	
33290235810	push.yml	push	master	2026-08-30T03:25:41Z	failure	1	4888034414	
33290244137	pr.yml	pull_request	backport/2904-to-wrynose	2026-08-30T03:25:54Z	success	1	c5499ba7bf	
33290887049	pr.yml	pull_request	qimsdk-1.1.0-master	2026-08-30T03:42:48Z	cancelled	1	64a8b2af34	
33291439629	pr.yml	pull_request	qimsdk-1.1.0-master	2026-08-30T03:58:15Z	success	1	56a01a92b9	
33292076227	pr.yml	pull_request	qimsdk-1.1.0-wrynose	2026-08-30T04:15:08Z	success	1	f5db7636a6	
33320991360	push.yml	push	master	2026-08-30T15:55:25Z	failure	1	2fb78e8d00	
33322791349	push.yml	push	next	2026-08-30T16:33:30Z	failure	4	6af4cb52b4	
33339193746	pr.yml	pull_request	kas-next	2026-08-30T22:27:17Z	success	1	16ddba007c	
33339414573	pr.yml	pull_request	lock	2026-08-30T22:32:20Z	success	1	7ba7ad9fff	
33341772013	nightly-build-wrynose.yml	schedule	master	2026-08-30T23:25:18Z	success	1	2fb78e8d00	
33341776936	nightly-build.yml	workflow_dispatch	wrynose	2026-08-30T23:25:25Z	failure	1	39ebe48e3f	
33346624474	nightly-build.yml	schedule	master	2026-08-31T01:07:41Z	failure	1	2fb78e8d00	
33376745558	pr.yml	pull_request	compile-drop-action	2026-08-31T09:15:18Z	cancelled	1	35b64b18d1	
33381677132	pr.yml	pull_request	m2-cologne	2026-08-31T10:16:43Z	success	2	17930f2812	
33383249853	pr.yml	pull_request	world	2026-08-31T10:37:26Z	failure	1	9279ebb6b6	
33386516756	pr.yml	pull_request	sstatesig-do_image_complete	2026-08-31T11:20:39Z	success	1	3f62d5da8a	
33386676162	pr.yml	pull_request	abseil-cpp	2026-08-31T11:22:45Z	failure	1	679af5db9a	
33392214767	pr.yml	pull_request	feature/boot_binaries_udpate	2026-08-31T12:31:55Z	cancelled	1	381917b6ff	
33392459011	pr.yml	pull_request	feature/boot_binaries_udpate	2026-08-31T12:34:47Z	success	1	9e2106be37	
33393975224	pr.yml	pull_request	ccache	2026-08-31T12:52:51Z	success	1	2ca5572070	
33407404613	push.yml	push	wrynose	2026-08-31T15:15:30Z	failure	1	807b9e67cb	
33407496417	push.yml	push	master	2026-08-31T15:16:26Z	failure	1	c5aa066b3e	
33415581611	pr.yml	pull_request	known-failures	2026-08-31T16:42:25Z	success	1	7f730808be	
33426608362	push.yml	push	master	2026-08-31T18:43:37Z	failure	1	7a69a553a8	
33426959929	push.yml	push	next	2026-08-31T18:47:20Z	failure	1	fe79dafcd3	
33429332271	pr.yml	pull_request	pakalNknp	2026-08-31T19:13:04Z	success	2	7b4ba8f5e3	
33429970006	pr.yml	pull_request	feat/qdte-lite-capsule-2456	2026-08-31T19:19:59Z	success	1	0e66a76cac	
33429999492	pr.yml	pull_request	bump-base-lock-20260829	2026-08-31T19:20:17Z	failure	1	b0c5204528	
33430814504	pr.yml	pull_request	capsule-fixes	2026-08-31T19:29:09Z	success	1	2bcef4cd94	
33431735113	push.yml	push	wrynose	2026-08-31T19:39:09Z	failure	1	ddf3994af1	
33441764625	pr.yml	pull_request	python3-pycairo	2026-08-31T21:31:14Z	cancelled	1	9d40a6b4f9	
33441835739	pr.yml	pull_request	python3-pycairo	2026-08-31T21:32:03Z	success	1	cf6c3f4c9e	
33448452323	pr.yml	pull_request	bump-base-lock-20260829	2026-08-31T22:55:42Z	success	2	3a0220fa4d	
33450660276	nightly-build-wrynose.yml	schedule	master	2026-08-31T23:26:04Z	success	1	7a69a553a8	
33450668577	nightly-build.yml	workflow_dispatch	wrynose	2026-08-31T23:26:10Z	cancelled	1	ddf3994af1	
33450975568	push.yml	push	wrynose	2026-08-31T23:30:36Z	cancelled	1	6c3e7def44	
33453353471	push.yml	push	master	2026-09-01T00:05:37Z	cancelled	1	7ccca1cfd4	
33453367442	pr.yml	pull_request	backport/3035-to-wrynose	2026-09-01T00:05:50Z	success	2	2d28175e3a	
33457907552	nightly-build.yml	schedule	master	2026-09-01T01:13:47Z	cancelled	1	7ccca1cfd4	
33458984240	push.yml	push	master	2026-09-01T01:30:07Z	cancelled	1	c6e58bea64	
33462405905	pr.yml	pull_request	backport-3018-to-wrynose	2026-09-01T02:24:19Z	success	2	f495a46b7e	
33462592489	pr.yml	pull_request	qimsdk-1.1.0-wrynose	2026-09-01T02:27:17Z	cancelled	1	e6bb80c0dd	
33463379022	push.yml	push	wrynose	2026-09-01T02:39:53Z	cancelled	1	74f4d1572f	
33463978916	push.yml	push	master	2026-09-01T02:49:33Z	failure	1	a1b6820c58	
33464250301	push.yml	push	master	2026-09-01T02:54:00Z	failure	1	de8c5d22a7	
33464261572	pr.yml	pull_request	backport/2975-to-wrynose	2026-09-01T02:54:12Z	success	2	2713ce407e	
33470707614	pr.yml	pull_request	camx_downstream	2026-09-01T04:40:19Z	success	1	737d1ebf20	
33487749321	pr.yml	pull_request	lock	2026-09-01T08:34:43Z	success	1	a5c7fa9ca3	
33487911596	push.yml	push	wrynose	2026-09-01T08:36:36Z	failure	1	546983a1bc	
33492296962	pr.yml	pull_request	python3-pycairo	2026-09-01T09:27:18Z	cancelled	1	9c40ea1578	
33492297669	pr.yml	pull_request	python3-pycairo	2026-09-01T09:27:19Z	success	1	9c40ea1578	
33495482351	pr.yml	pull_request	ccache	2026-09-01T10:04:03Z	cancelled	1	702291f947	
33496054870	pr.yml	pull_request	ccache	2026-09-01T10:10:40Z	success	1	5989d856e1	
33496880866	pr.yml	pull_request	ptest	2026-09-01T10:20:10Z	success	1	1ea89f659f	
33505344987	pr.yml	pull_request	enable-onnx-gst-plugin	2026-09-01T12:00:15Z	cancelled	1	b67cac1436	
33511237367	pr.yml	pull_request	enable-onnx-gst-plugin	2026-09-01T13:04:31Z	failure	1	007331b8b9	
33518537949	push.yml	push	next	2026-09-01T14:17:05Z	failure	2	45aaa283b9	
33522267010	pr.yml	pull_request	ptest	2026-09-01T14:53:09Z	cancelled	1	f9eb2318ef	
33530091993	pr.yml	pull_request	backport-2314-to-wrynose	2026-09-01T16:09:16Z	success	2	5b77eb40af	
33530969959	pr.yml	pull_request	kodiak-kvm	2026-09-01T16:18:07Z	cancelled	1	b6c9efc02c	
33532586391	pr.yml	pull_request	ptest	2026-09-01T16:34:24Z	success	1	906cd47717	
33534054326	pr.yml	pull_request	kodiak-kvm	2026-09-01T16:48:58Z	success	1	373420dcc6	
33538132020	pr.yml	pull_request	gunyah-in-ci	2026-09-01T17:30:06Z	success	1	463979bd87	
33549964020	pr.yml	pull_request	qimsdk-1.1.0-master	2026-09-01T19:31:08Z	cancelled	1	24f2104ec0	
33549964212	pr.yml	pull_request	qimsdk-1.1.0-master	2026-09-01T19:31:08Z	success	2	24f2104ec0	
33561167732	push.yml	push	master	2026-09-01T21:27:32Z	failure	1	8a5f40f9dd	
33561188144	pr.yml	pull_request	backport/2990-to-wrynose	2026-09-01T21:27:46Z	success	1	e237c729ec	
33563130568	push.yml	push	master	2026-09-01T21:49:28Z	failure	1	f00721cb54	
33563576721	pr.yml	pull_request	fsx	2026-09-01T21:54:37Z	success	1	7138c4fd44	
33570918966	nightly-build-wrynose.yml	schedule	master	2026-09-01T23:25:02Z	success	1	f00721cb54	
33570928304	nightly-build.yml	workflow_dispatch	wrynose	2026-09-01T23:25:08Z	failure	1	546983a1bc	
33577800563	nightly-build.yml	schedule	master	2026-09-02T01:02:50Z	failure	1	f00721cb54	
33580128761	push.yml	push	wrynose	2026-09-02T01:37:28Z	failure	1	84d75422b1	
33591612768	pr.yml	pull_request	ci/optimize-systemd-console-startup	2026-09-02T04:39:02Z	success	1	b2bda09798	
33598075756	pr.yml	pull_request	enable-onnx-gst-plugin	2026-09-02T06:15:45Z	failure	1	007331b8b9	
33598662305	pr.yml	pull_request	master	2026-09-02T06:24:02Z	success	1	85d444612d	
33598684270	pr.yml	pull_request	testkit-ref-update	2026-09-02T06:24:18Z	success	1	1548c1c5aa	
33600342373	pr.yml	pull_request	update-lava-ref-2-latest	2026-09-02T06:46:08Z	failure	1	8411df9740	
33601209984	pr.yml	pull_request	lsm-policy-260902-5	2026-09-02T06:57:18Z	success	1	9e62004361	
33604523152	pr.yml	pull_request	kodiak-kvm	2026-09-02T07:37:44Z	failure	1	24d0264ad8	
33608465812	pr.yml	pull_request	ccache	2026-09-02T08:23:41Z	failure	1	d8fe1b8e7d	
33615644295	pr.yml	pull_request	python3-pycairo	2026-09-02T09:43:09Z	success	1	2303dca811	
33616575284	pr.yml	pull_request	kodiak-kvm	2026-09-02T09:53:32Z	success	1	37cc3bb5c2	
33616893076	pr.yml	pull_request	feat/qdte-lite-capsule-2456	2026-09-02T09:57:08Z	success	1	0fd9dafcf6	
33618569869	pr.yml	pull_request	gllnxFC	2026-09-02T10:16:02Z	success	2	d2dd63b412	
33619452056	pr.yml	pull_request	backport/2912-to-wrynose	2026-09-02T10:26:13Z	success	1	ff66dcddd7	
33620768852	push.yml	push	wrynose	2026-09-02T10:41:33Z	failure	1	c2f168953b	
33621350654	push.yml	push	wrynose	2026-09-02T10:48:19Z	failure	1	4c46569073	
33621396260	push.yml	push	wrynose	2026-09-02T10:48:52Z	failure	1	bc136ab241	
33623434052	pr.yml	pull_request	bala/smartvenc_1.0.2	2026-09-02T11:12:54Z	failure	1	10d0533087	
33625631460	push.yml	push	wrynose	2026-09-02T11:38:11Z	failure	1	27aa0d7ffd	
33627190468	pr.yml	pull_request	draco-evk	2026-09-02T11:56:09Z	failure	1	0d924d8c0f	
33628878987	pr.yml	pull_request	daizhuang/iq-615-evk-m2connector	2026-09-02T12:15:00Z	failure	1	2c9831e2af	
33630012257	pr.yml	pull_request	push/d97e7b7f	2026-09-02T12:27:22Z	action_required	1	d97e7b7f1b	
33630211470	pr.yml	pull_request	qcom-6.18.y-update	2026-09-02T12:29:33Z	success	1	0ea119106a	
33639521706	pr.yml	pull_request	update-urm-to-v0.4.7	2026-09-02T14:02:56Z	success	1	9668678f11	
33643703868	pr.yml	pull_request	fsx	2026-09-02T14:41:36Z	success	1	0df38008d8	
33656490396	pr.yml	pull_request	update-urm-to-v0.4.7	2026-09-02T16:41:44Z	success	1	cd32566dec	
33657724224	push.yml	push	master	2026-09-02T16:53:51Z	failure	1	360e476e86	
33657987556	push.yml	push	master	2026-09-02T16:56:25Z	failure	1	b358d4c7ab	
33658008877	pr.yml	pull_request	backport/3038-to-wrynose	2026-09-02T16:56:38Z	success	1	5fafe257b7	
33667534323	pr.yml	pull_request	bump-base-lock-20260829	2026-09-02T18:29:42Z	cancelled	1	67d283b27d	
33671793523	push.yml	push	master	2026-09-02T19:11:20Z	cancelled	1	6c1c638575	
33672206970	pr.yml	pull_request	backport-fsx	2026-09-02T19:15:27Z	success	2	6cd98f08d9	
33672468109	pr.yml	pull_request	bump-base-lock-20260829	2026-09-02T19:18:02Z	success	2	427d9b74b5	
33675607038	pr.yml	pull_request	image-adbd-gadget-modules	2026-09-02T19:49:25Z	success	1	da06ddf180	
33685444454	pr.yml	pull_request	bootbins-00139	2026-09-02T21:29:43Z	success	1	fe3431da40	
33692706172	push.yml	push	master	2026-09-02T22:55:45Z	failure	1	d5f0f440e0	
33692720827	pr.yml	pull_request	backport/2244-to-wrynose	2026-09-02T22:55:58Z	success	1	5b697be296	
33694472644	pr.yml	pull_request	ccache	2026-09-02T23:18:24Z	cancelled	1	3b2a54ebf3	
33695079028	nightly-build-wrynose.yml	schedule	master	2026-09-02T23:26:24Z	success	1	d5f0f440e0	
33695087703	nightly-build.yml	workflow_dispatch	wrynose	2026-09-02T23:26:31Z	failure	1	27aa0d7ffd	
33695335474	pr.yml	pull_request	ccache	2026-09-02T23:29:50Z	cancelled	1	3cb5e3c994	
33700967269	pr.yml	pull_request	camx_downstream	2026-09-03T00:47:06Z	cancelled	1	661902d19e	
33701752005	pr.yml	pull_request	camx_downstream	2026-09-03T00:58:43Z	cancelled	1	9a8c516ff6	
33702144055	nightly-build.yml	schedule	master	2026-09-03T01:04:12Z	failure	1	d5f0f440e0	
33702349185	pr.yml	pull_request	camx_downstream	2026-09-03T01:07:07Z	cancelled	1	05ce19fbb0	
33704967868	pr.yml	pull_request	push/d97e7b7f	2026-09-03T01:45:56Z	success	2	d7a8a0d97c	
33706582705	pr.yml	pull_request	camx_downstream	2026-09-03T02:10:04Z	cancelled	1	47a4e384a9	
33707108048	pr.yml	pull_request	camx_downstream	2026-09-03T02:17:58Z	cancelled	1	4d8fb63f06	
33707119200	pr.yml	pull_request	camx_downstream	2026-09-03T02:18:08Z	success	4	b9db446a0e	
33707958108	push.yml	push	master	2026-09-03T02:31:30Z	failure	1	fcadf0c38a	
33713385716	pr.yml	pull_request	bala/smartvenc_1.0.2	2026-09-03T03:59:42Z	success	1	378aeb5370	
33717567513	pr.yml	pull_request	master	2026-09-03T05:07:23Z	success	1	367894b666	
33722272036	pr.yml	pull_request	bump-uboot-qcom-next-94cbcc2	2026-09-03T06:13:49Z	success	1	953d9e85cc	
33731530533	pr.yml	pull_request	ccache	2026-09-03T08:06:01Z	cancelled	1	128d5d74ed	
33738405570	pr.yml	pull_request	camxlib-hamoa	2026-09-03T09:21:44Z	cancelled	1	2283d7930a	
33738537180	pr.yml	pull_request	bootbins-00139	2026-09-03T09:23:09Z	cancelled	1	3e8644282c	
33739624004	pr.yml	pull_request	bootbins-00139	2026-09-03T09:34:46Z	success	1	1ab230ec96	
33742343074	pr.yml	pull_request	camxlib-hamoa	2026-09-03T10:04:37Z	cancelled	1	9a9f9ed213	
33742401259	pr.yml	pull_request	feat/secure-boot-signing	2026-09-03T10:05:13Z	success	1	a1ee798039	
33743347123	pr.yml	pull_request	camxlib-hamoa	2026-09-03T10:15:46Z	cancelled	1	444272067d	
33745323012	pr.yml	pull_request	camxlib-hamoa	2026-09-03T10:37:39Z	cancelled	1	4cfddf1ffb	
33746821273	pr.yml	pull_request	camxlib-hamoa	2026-09-03T10:54:35Z	cancelled	1	b0ce1fdc17	
33748353846	pr.yml	pull_request	camxlib-hamoa	2026-09-03T11:11:46Z	failure	1	14f131ec54	
33754386368	pr.yml	pull_request	ignore-qa	2026-09-03T12:17:39Z	success	1	92e514d4ab	
33754969552	push.yml	push	master	2026-09-03T12:23:54Z	failure	1	f1409d4289	
33754995108	pr.yml	pull_request	backport/3022-to-wrynose	2026-09-03T12:24:10Z	success	1	2316e38362	
33758234013	pr.yml	pull_request	camxlib-hamoa	2026-09-03T12:57:23Z	cancelled	1	7655f6611e	
33758632799	pr.yml	pull_request	20260903_Bootcritical_72	2026-09-03T13:01:21Z	failure	2	77f7d54ec1	
33758669934	pr.yml	pull_request	ccache	2026-09-03T13:01:43Z	cancelled	1	0ee59b22ba	
33759584800	pr.yml	pull_request	camxlib-hamoa	2026-09-03T13:10:49Z	cancelled	1	f1ccf12efc	
33762142219	pr.yml	pull_request	camxlib-hamoa	2026-09-03T13:37:06Z	cancelled	1	ce3b71dac1	
33767132840	pr.yml	pull_request	camxlib-hamoa	2026-09-03T14:29:21Z	cancelled	1	10a57a0974	
33774527557	pr.yml	pull_request	ccache	2026-09-03T15:45:33Z	cancelled	1	55397c6f5f	
33774902414	push.yml	push	wrynose	2026-09-03T15:49:16Z	cancelled	1	42c4fcba09	
33776429301	push.yml	push	master	2026-09-03T16:04:30Z	failure	1	304872cd55	
33776458114	pr.yml	pull_request	backport/3073-to-wrynose	2026-09-03T16:04:47Z	success	1	3e97fe6a44	
33776764538	pr.yml	pull_request	ccache	2026-09-03T16:07:49Z	cancelled	1	8fe5d7753f	
33778909305	pr.yml	pull_request	ccache	2026-09-03T16:29:15Z	failure	1	10c878e619	
33783250828	pr.yml	pull_request	lock	2026-09-03T17:13:12Z	success	1	04d2525d8f	
33785124192	push.yml	push	next	2026-09-03T17:32:02Z	failure	1	cf863ca2a8	
33787353256	push.yml	push	wrynose	2026-09-03T17:54:42Z	failure	1	a574b21340	
33815107348	pr.yml	pull_request	backport/2057-to-wrynose	2026-09-03T22:53:02Z	failure	1	6f0d04ec77	
33815257631	push.yml	push	master	2026-09-03T22:55:00Z	failure	1	3f84ad9d9b	
33815278793	pr.yml	pull_request	backport/2792-to-wrynose	2026-09-03T22:55:16Z	success	2	d15309daa5	
33815828416	push.yml	push	master	2026-09-03T23:02:42Z	failure	1	f87afad001	
33817523666	nightly-build-wrynose.yml	schedule	master	2026-09-03T23:25:15Z	success	1	f87afad001	
33817532358	nightly-build.yml	workflow_dispatch	wrynose	2026-09-03T23:25:21Z	failure	1	a574b21340	
33821631060	pr.yml	pull_request	qcom-capsule-fix-hamoa-leak	2026-09-04T00:23:57Z	success	1	8580b36937	
33821943500	pr.yml	pull_request	capsule-fixes	2026-09-04T00:28:35Z	cancelled	1	58a3b1fd5d	
33821943805	pr.yml	pull_request	capsule-fixes	2026-09-04T00:28:36Z	success	1	58a3b1fd5d	
33824103396	nightly-build.yml	schedule	master	2026-09-04T01:01:06Z	failure	1	f87afad001	
33837462279	pr.yml	pull_request	kgsl	2026-09-04T04:36:55Z	success	1	994f3c4161	
33850307550	push.yml	push	wrynose	2026-09-04T07:47:03Z	failure	1	bfe2312f02	
33868365217	pr.yml	pull_request	master	2026-09-04T11:31:37Z	cancelled	1	7551c3bdcd	
33868366696	pr.yml	pull_request	master	2026-09-04T11:31:38Z	success	1	7551c3bdcd	
33929444343	nightly-build-wrynose.yml	schedule	master	2026-09-04T23:25:26Z	success	1	f87afad001	
33929450813	nightly-build.yml	workflow_dispatch	wrynose	2026-09-04T23:25:33Z	failure	1	bfe2312f02	
33934769230	weekly-build.yml	schedule	master	2026-09-05T00:59:47Z	failure	1	f87afad001	
33990762542	pr.yml	pull_request	qcom-ptool-bump-b63a84c1	2026-09-05T20:39:25Z	success	1	2d52e1405a	
33997106928	pr.yml	pull_request	evk-open-fw-spl-fit	2026-09-05T22:52:01Z	failure	1	a56bd06a10	
33998617363	nightly-build-wrynose.yml	schedule	master	2026-09-05T23:25:03Z	success	1	f87afad001	
33998621468	nightly-build.yml	workflow_dispatch	wrynose	2026-09-05T23:25:08Z	success	1	bfe2312f02	
34003109063	nightly-build.yml	schedule	master	2026-09-06T01:08:21Z	success	1	f87afad001	
34008470927	pr.yml	pull_request	android-gadget-udc-pinning	2026-09-06T03:13:53Z	success	1	fa91be16b2	
34058837203	pr.yml	pull_request	rtss-mailbox-recipe-pin	2026-09-06T20:42:45Z	failure	1	723a98c379	
34066857595	nightly-build-wrynose.yml	schedule	master	2026-09-06T23:25:39Z	success	1	f87afad001	
34066861659	nightly-build.yml	workflow_dispatch	wrynose	2026-09-06T23:25:44Z	success	1	bfe2312f02	
34071967682	nightly-build.yml	schedule	master	2026-09-07T01:07:16Z	success	1	f87afad001	
34081869264	push.yml	push	wrynose	2026-09-07T04:06:10Z	failure	1	f0b8f548f6	
34088207929	pr.yml	pull_request	bootbins-00139	2026-09-07T05:48:20Z	success	1	16c741d20e	
34089680644	pr.yml	pull_request	enable-onnx-gst-plugin	2026-09-07T06:10:47Z	success	1	23000bbbfd	
34095974407	pr.yml	pull_request	20260903_Bootcritical_72	2026-09-07T07:32:36Z	success	2	e26516bb65	
34102593211	pr.yml	pull_request	bootbins-00139	2026-09-07T08:48:51Z	cancelled	1	f60cfa4e99	
34103027879	pr.yml	pull_request	bootbins-00139	2026-09-07T08:53:47Z	cancelled	1	4628cec59a	
34103533205	pr.yml	pull_request	ccache	2026-09-07T08:59:37Z	cancelled	1	048eae8e65	
34104209143	pr.yml	pull_request	ccache	2026-09-07T09:07:04Z	success	1	f16a384db1	
34108070397	pr.yml	pull_request	bootbins-00139	2026-09-07T09:48:23Z	cancelled	1	22caf38d19	
34108689735	pr.yml	pull_request	bootbins-00139	2026-09-07T09:55:23Z	cancelled	1	8e72dc3fac	
34113559484	pr.yml	pull_request	bootbins-00139	2026-09-07T10:50:51Z	success	1	578ce36ab8	
34118354317	pr.yml	pull_request	sstatesig-do_image_complete	2026-09-07T11:46:35Z	success	1	8e45085049	
34121107639	push.yml	push	master	2026-09-07T12:17:45Z	failure	1	7659417348	
34121508463	pr.yml	pull_request	meta-qcom-add-eva-recipe	2026-09-07T12:22:24Z	failure	1	c15864a276	
34128460244	pr.yml	pull_request	shikra-conf-update	2026-09-07T13:37:46Z	failure	1	2d3dce44c5	
34131464141	pr.yml	pull_request	build-id	2026-09-07T14:10:13Z	success	2	44b6a3e426	
34131579728	pr.yml	pull_request	sstatesig-do_image_complete	2026-09-07T14:11:25Z	success	1	9cf32dbf2b	
34136784173	pr.yml	pull_request	add-opencv-base-packageconfig	2026-09-07T15:09:05Z	success	2	a5c6b82d6c	
34152706921	push.yml	push	wrynose	2026-09-07T18:42:29Z	failure	1	3fa6c0041f	
34153113515	push.yml	push	wrynose	2026-09-07T18:48:25Z	failure	1	dd4b8eeeb7	
34170015027	nightly-build-wrynose.yml	schedule	master	2026-09-07T23:25:53Z	success	1	7659417348	
34170020712	nightly-build.yml	workflow_dispatch	wrynose	2026-09-07T23:25:59Z	failure	1	dd4b8eeeb7	
34175365960	nightly-build.yml	schedule	master	2026-09-08T01:03:34Z	failure	1	7659417348	
34177947701	push.yml	push	wrynose	2026-09-08T01:49:41Z	failure	1	4d01419134	
34193351152	pr.yml	pull_request	mahua_init	2026-09-08T06:07:55Z	success	1	c949addee8	
34194554391	pr.yml	pull_request	ci/optimize-systemd-console-startup	2026-09-08T06:24:55Z	success	1	e2cd06c46a	
34194944468	pr.yml	pull_request	qmi-framework-0.1.4	2026-09-08T06:30:18Z	success	1	a13876e3b7	
34197233699	pr.yml	pull_request	enable-onnx-gst-plugin	2026-09-08T07:00:29Z	success	1	61667b4bbb	
34199435897	pr.yml	pull_request	meta-qcom-add-sv-recipe	2026-09-08T07:27:40Z	success	1	f34e690a4d	
34200981925	pr.yml	pull_request	CDT_LYRA_EVK	2026-09-08T07:46:00Z	failure	2	77983c960e	
34202252632	pr.yml	pull_request	topic/rouven/qcom-bootimg-external-dt	2026-09-08T08:01:06Z	action_required	1	27110cf2da	
34204569334	pr.yml	pull_request	topic/rouven/qcom-bootimg-external-dt	2026-09-08T08:27:10Z	success	3	aa00cff93c	
34209355458	pr.yml	pull_request	enable-root-only-udev-trigger	2026-09-08T09:19:25Z	success	1	8bccce94af	
34211689277	pr.yml	pull_request	bootbins-00139	2026-09-08T09:44:44Z	cancelled	1	12a34bc70a	
34212373757	pr.yml	pull_request	bootbins-00139	2026-09-08T09:52:10Z	success	1	9363f79e11	
34213365337	pr.yml	pull_request	ci/optimize-systemd-console-startup	2026-09-08T10:03:14Z	success	1	44787243b8	
34218025738	pr.yml	pull_request	build-id	2026-09-08T10:56:00Z	success	1	b27756242e	
34219362618	pr.yml	pull_request	master	2026-09-08T11:11:18Z	success	1	aa319fdab0	
34224835652	pr.yml	pull_request	update-urm-to-v0.4.7	2026-09-08T12:12:59Z	success	1	0e6c2b5ef1	
34225086288	pr.yml	pull_request	fix-armv7	2026-09-08T12:15:40Z	success	1	b020966a55	
34241032023	push.yml	push	master	2026-09-08T14:51:57Z	failure	1	b4a3554165	
34245276089	push.yml	push	wrynose	2026-09-08T15:31:17Z	failure	1	3a5d1df527	
34247137018	pr.yml	pull_request	ptest	2026-09-08T15:48:37Z	success	2	441f99400e	
34250053941	push.yml	push	master	2026-09-08T16:16:34Z	failure	1	0dab24c825	
34256222033	push.yml	push	master	2026-09-08T17:17:45Z	failure	1	6594db6ace	
34256247533	pr.yml	pull_request	backport/3061-to-wrynose	2026-09-08T17:18:00Z	success	1	59bd33757c	
34256373863	push.yml	push	master	2026-09-08T17:19:16Z	failure	1	19c2357433	
34256397006	pr.yml	pull_request	backport/3080-to-wrynose	2026-09-08T17:19:30Z	success	1	7680690991	
34263974405	push.yml	push	master	2026-09-08T18:35:48Z	failure	1	c02e1d343b	
34266787099	pr.yml	pull_request	nord-on-master	2026-09-08T19:04:12Z	failure	1	bc2b02a6da	
34273027669	push.yml	push	master	2026-09-08T20:08:17Z	failure	1	2832e2bbab	
34273071044	pr.yml	pull_request	backport/2907-to-wrynose	2026-09-08T20:08:43Z	success	1	0c9ce4b705	
34280341835	pr.yml	pull_request	evk-open-fw-spl-fit	2026-09-08T21:23:39Z	success	1	074c19d97f	
34281552822	pr.yml	pull_request	fastcv-188-build-date	2026-09-08T21:36:38Z	success	1	02e6985ded	
34290619567	nightly-build-wrynose.yml	schedule	master	2026-09-08T23:26:00Z	success	1	2832e2bbab	
34290628586	nightly-build.yml	workflow_dispatch	wrynose	2026-09-08T23:26:06Z	failure	1	3a5d1df527	
34291142517	pr.yml	pull_request	rtss-mailbox-recipe-pin	2026-09-08T23:33:01Z	failure	1	7b0844dd54	
34297554598	nightly-build.yml	schedule	master	2026-09-09T01:02:41Z	failure	1	2832e2bbab	
34305563565	pr.yml	pull_request	meta-qcom	2026-09-09T03:02:28Z	success	1	042035eefa	
34313293408	pr.yml	pull_request	20260903_Bootcritical_72	2026-09-09T05:02:34Z	action_required	1	afbb331332	
34313979136	pr.yml	pull_request	20260903_Bootcritical_72	2026-09-09T05:12:50Z	success	2	3ca619635e	
34316831426	pr.yml	pull_request	fastcv-binaries-pbt	2026-09-09T05:55:15Z	success	1	409fb5d1a3	
34322235990	pr.yml	pull_request	CDT_LYRA_EVK	2026-09-09T07:06:54Z	action_required	1	f2416f1bfe	
34323383177	pr.yml	pull_request	hamoaNpurva	2026-09-09T07:20:55Z	success	2	76891aafd2	
34330291413	pr.yml	pull_request	bootbins-00139	2026-09-09T08:39:11Z	success	1	995d530b4e	
34333386048	pr.yml	pull_request	talos-lyra-evk	2026-09-09T09:12:18Z	failure	2	34866a3e38	
34337123351	pr.yml	pull_request	rtss-mailbox-recipe-pin	2026-09-09T09:52:14Z	failure	1	09b4afda44	
34337676414	pr.yml	pull_request	anupkulk/rtss_can	2026-09-09T09:58:23Z	action_required	1	0a7c337a79	
34359022477	push.yml	push	master	2026-09-09T13:44:29Z	failure	1	ef87f90f8e	
34359046747	pr.yml	pull_request	backport/2961-to-wrynose	2026-09-09T13:44:42Z	success	1	efee41e110	
34359170198	push.yml	push	next	2026-09-09T13:45:49Z	failure	1	906879abb6	
34366416837	pr.yml	pull_request	ci-test-pr-recreate-comment	2026-09-09T14:51:47Z	success	1	cc28ff95c7	
34367727396	pr.yml	pull_request	ci/optimize-systemd-console-startup	2026-09-09T15:03:33Z	success	1	541b8353c8	
34371279989	push.yml	push	master	2026-09-09T15:35:49Z	failure	1	e41e41196f	
34371404769	pr.yml	pull_request	backport/2907-to-wrynose	2026-09-09T15:37:00Z	success	1	7654d502eb	
34381902384	push.yml	push	master	2026-09-09T17:16:33Z	failure	1	bc1ff3a326	
34390096377	pr.yml	pull_request	bump-base-lock-20260908	2026-09-09T18:37:00Z	cancelled	1	e19c51b58d	
34395688240	push.yml	push	wrynose	2026-09-09T19:32:42Z	success	1	0809302936	
34403989474	pr.yml	pull_request	bump-base-lock-20260908	2026-09-09T20:56:00Z	failure	1	b528e4732c	
34411171520	pr.yml	pull_request	ci-debug-weekly	2026-09-09T22:14:09Z	success	1	93bd74e27a	
34413253992	pr.yml	pull_request	metadata-improvements	2026-09-09T22:38:57Z	success	1	81b82c7572	
34414310119	push.yml	push	next	2026-09-09T22:52:17Z	failure	1	510081838f	
34415283674	pr.yml	pull_request	ci-bitbake-startup	2026-09-09T23:04:51Z	success	1	1a392b2bd8	
34416937499	nightly-build-wrynose.yml	schedule	master	2026-09-09T23:26:27Z	success	1	bc1ff3a326	
34416947559	nightly-build.yml	workflow_dispatch	wrynose	2026-09-09T23:26:34Z	failure	1	0809302936	
34417026504	pr.yml	pull_request	perf-qcomflash-spdx	2026-09-09T23:27:37Z	success	1	77ff467b89	
34420441250	push.yml	push	master	2026-09-10T00:14:33Z	failure	1	fe1d1b4368	
34420460531	pr.yml	pull_request	backport/3071-to-wrynose	2026-09-10T00:14:48Z	success	1	cbd9f63898	
34420655874	pr.yml	pull_request	backport/3064-to-wrynose	2026-09-10T00:17:25Z	success	1	efc67938fd	
34423758832	nightly-build.yml	schedule	master	2026-09-10T01:01:25Z	failure	1	fe1d1b4368	
34426713632	pr.yml	pull_request	ci/optimize-systemd-console-startup	2026-09-10T01:45:07Z	success	1	3b1ff61de5	
34427229143	pr.yml	pull_request	evk-open-fw-spl-fit	2026-09-10T01:52:58Z	success	1	45c1a65003	
34431331336	push.yml	push	wrynose	2026-09-10T02:55:29Z	failure	1	ec98e4a55f	
34441759751	pr.yml	pull_request	20260903_Bootcritical_72	2026-09-10T05:36:37Z	success	2	b84434c7a7	
34443884973	pr.yml	pull_request	meta-qcom	2026-09-10T06:08:00Z	failure	1	ccafa3d5a4	
34443922542	pr.yml	pull_request	nord-on-master	2026-09-10T06:08:33Z	cancelled	1	0d06b515f8	
34445016266	pr.yml	pull_request	meta-qcom	2026-09-10T06:23:54Z	failure	1	6e4334b25e	
34447390407	pr.yml	pull_request	nord-on-master	2026-09-10T06:54:54Z	failure	1	0ac3eb92d4	
34449227797	pr.yml	pull_request	camx-dlkm	2026-09-10T07:17:32Z	success	1	9cf4a452a0	
34461574844	pr.yml	pull_request	metadata-improvements	2026-09-10T09:36:34Z	cancelled	1	0ad8374054	
34462708653	pr.yml	pull_request	metadata-improvements	2026-09-10T09:48:53Z	success	1	908e505c4a	
34466402329	pr.yml	pull_request	rtss-mailbox-recipe-pin	2026-09-10T10:30:22Z	success	1	92922bc353	
34470970691	pr.yml	pull_request	anupkulk/rtss_can	2026-09-10T11:22:43Z	action_required	1	98efc72757	
34474746531	pr.yml	pull_request	CameraFitChanges	2026-09-10T12:05:14Z	failure	1	81efbbcf68	
34481520316	pr.yml	pull_request	overlay_qcom	2026-09-10T13:15:34Z	action_required	1	5f9853d0cc	
34481740806	pr.yml	pull_request	overlay_qcom	2026-09-10T13:17:42Z	failure	2	1c8c4d9098	
34483048170	push.yml	push	master	2026-09-10T13:30:19Z	failure	1	35b36f4901	
34483080405	pr.yml	pull_request	backport/2880-to-wrynose	2026-09-10T13:30:36Z	success	1	6bbf4839b7	
34483319099	push.yml	push	master	2026-09-10T13:32:53Z	failure	1	faf4f4c012	
34483346227	pr.yml	pull_request	backport/3102-to-wrynose	2026-09-10T13:33:08Z	success	1	1365eca8cd	
34484143265	push.yml	push	wrynose	2026-09-10T13:40:46Z	failure	1	4cdb8b0566	
34486884271	pr.yml	pull_request	backport/3005-to-wrynose	2026-09-10T14:06:31Z	success	1	d4da613000	
34486980543	push.yml	push	wrynose	2026-09-10T14:07:25Z	failure	1	1ac3faa221	
34493935107	pr.yml	pull_request	android-gadget-udc-pinning	2026-09-10T15:11:18Z	success	1	cdcd21cf78	
34504303360	pr.yml	pull_request	ccache	2026-09-10T16:48:02Z	success	1	39cf185608	
34505016808	push.yml	push	master	2026-09-10T16:55:06Z	failure	1	2ce43225b8	
34505042070	pr.yml	pull_request	backport/3110-to-wrynose	2026-09-10T16:55:21Z	success	1	db62325ffd	
34505628091	pr.yml	pull_request	a702_wrynose_fix	2026-09-10T17:01:10Z	success	2	5c82ba393c	
34511876720	push.yml	push	master	2026-09-10T18:02:29Z	failure	1	d8abf78023	
34511994505	pr.yml	pull_request	backport/3090-to-wrynose	2026-09-10T18:03:40Z	success	1	e36d79eb9a	
34517664006	push.yml	push	master	2026-09-10T18:59:16Z	failure	1	fc9a9e41ed	
34517686509	pr.yml	pull_request	backport/3069-to-wrynose	2026-09-10T18:59:29Z	success	1	ab7e5fe45b	
34520363700	pr.yml	pull_request	anupkulk/rtss_can	2026-09-10T19:25:55Z	action_required	1	bffbbb1763	
34520485377	pr.yml	pull_request	anupkulk/rtss_can	2026-09-10T19:27:11Z	action_required	1	d10f1db05e	
34520562131	pr.yml	pull_request	anupkulk/rtss_can	2026-09-10T19:28:00Z	action_required	1	5689383346	
34522045733	pr.yml	pull_request	revert-rb1-firtmware	2026-09-10T19:43:01Z	failure	1	cba647e591	
34542108951	nightly-build-wrynose.yml	schedule	master	2026-09-10T23:25:48Z	success	1	fc9a9e41ed	
34542117199	nightly-build.yml	workflow_dispatch	wrynose	2026-09-10T23:25:54Z	failure	1	1ac3faa221	
34544029905	pr.yml	pull_request	bump-base-lock-20260908	2026-09-10T23:52:07Z	success	1	31ac841d9e	
34548811506	pr.yml	pull_request	revert-rb1-firtmware	2026-09-11T00:59:36Z	success	1	900ac44409	
34548898557	nightly-build.yml	schedule	master	2026-09-11T01:00:46Z	failure	1	fc9a9e41ed	
34551602226	push.yml	push	master	2026-09-11T01:40:23Z	failure	1	2e2c53e8c2	
34551616520	pr.yml	pull_request	backport/3109-to-wrynose	2026-09-11T01:40:36Z	success	1	8f2fcdde6b	
34552011618	push.yml	push	wrynose	2026-09-11T01:46:34Z	failure	1	18463664db	
34552015703	push.yml	push	master	2026-09-11T01:46:37Z	failure	1	6a1f83661c	
34557574093	pr.yml	pull_request	qcom-6.18.y-update	2026-09-11T03:12:40Z	success	1	c2d8230d5e	
34557704520	push.yml	push	wrynose	2026-09-11T03:14:45Z	failure	1	76144a3008	
34558582335	push.yml	push	master	2026-09-11T03:28:40Z	failure	1	1efd3553d3	
34559113212	push.yml	push	wrynose	2026-09-11T03:36:59Z	failure	1	02ec7019f3	
34559176705	pr.yml	pull_request	lvds_master	2026-09-11T03:38:01Z	failure	1	e9eb40c695	
34559532973	push.yml	push	wrynose	2026-09-11T03:43:44Z	failure	1	fb21bd1303	
34563209668	pr.yml	pull_request	nord-on-master	2026-09-11T04:42:36Z	failure	1	bd28c94671	
34563227486	pr.yml	pull_request	20260903_Bootcritical_72	2026-09-11T04:42:52Z	action_required	1	b84434c7a7	
34564993580	pr.yml	pull_request	rtss-mailbox-recipe-pin	2026-09-11T05:11:19Z	success	1	e9db04c3b4	
34565923125	pr.yml	pull_request	20260903_Bootcritical_72	2026-09-11T05:25:49Z	success	2	9945a5f57d	
34568882880	pr.yml	pull_request	CameraFitChanges	2026-09-11T06:11:19Z	failure	1	5b616e94be	
34569710182	pr.yml	pull_request	update_camera_service	2026-09-11T06:23:24Z	success	2	5fa3b01fe9	
34570936394	pr.yml	pull_request	ci/optimize-systemd-console-startup	2026-09-11T06:40:28Z	success	1	4f69ef8cea	
34571060649	pr.yml	pull_request	kodiak-kvm	2026-09-11T06:42:11Z	cancelled	1	457c7949c4	
34571069240	pr.yml	pull_request	lvds_master	2026-09-11T06:42:19Z	failure	1	e9eb40c695	
34571148254	pr.yml	pull_request	kodiak-kvm	2026-09-11T06:43:25Z	success	1	62eb8a7e3b	
34571577911	pr.yml	pull_request	fix/kgsl-dlkm-governor-header	2026-09-11T06:49:20Z	failure	1	7faee4ee28	
34581088791	pr.yml	pull_request	ci/optimize-systemd-console-startup	2026-09-11T08:49:34Z	cancelled	1	46c0616b5c	
34581161213	pr.yml	pull_request	ci/optimize-systemd-console-startup	2026-09-11T08:50:25Z	success	1	a60563a7eb	
34587173517	pr.yml	pull_request	upgrade_qairt_2_50	2026-09-11T10:01:54Z	failure	2	afe3105d21	
34587552937	pr.yml	pull_request	kas-container-shell-helper	2026-09-11T10:06:17Z	success	1	c2c160f7b4	
34589119038	pr.yml	pull_request	xbl-config-combined	2026-09-11T10:25:11Z	cancelled	1	d3628eb994	
34589191252	pr.yml	pull_request	bootbins-00142	2026-09-11T10:26:04Z	success	1	c7eaff2b16	
34590805990	pr.yml	pull_request	CDT_LYRA_EVK	2026-09-11T10:46:06Z	action_required	1	77983c960e	
34591103692	pr.yml	pull_request	CDT_LYRA_EVK	2026-09-11T10:49:50Z	success	2	00aa63fd70	
34595351102	pr.yml	pull_request	xbl-config-combined	2026-09-11T11:42:47Z	success	1	593470d79c	
34598562792	pr.yml	pull_request	teja/lowmem	2026-09-11T12:22:16Z	failure	1	2fed10ef89	
34603863854	push.yml	push	wrynose	2026-09-11T13:21:45Z	failure	1	e0809821bb	
34607722025	pr.yml	pull_request	master	2026-09-11T14:01:53Z	success	1	f26f1e5450	
34613590825	push.yml	push	wrynose	2026-09-11T15:01:02Z	failure	1	c7d10c092a	
34614885753	push.yml	push	next	2026-09-11T15:13:54Z	failure	1	fd63d72a4e	
34615205813	pr.yml	pull_request	ptest	2026-09-11T15:17:06Z	failure	1	e5947981e4	
34616349986	pr.yml	pull_request	ptest	2026-09-11T15:28:42Z	success	1	8a49744d10	
34616524722	pr.yml	pull_request	camx_downstream	2026-09-11T15:30:27Z	cancelled	1	93c04f4982	
34617880973	pr.yml	pull_request	camx_downstream	2026-09-11T15:44:06Z	cancelled	1	476018777d	
34618056161	pr.yml	pull_request	camx_downstream	2026-09-11T15:45:52Z	success	1	5c24655640	
34618056760	push.yml	push	wrynose	2026-09-11T15:45:53Z	failure	1	61e3606441	
34619963356	pr.yml	pull_request	talos-lyra-evk	2026-09-11T16:05:25Z	failure	2	a00936cb51	
34623794493	push.yml	push	wrynose	2026-09-11T16:45:10Z	failure	1	d5ca4a0079	
34624580962	pr.yml	pull_request	camera_downstream	2026-09-11T16:53:31Z	failure	2	cc44d19c99	
34645561417	push.yml	push	master	2026-09-11T20:41:39Z	failure	1	f9c179a4b3	
34645576955	pr.yml	pull_request	backport/3050-to-wrynose	2026-09-11T20:41:52Z	success	1	90654245bd	
34646759617	pr.yml	pull_request	evk-open-fw-spl-fit	2026-09-11T20:55:37Z	success	1	63576a7281	
34649325691	push.yml	push	next	2026-09-11T21:25:41Z	failure	1	2bfe6897a6	
34649673648	pr.yml	pull_request	test-job-summary-fixes	2026-09-11T21:30:05Z	success	1	62fa91b975	
34649831262	pr.yml	pull_request	camx_downstream	2026-09-11T21:31:57Z	cancelled	1	f4f0395bab	
34649926311	pr.yml	pull_request	camx_downstream	2026-09-11T21:33:06Z	success	1	5b75ae5647	
34653444323	pr.yml	pull_request	anupkulk/rtss_can	2026-09-11T22:18:54Z	action_required	1	aba9af1c79	
34658068121	nightly-build-wrynose.yml	schedule	master	2026-09-11T23:26:25Z	success	1	f9c179a4b3	
34658072686	nightly-build.yml	workflow_dispatch	wrynose	2026-09-11T23:26:30Z	failure	1	d5ca4a0079	
34659605766	push.yml	push	master	2026-09-11T23:51:28Z	failure	1	f312b478d8	
34659622071	pr.yml	pull_request	backport/3026-to-wrynose	2026-09-11T23:51:44Z	success	1	e5207a3909	
34660597349	pr.yml	pull_request	evk-open-fw-spl-fit	2026-09-12T00:08:16Z	success	1	d9f25b7ba4	
34663419607	weekly-build.yml	schedule	master	2026-09-12T00:59:31Z	failure	1	f312b478d8	
34672115126	push.yml	push	master	2026-09-12T04:06:09Z	failure	1	6919027d3c	
34672204959	push.yml	push	wrynose	2026-09-12T04:08:08Z	failure	1	15228ced85	
34673116424	push.yml	push	master	2026-09-12T04:29:05Z	failure	1	87cec8c808	
34674173718	pr.yml	pull_request	camx_downstream	2026-09-12T04:53:17Z	success	1	f3e88a6cc4	
34675341807	push.yml	push	master	2026-09-12T05:20:38Z	failure	1	598ea1ff65	
34677561928	pr.yml	pull_request	master	2026-09-12T06:13:16Z	success	1	97223d6e29	
34679966507	pr.yml	pull_request	upgrade_qairt_2_50	2026-09-12T07:09:02Z	failure	1	7f09965184	
34691030913	push.yml	push	wrynose	2026-09-12T11:25:47Z	failure	1	9cf6475b09	
34691178744	push.yml	push	wrynose	2026-09-12T11:29:29Z	failure	1	04cb529eb5	
34696018803	pr.yml	pull_request	kodiak-kvm	2026-09-12T13:17:30Z	success	1	fcc936ea6a	
34705516134	pr.yml	pull_request	v1.0.28	2026-09-12T16:31:53Z	success	1	d2c9056f96	
34711239004	push.yml	push	master	2026-09-12T18:27:23Z	failure	1	bccc3bb2f6	
34711252889	pr.yml	pull_request	backport/3113-to-wrynose	2026-09-12T18:27:38Z	success	1	9467e136c7	
34715160909	pr.yml	pull_request	upgrade_imsdk_2_0_1	2026-09-12T19:46:53Z	success	1	8cfbf37148	
34717772927	pr.yml	pull_request	ccache	2026-09-12T20:40:23Z	success	2	97389cbbb3	
34724590038	pr.yml	pull_request	backport/3075-to-wrynose	2026-09-12T23:07:43Z	success	1	a82f271af9	
34725399228	nightly-build-wrynose.yml	schedule	master	2026-09-12T23:25:58Z	success	1	bccc3bb2f6	
34725402920	nightly-build.yml	workflow_dispatch	wrynose	2026-09-12T23:26:03Z	failure	1	04cb529eb5	
34729757643	nightly-build.yml	schedule	master	2026-09-13T01:08:02Z	failure	1	bccc3bb2f6	
34737785844	pr.yml	pull_request	camx_downstream	2026-09-13T04:23:47Z	success	1	a903c261e2	
34741884233	pr.yml	pull_request	upgrade_qairt_2_50	2026-09-13T06:05:13Z	failure	1	6ad9a1f628	
34750578938	push.yml	push	master	2026-09-13T09:56:04Z	failure	1	68852eadc4	
34751702323	pr.yml	pull_request	backport/3139-to-wrynose	2026-09-13T10:23:01Z	failure	1	28e16aa9ab	
34753811001	pr.yml	pull_request	kodiak-kvm	2026-09-13T11:12:00Z	success	1	0b8d0f195b	
34759989100	push.yml	push	wrynose	2026-09-13T13:29:43Z	failure	1	76b3e893f5	
34760070719	pr.yml	pull_request	backport/3139-to-wrynose	2026-09-13T13:31:21Z	success	1	28e16aa9ab	
34761313308	push.yml	push	wrynose	2026-09-13T13:58:24Z	failure	1	dc9ac456b3	
34762971636	push.yml	push	master	2026-09-13T14:32:42Z	failure	1	58b0afb633	
34762988497	pr.yml	pull_request	backport/3130-to-wrynose	2026-09-13T14:33:02Z	success	1	6602772d99	
34767532916	push.yml	push	wrynose	2026-09-13T16:05:29Z	cancelled	1	5ac671e53c	
34767561663	push.yml	push	wrynose	2026-09-13T16:06:01Z	cancelled	1	37c6ab6af0	
34769072135	push.yml	push	wrynose	2026-09-13T16:36:05Z	cancelled	1	5e980b9fd0	
34770105285	pr.yml	pull_request	backport/3139-to-wrynose	2026-09-13T16:57:02Z	success	2	23b0dd345e	
34770722691	push.yml	push	master	2026-09-13T17:09:17Z	cancelled	1	851fb9b4b5	
34770732191	pr.yml	pull_request	backport/3141-to-wrynose	2026-09-13T17:09:29Z	success	2	1750f8e4a4	
34772060655	pr.yml	pull_request	camx_downstream	2026-09-13T17:35:38Z	cancelled	1	e8763ddef6	
34776724043	pr.yml	pull_request	kodiak-kvm	2026-09-13T19:07:30Z	success	1	bc56f02295	
34789688177	nightly-build-wrynose.yml	schedule	master	2026-09-13T23:26:05Z	success	1	851fb9b4b5	
34789692930	nightly-build.yml	workflow_dispatch	wrynose	2026-09-13T23:26:10Z	failure	1	5e980b9fd0	
34792877183	pr.yml	pull_request	camx_downstream	2026-09-14T00:29:59Z	success	1	bd13736e60	
34794921245	nightly-build.yml	schedule	master	2026-09-14T01:08:18Z	failure	1	851fb9b4b5	
34810314280	pr.yml	pull_request	bump-uboot-qcom-next-5ec66cb	2026-09-14T05:37:32Z	success	1	3694822153	
34831244042	pr.yml	pull_request	kodiak-kvm	2026-09-14T10:04:04Z	cancelled	1	bcecb6673a	
34831465072	pr.yml	pull_request	kodiak-kvm	2026-09-14T10:06:30Z	success	1	ff7380b410	
34839783488	pr.yml	pull_request	qcom-6.18.y-update	2026-09-14T11:45:03Z	success	2	92ca228c60	
34843727909	pr.yml	pull_request	shikra-wlan-fw	2026-09-14T12:29:45Z	success	1	f2c732af2c	
34847176711	push.yml	push	wrynose	2026-09-14T13:06:24Z	failure	1	4d167b80ec	
34848804519	pr.yml	pull_request	ptool-bump	2026-09-14T13:22:05Z	success	1	2771489b3d	
34857441665	pr.yml	pull_request	wrynose-testkit-2026.08.14	2026-09-14T14:43:11Z	success	1	98fd992d5a	
34857893130	push.yml	push	master	2026-09-14T14:47:14Z	failure	1	74d8c0ecbe	
34866889276	pr.yml	pull_request	world	2026-09-14T16:09:59Z	failure	1	1c0d62fa77	
34870373303	pr.yml	pull_request	camx_downstream	2026-09-14T16:43:31Z	success	1	82549f06a4	
34883608255	pr.yml	pull_request	qcom-common-binary	2026-09-14T18:53:59Z	cancelled	1	0cb64c613d	
34890186883	pr.yml	pull_request	evk-open-fw-spl-fit	2026-09-14T19:59:26Z	success	1	ced5e8a212	
34908832358	nightly-build-wrynose.yml	schedule	master	2026-09-14T23:25:53Z	success	1	74d8c0ecbe	
34908838422	nightly-build.yml	workflow_dispatch	wrynose	2026-09-14T23:25:57Z	failure	1	4d167b80ec	
34910640817	push.yml	push	wrynose	2026-09-14T23:50:30Z	failure	1	37eeee5f30	
34911136759	push.yml	push	master	2026-09-14T23:57:31Z	failure	1	8b6cf876a1	
34911147556	pr.yml	pull_request	backport/3126-to-wrynose	2026-09-14T23:57:42Z	success	1	4e8382ea1c	
34915756232	nightly-build.yml	schedule	master	2026-09-15T01:04:05Z	failure	2	8b6cf876a1	
34915788686	push.yml	push	master	2026-09-15T01:04:30Z	failure	1	65987a253a	
34915805071	pr.yml	pull_request	backport/3132-to-wrynose	2026-09-15T01:04:44Z	success	1	fc87608278	
34916940862	push.yml	push	wrynose	2026-09-15T01:21:37Z	failure	1	8646fec69d	
34919806538	push.yml	push	master	2026-09-15T02:05:07Z	failure	1	c6729710f0	
34919828586	pr.yml	pull_request	backport/3129-to-wrynose	2026-09-15T02:05:24Z	success	2	2f1e516f45	
34926259195	pr.yml	pull_request	revert-1904-revert	2026-09-15T03:46:22Z	cancelled	1	0090891c66	
34926457232	pr.yml	pull_request	revert-1904-revert	2026-09-15T03:49:38Z	success	2	fee4494dc6	
34928992481	pr.yml	pull_request	camx_downstream	2026-09-15T04:28:58Z	success	1	abf56bca1d	
34931324764	pr.yml	pull_request	bump-uboot-qcom-next-5ec66cb	2026-09-15T05:05:08Z	success	1	706a5b1406	
34936660795	pr.yml	pull_request	shikra-bootbinaries-00079	2026-09-15T06:22:43Z	success	1	55f8f9d928	
34938576465	pr.yml	pull_request	master	2026-09-15T06:47:59Z	action_required	1	901cdca035	
34942417885	pr.yml	pull_request	kodiak-kvm	2026-09-15T07:34:47Z	success	1	c83d9ff422	
34942524164	pr.yml	pull_request	ptool-bump	2026-09-15T07:36:00Z	success	1	4765a5d81c	
34946365263	pr.yml	pull_request	optimize-build-in-ipv6	2026-09-15T08:19:56Z	cancelled	1	42982d0d42	
34947231575	pr.yml	pull_request	7.3-rc2_fixes	2026-09-15T08:29:25Z	failure	1	41323d2429	
34947753781	pr.yml	pull_request	qcom-common-binary	2026-09-15T08:34:58Z	success	1	c0fd8442be	
34948883602	pr.yml	pull_request	ccache	2026-09-15T08:47:17Z	cancelled	1	293c9cd788	
34948990311	pr.yml	pull_request	ptest	2026-09-15T08:48:26Z	success	1	83634ba23f	
34950533904	pr.yml	pull_request	ccache	2026-09-15T09:05:02Z	cancelled	1	1f34d07c0e	
34953343125	pr.yml	pull_request	ccache	2026-09-15T09:35:30Z	cancelled	1	e16d128c4c	
34956259172	pr.yml	pull_request	optimize-build-in-ipv6	2026-09-15T10:07:31Z	success	1	42982d0d42	
34962143351	pr.yml	pull_request	upgrade_imsdk_2_0_1	2026-09-15T11:13:39Z	failure	1	7ab70eda54	
34964230861	pr.yml	pull_request	master	2026-09-15T11:36:53Z	action_required	1	f78708e8e2	
34965398433	pr.yml	pull_request	wrynose-testkit-2026.08.14	2026-09-15T11:49:39Z	success	1	f98d02ad28	
34966535081	pr.yml	pull_request	rtss-mailbox-recipe-pin	2026-09-15T12:02:00Z	failure	1	7964913f28	
34973035196	pr.yml	pull_request	camx_downstream	2026-09-15T13:07:43Z	cancelled	1	b146ef0412	
34974667482	push.yml	push	wrynose	2026-09-15T13:23:19Z	failure	1	4ef3c68a98	
34976990144	pr.yml	pull_request	rtss-mailbox-recipe-pin	2026-09-15T13:44:42Z	failure	1	322fcb0b68	
34981083638	pr.yml	pull_request	master	2026-09-15T14:21:32Z	action_required	1	a16a788cc0	
34982323233	pr.yml	pull_request	master	2026-09-15T14:32:23Z	success	2	1f1877d944	
34989590982	pr.yml	pull_request	metadata-improvements	2026-09-15T15:36:34Z	success	1	e89c1cbf30	
34991251799	pr.yml	pull_request	camx_downstream	2026-09-15T15:51:41Z	cancelled	1	8b9922a918	
34991255298	pr.yml	pull_request	camx_downstream	2026-09-15T15:51:42Z	success	1	8b9922a918	
34991385073	pr.yml	pull_request	systemd-qcom-raw-partitions-noblkid	2026-09-15T15:52:54Z	cancelled	1	b30f473427	
34991953403	pr.yml	pull_request	systemd-qcom-raw-partitions-noblkid	2026-09-15T15:58:08Z	failure	1	31db9064fc	
34998078764	pr.yml	pull_request	qcom-capsule-fix-hamoa-leak	2026-09-15T16:55:57Z	success	1	0d6b7662f5	
34999799437	pr.yml	pull_request	camx_downstream	2026-09-15T17:12:28Z	failure	1	9f165a8d65	
35008401740	pr.yml	pull_request	evk-open-fw-spl-fit	2026-09-15T18:35:15Z	success	1	918799c13a	
35008817209	pr.yml	pull_request	upgrade_qairt_2_50	2026-09-15T18:39:19Z	success	1	93de503ee9	
35011511310	pr.yml	pull_request	camx_downstream	2026-09-15T19:05:26Z	cancelled	1	4a2f0ae6df	
35015369528	pr.yml	pull_request	rtss-mailbox-recipe-pin	2026-09-15T19:43:58Z	cancelled	1	1c46326aea	
35015725884	pr.yml	pull_request	camx_downstream	2026-09-15T19:47:30Z	success	1	93a6e77979	
35015859282	pr.yml	pull_request	rtss-mailbox-recipe-pin	2026-09-15T19:48:49Z	failure	1	452a6f1a88	
35015995044	pr.yml	pull_request	upgrade_imsdk_2_0_1	2026-09-15T19:50:13Z	cancelled	1	8f8d07a369	
35016491593	push.yml	push	wrynose	2026-09-15T19:55:31Z	failure	1	02a8d8dea2	
35017722975	pr.yml	pull_request	upgrade_imsdk_2_0_1	2026-09-15T20:07:41Z	cancelled	1	eadcb538aa	
35017723604	pr.yml	pull_request	upgrade_imsdk_2_0_1	2026-09-15T20:07:41Z	cancelled	1	eadcb538aa	
35020946934	pr.yml	pull_request	upgrade_imsdk_2_0_1	2026-09-15T20:39:14Z	success	1	dedc5a1582	
35022064278	pr.yml	pull_request	upgrade_qairt_2_50	2026-09-15T20:50:22Z	success	1	f299f1795d	
35027723468	push.yml	push	wrynose	2026-09-15T21:49:11Z	failure	1	7b9e1513c9	
35032155624	push.yml	push	master	2026-09-15T22:40:47Z	failure	1	e2e564d8ef	
35032309474	push.yml	push	master	2026-09-15T22:42:46Z	failure	1	0397e37445	
35032330493	pr.yml	pull_request	backport/3150-to-wrynose	2026-09-15T22:43:03Z	success	1	1f7ba810a0	
35035709491	nightly-build-wrynose.yml	schedule	master	2026-09-15T23:27:04Z	success	1	0397e37445	
35035715709	nightly-build.yml	workflow_dispatch	wrynose	2026-09-15T23:27:09Z	failure	1	7b9e1513c9	
35036653603	pr.yml	pull_request	rtss-mailbox-recipe-pin	2026-09-15T23:39:39Z	success	1	f77a92b87e	
35042522301	nightly-build.yml	schedule	master	2026-09-16T01:03:06Z	failure	1	0397e37445	
35047316282	pr.yml	pull_request	systemd-qcom-raw-partitions-noblkid	2026-09-16T02:15:59Z	success	1	b79f372aaf	
35052740362	pr.yml	pull_request	camx_downstream	2026-09-16T03:41:26Z	success	1	28692863ae	
35053286269	pr.yml	pull_request	talos-lyra-evk	2026-09-16T03:50:02Z	failure	2	60707b5c75	
35057113740	pr.yml	pull_request	bootbins_kvm	2026-09-16T04:49:47Z	success	3	d7061528f4	
35058843208	pr.yml	pull_request	master	2026-09-16T05:16:12Z	success	2	1944469414	
35061333242	pr.yml	pull_request	upgrade_imsdk_2_0_1	2026-09-16T05:53:25Z	success	1	2dc2561b97	
35075266921	pr.yml	pull_request	kodiak-kvm	2026-09-16T08:42:35Z	success	1	44f511586b	
35099391460	pr.yml	pull_request	shikra-wlan-fw	2026-09-16T13:02:22Z	cancelled	1	67c8cd5ec9	
35099392599	pr.yml	pull_request	shikra-wlan-fw	2026-09-16T13:02:23Z	failure	1	67c8cd5ec9	
35099590688	pr.yml	pull_request	upgrade_qairt_2_50	2026-09-16T13:04:20Z	success	1	5dbd3b12b2	
35101187412	pr.yml	pull_request	feat/secure-boot-signing-v2	2026-09-16T13:19:35Z	failure	1	ee5c01acc5	
35102967703	pr.yml	pull_request	camx_fw	2026-09-16T13:36:06Z	success	2	eb56c936bc	
35106128818	pr.yml	pull_request	systemd-qcom-raw-partitions-noblkid	2026-09-16T14:05:09Z	cancelled	1	5bf71ebb2c	
35107526798	push.yml	push	master	2026-09-16T14:17:38Z	failure	1	c23d167527	
35108555614	pr.yml	pull_request	systemd-qcom-raw-partitions-noblkid	2026-09-16T14:26:38Z	success	1	69071270a2	
35109522966	push.yml	push	wrynose	2026-09-16T14:35:05Z	failure	1	3697b8c743	
35112311577	pr.yml	pull_request	ptest	2026-09-16T14:59:50Z	success	1	24d341368d	
35113132598	pr.yml	pull_request	zizmor	2026-09-16T15:06:56Z	success	1	32a301044f	
35115549200	pr.yml	pull_request	camx-dlkm	2026-09-16T15:28:16Z	failure	1	6f42a5f9a0	
35128166653	pr.yml	pull_request	shikra-wlan-fw	2026-09-16T17:26:14Z	cancelled	1	46a730e80e	
35128196010	pr.yml	pull_request	shikra-wlan-fw	2026-09-16T17:26:31Z	success	1	01dc93cd0d	
35131193919	pr.yml	pull_request	xbl-config-combined	2026-09-16T17:55:42Z	success	1	675e1c5a95	
35137238950	pr.yml	pull_request	capsule-fixes	2026-09-16T18:53:43Z	success	1	67bb1e3fa3	
35139096598	pr.yml	pull_request	rtss-mailbox-recipe-pin	2026-09-16T19:11:58Z	cancelled	1	cdb12bf478	
35139854869	pr.yml	pull_request	rtss-mailbox-recipe-pin	2026-09-16T19:19:23Z	cancelled	1	e797282492	
35140223265	pr.yml	pull_request	upgrade_imsdk_2_0_1	2026-09-16T19:23:01Z	success	1	8730eecb0f	
35142513865	pr.yml	pull_request	rtss-mailbox-recipe-pin	2026-09-16T19:45:52Z	success	1	c025f944b3	
35142542849	push.yml	push	master	2026-09-16T19:46:11Z	failure	1	21c9c0d813	
35142562882	pr.yml	pull_request	backport/3159-to-wrynose	2026-09-16T19:46:22Z	success	2	35515284b7	
35143363628	pr.yml	pull_request	backport/2957-to-wrynose	2026-09-16T19:54:26Z	cancelled	1	c5d1271adc	
35143903796	pr.yml	pull_request	qcom-capsule-fix-hamoa-leak	2026-09-16T20:00:09Z	success	1	171eee2b54	
35144354552	pr.yml	pull_request	backport/2957-to-wrynose	2026-09-16T20:04:36Z	success	2	7573699f80	
35147433342	pr.yml	pull_request	ccache-next	2026-09-16T20:35:11Z	success	1	ad4d40042a	
35147767695	push.yml	push	master	2026-09-16T20:38:34Z	failure	1	a696c978eb	
35147796075	pr.yml	pull_request	backport/3128-to-wrynose	2026-09-16T20:38:50Z	success	1	5d2a6f2eab	
35157237890	push.yml	push	master	2026-09-16T22:21:05Z	failure	1	51f84cfdb6	
35159263461	pr.yml	pull_request	backport/3152-to-wrynose	2026-09-16T22:46:14Z	success	1	5085530a30	
35160174765	push.yml	push	master	2026-09-16T22:58:17Z	failure	1	73acb9978b	
35160190256	pr.yml	pull_request	backport/3158-to-wrynose	2026-09-16T22:58:31Z	success	1	3ea344b060	
35160492109	pr.yml	pull_request	kodiak-kvm	2026-09-16T23:02:24Z	success	1	17ba272e11	
35161187387	push.yml	push	master	2026-09-16T23:11:35Z	failure	1	421cbaed63	
35162377652	nightly-build-wrynose.yml	schedule	master	2026-09-16T23:27:35Z	success	1	421cbaed63	
35162384643	nightly-build.yml	workflow_dispatch	wrynose	2026-09-16T23:27:41Z	success	1	3697b8c743	
35162533275	push.yml	push	wrynose	2026-09-16T23:29:45Z	failure	1	975bd1be29	
35163144911	push.yml	push	master	2026-09-16T23:37:57Z	failure	1	9246dc1296	
35163163079	pr.yml	pull_request	backport/3079-to-wrynose	2026-09-16T23:38:13Z	success	1	fcb9563102	
35166423584	push.yml	push	master	2026-09-17T00:24:22Z	failure	1	ff12757654	
35166438769	pr.yml	pull_request	backport/3045-to-wrynose	2026-09-17T00:24:35Z	success	1	1a3a4337cc	
35169038936	nightly-build.yml	schedule	master	2026-09-17T01:03:23Z	success	1	ff12757654	
35171630494	pr.yml	pull_request	systemd-qcom-raw-partitions-noblkid	2026-09-17T01:43:05Z	success	1	23898256ae	
35176700866	pr.yml	pull_request	kodiak-kvm	2026-09-17T03:03:05Z	success	1	d26a0cc62d	
35183099013	pr.yml	pull_request	camx_downstream	2026-09-17T04:45:08Z	success	1	1ba579448e	
35184912412	pr.yml	pull_request	update-meta-audioreach-wrynose	2026-09-17T05:13:44Z	cancelled	1	37391ab272	
35185033087	pr.yml	pull_request	update-meta-audioreach-wrynose	2026-09-17T05:15:32Z	success	1	417d5e0f1b	
35186699657	pr.yml	pull_request	freedreno_turnip_cts_fixes	2026-09-17T05:41:04Z	action_required	1	d9421084a6	
35190974878	pr.yml	pull_request	ci/enable-initramfs-efivarfs-opt-out	2026-09-17T06:41:50Z	success	1	5c927376fd	
35192029928	pr.yml	pull_request	freedreno_turnip_cts_fixes	2026-09-17T06:55:27Z	failure	2	1612a6ca60	
35193261798	push.yml	push	wrynose	2026-09-17T07:10:52Z	failure	1	9aa414c9e7	
35193372172	push.yml	push	master	2026-09-17T07:12:14Z	failure	1	cf53a39cc0	
35193392651	pr.yml	pull_request	backport/3174-to-wrynose	2026-09-17T07:12:30Z	success	1	c12e05e67a	
35194260252	push.yml	push	wrynose	2026-09-17T07:23:06Z	failure	1	0c1dd3b425	
35204502649	pr.yml	pull_request	kodiak-kvm	2026-09-17T09:19:39Z	success	1	8eb083acd4	
35206266089	pr.yml	pull_request	camx_downstream	2026-09-17T09:39:05Z	success	1	ec9799629d	
35211394284	pr.yml	pull_request	master	2026-09-17T10:36:47Z	success	1	9fb6eaef38	
35217977240	pr.yml	pull_request	feat/qdte-lite-capsule-2456	2026-09-17T11:52:17Z	success	1	52a501aba8	
35220510215	pr.yml	pull_request	feat/secure-boot-signing-v2	2026-09-17T12:20:02Z	success	1	d5751ae8fe	
35233207023	pr.yml	pull_request	ci/enable-initramfs-efivarfs-opt-out	2026-09-17T14:23:12Z	success	1	5c927376fd	
35236014343	pr.yml	pull_request	revert-shikra-uefi	2026-09-17T14:48:07Z	success	1	30a7ace5f7	
35245541660	push.yml	push	wrynose	2026-09-17T16:16:18Z	failure	1	7b9801b21c	
35247036849	push.yml	push	wrynose	2026-09-17T16:30:46Z	failure	1	1c3aa4644e	
35250818472	pr.yml	pull_request	camx_downstream	2026-09-17T17:07:44Z	success	1	d5ef0e0e36	
35255644730	pr.yml	pull_request	camx_fw	2026-09-17T17:55:10Z	success	1	4665f538eb	
35257440995	push.yml	push	wrynose	2026-09-17T18:12:50Z	failure	1	e1cea57784	
35259534591	pr.yml	pull_request	backport/3151-to-wrynose	2026-09-17T18:33:18Z	success	1	70cd1fa175	
35264198876	push.yml	push	master	2026-09-17T19:19:27Z	failure	1	30af9ddc9f	
35265522532	pr.yml	pull_request	kodiak-fit-el2-followup	2026-09-17T19:32:49Z	success	1	b5fa024eeb	
35286800364	nightly-build-wrynose.yml	schedule	master	2026-09-17T23:25:48Z	success	1	30af9ddc9f	
35286806965	nightly-build.yml	workflow_dispatch	wrynose	2026-09-17T23:25:53Z	cancelled	1	e1cea57784	
35286978479	pr.yml	pull_request	backport/ci-batch-to-wrynose	2026-09-17T23:28:12Z	success	1	6ab2ce1e67	
35287727362	pr.yml	pull_request	weekly-build-wrynose-dispatcher	2026-09-17T23:38:18Z	success	1	ce12db9af3	
35293712333	nightly-build.yml	schedule	master	2026-09-18T01:02:49Z	failure	1	30af9ddc9f	
35296104078	push.yml	push	master	2026-09-18T01:37:52Z	failure	1	7a8b9c7bc9	
35296121091	pr.yml	pull_request	backport/2821-to-wrynose	2026-09-18T01:38:07Z	success	1	b77d820cbe	
35297052772	push.yml	push	wrynose	2026-09-18T01:52:10Z	failure	1	f9bd69efb5	
35298271657	pr.yml	pull_request	upgrade_imsdk_2_0_1	2026-09-18T02:10:04Z	success	1	8b7bdee0b2	
35298875538	pr.yml	pull_request	qcom-6.18.y-update	2026-09-18T02:19:16Z	success	1	506c13f963	
35301998099	pr.yml	pull_request	camx_downstream	2026-09-18T03:07:22Z	success	1	05d11e3653	
35307638118	pr.yml	pull_request	rtss-mailbox-recipe-pin	2026-09-18T04:36:59Z	success	1	e77b5d6f2c	
35310071550	pr.yml	pull_request	camx_fw	2026-09-18T05:15:09Z	success	1	733068991d	
35318908144	pr.yml	pull_request	update-meta-audioreach-master	2026-09-18T07:19:56Z	success	1	95e1b430dd	
35319967998	pr.yml	pull_request	rusticl/fixes	2026-09-18T07:33:11Z	action_required	1	3a60e9bc36	
35326449289	pr.yml	pull_request	rusticl/fixes	2026-09-18T08:50:46Z	failure	2	b635b9b010	
35337245582	push.yml	push	wrynose	2026-09-18T10:57:31Z	failure	1	7c252b5083	
35350497092	pr.yml	pull_request	linux-firmware	2026-09-18T13:29:19Z	cancelled	1	0ae6979589	
35352888708	pr.yml	pull_request	workflows/reschedule-wrynose-builds	2026-09-18T13:53:34Z	cancelled	1	2e73955965	
35353118194	pr.yml	pull_request	linux-firmware	2026-09-18T13:55:52Z	cancelled	1	75a5e766ba	
35355654872	push.yml	push	master	2026-09-18T14:20:52Z	failure	1	f497678346	
35355679618	pr.yml	pull_request	backport/3065-to-wrynose	2026-09-18T14:21:06Z	success	1	9f7285c224	
35356863892	pr.yml	pull_request	workflows/reschedule-wrynose-builds	2026-09-18T14:32:29Z	success	1	168f06ffab	
35357830215	pr.yml	pull_request	linux-firmware	2026-09-18T14:41:46Z	cancelled	1	3943026e70	
35358631837	pr.yml	pull_request	linux-firmware	2026-09-18T14:49:31Z	success	1	6f00625061	
35362040458	pr.yml	pull_request	rtss-mailbox-recipe-pin	2026-09-18T15:22:40Z	success	1	62a4c9b547	
35363819073	push.yml	push	master	2026-09-18T15:40:06Z	failure	1	6302234c73	
35363954656	pr.yml	pull_request	backport/2879-to-wrynose	2026-09-18T15:41:26Z	success	1	796d87f85d	
35376439632	push.yml	push	master	2026-09-18T17:47:50Z	failure	1	a23025a7cc	
35385661314	pr.yml	pull_request	rusticl/fixes	2026-09-18T19:23:28Z	success	2	f0dc03b0f7	
35388266392	push.yml	push	master	2026-09-18T19:51:32Z	failure	1	d5685ee435	
35393151304	push.yml	push	wrynose	2026-09-18T20:45:12Z	failure	1	bfe7767cae	
35405752558	nightly-build-wrynose.yml	schedule	master	2026-09-18T23:27:19Z	success	1	d5685ee435	
35405761993	nightly-build.yml	workflow_dispatch	wrynose	2026-09-18T23:27:27Z	failure	1	bfe7767cae	
35408160202	push.yml	push	wrynose	2026-09-19T00:05:57Z	failure	1	320bfef68e	
35409727525	push.yml	push	wrynose	2026-09-19T00:32:50Z	failure	1	d055051e20	
35409779497	push.yml	push	master	2026-09-19T00:33:48Z	failure	1	b9440d4fc4	
35409793729	pr.yml	pull_request	backport/3143-to-wrynose	2026-09-19T00:34:02Z	success	1	73b99a61d5	
35410092806	pr.yml	pull_request	backport/3186-to-wrynose	2026-09-19T00:39:26Z	success	1	45e4fb75b0	
35411247026	weekly-build.yml	schedule	master	2026-09-19T01:00:24Z	failure	2	b9440d4fc4	
35424766641	pr.yml	pull_request	camx-dlkm	2026-09-19T05:44:41Z	cancelled	1	f1dcb4829b	
35424884879	pr.yml	pull_request	camx-dlkm	2026-09-19T05:47:20Z	success	1	3907012e68	
35428182005	push.yml	push	wrynose	2026-09-19T07:01:19Z	failure	1	06b10d6132	
35428221760	push.yml	push	wrynose	2026-09-19T07:02:09Z	failure	1	0cfd1a14d2	
35431622468	pr.yml	pull_request	feat/secure-boot-signing-v2	2026-09-19T08:17:55Z	success	1	c483aac56d	
35476110011	nightly-build-wrynose.yml	schedule	master	2026-09-19T23:26:00Z	success	1	b9440d4fc4	
35476113928	nightly-build.yml	workflow_dispatch	wrynose	2026-09-19T23:26:04Z	failure	1	0cfd1a14d2	
35476676717	push.yml	push	master	2026-09-19T23:38:38Z	failure	1	cbf084dc45	
35476687008	pr.yml	pull_request	backport/3083-to-wrynose	2026-09-19T23:38:51Z	success	1	c9132c7520	
35478821126	push.yml	push	wrynose	2026-09-20T00:27:31Z	failure	1	471c9433cf	
35479170315	push.yml	push	wrynose	2026-09-20T00:35:25Z	failure	1	bd08c42332	
35480617771	nightly-build.yml	schedule	master	2026-09-20T01:08:38Z	failure	1	cbf084dc45	
35485458577	push.yml	push	wrynose	2026-09-20T03:00:39Z	failure	1	c37438de13	
35498102687	pr.yml	pull_request	camx_fw	2026-09-20T07:54:05Z	success	1	5af7a121a1	
35516660278	pr.yml	pull_request	systemd-qcom-raw-partitions-noblkid	2026-09-20T14:29:54Z	success	1	16d4f415f8	
35521785543	pr.yml	pull_request	wrynose-lock-qcom-distro	2026-09-20T16:08:48Z	success	1	e400994e95	
35544643200	nightly-build-wrynose.yml	schedule	master	2026-09-20T23:26:18Z	success	1	cbf084dc45	
35544648064	nightly-build.yml	workflow_dispatch	wrynose	2026-09-20T23:26:23Z	failure	1	c37438de13	
35549882646	nightly-build.yml	schedule	master	2026-09-21T01:07:59Z	failure	1	cbf084dc45	
35554157169	pr.yml	pull_request	camx_downstream	2026-09-21T02:25:53Z	success	1	c7b950acd1	
35555339293	pr.yml	pull_request	camx_fw	2026-09-21T02:47:34Z	success	1	6c7cc117b1	
35578232791	pr.yml	pull_request	master	2026-09-21T08:30:14Z	action_required	1	7e1891966f	
35579836079	pr.yml	pull_request	master	2026-09-21T08:48:33Z	action_required	1	b47acfc0a6	
35580688801	pr.yml	pull_request	minkipc-rel-1-2-10	2026-09-21T08:58:20Z	success	2	7d94f02add	
35590849793	pr.yml	pull_request	afaisal/tpm-refpolicy-fix	2026-09-21T10:50:12Z	failure	1	3d7d28e6a6	
35609477656	pr.yml	pull_request	systemd-qcom-raw-partitions-noblkid	2026-09-21T14:02:33Z	success	3	fc2d91b770	
35614877271	pr.yml	pull_request	qcom-next-update	2026-09-21T14:50:38Z	success	1	5731bbc786	
35616406268	pr.yml	pull_request	talos-lyra-evk	2026-09-21T15:04:10Z	failure	2	be83fcb6df	
35624543464	pr.yml	pull_request	zizmor	2026-09-21T16:16:28Z	success	1	4c4d3e5dbb	
35627945181	pr.yml	pull_request	initramfs-kerneltest-image	2026-09-21T16:48:23Z	success	1	fa1b0b0d54	
35643754161	pr.yml	pull_request	mahua_init	2026-09-21T19:16:15Z	success	3	104a52d311	
35644174219	pr.yml	pull_request	zizmor	2026-09-21T19:20:17Z	success	2	c7d6e50b80	
35645742960	push.yml	push	wrynose	2026-09-21T19:35:16Z	failure	1	c513fde24f	
35649074837	pr.yml	pull_request	firmware-bump-kas-patch	2026-09-21T20:07:17Z	success	3	4e041e2d6a	
35661068373	push.yml	push	wrynose	2026-09-21T22:08:05Z	failure	1	ea0fdcc27d	
35662699053	pr.yml	pull_request	linux-firmware	2026-09-21T22:26:43Z	failure	1	7f80af92e6	
35663719884	pr.yml	pull_request	linux-firmware	2026-09-21T22:38:33Z	failure	1	ae7c6c251c	
35667684840	nightly-build-wrynose.yml	schedule	master	2026-09-21T23:28:04Z	success	1	cbf084dc45	
35667692993	nightly-build.yml	workflow_dispatch	wrynose	2026-09-21T23:28:10Z	failure	2	ea0fdcc27d	
35668920406	push.yml	push	master	2026-09-21T23:44:27Z	failure	1	e99df1dd36	
35668942176	pr.yml	pull_request	backport/3204-to-wrynose	2026-09-21T23:44:45Z	success	2	84a414adce	3206
35671579155	push.yml	push	master	2026-09-22T00:21:02Z	failure	1	33ea6f44cb	
35671864304	push.yml	push	master	2026-09-22T00:25:04Z	failure	1	00f7d6a2cc	
35671883388	pr.yml	pull_request	backport/3201-to-wrynose	2026-09-22T00:25:19Z	success	1	04c9a938d1	
35674264924	pr.yml	pull_request	issue-3200-eth-modules	2026-09-22T01:02:06Z	cancelled	1	11074e1ff4	
35674311899	nightly-build.yml	schedule	master	2026-09-22T01:02:51Z	failure	1	00f7d6a2cc	
35675121019	pr.yml	pull_request	backport/3184-to-wrynose	2026-09-22T01:16:01Z	failure	1	f31bea6f76	
35675177565	pr.yml	pull_request	issue-3200-eth-modules	2026-09-22T01:16:56Z	cancelled	1	bc1dc320be	
35675883422	pr.yml	pull_request	issue-3200-eth-modules	2026-09-22T01:28:26Z	cancelled	1	84d5681fae	
35676470985	push.yml	push	master	2026-09-22T01:37:53Z	failure	1	a64d95189b	
35676490982	pr.yml	pull_request	backport/3169-to-wrynose	2026-09-22T01:38:12Z	success	2	481838df59	
35676743857	push.yml	push	next	2026-09-22T01:42:12Z	success	4	15ac2fcd73	
35679276865	pr.yml	pull_request	issue-3200-eth-modules	2026-09-22T02:23:20Z	success	1	ea0ff519e2	
35679946765	pr.yml	pull_request	backport/3184-to-wrynose	2026-09-22T02:34:12Z	success	1	95251298ca	
35681012537	pr.yml	pull_request	talos-lyra-evk	2026-09-22T02:51:37Z	success	2	c9b8fa4406	
35682589928	pr.yml	pull_request	7.3-rc2_fixes	2026-09-22T03:17:11Z	success	1	3cd9fbb37a	
35682590393	pr.yml	pull_request	7.3-rc2_fixes	2026-09-22T03:17:12Z	cancelled	1	3cd9fbb37a	
35682855335	pr.yml	pull_request	bump-base-lock-20260922	2026-09-22T03:21:29Z	success	1	0b89c47d80	
35684511207	pr.yml	pull_request	bump-base-lock-20260908	2026-09-22T03:48:32Z	failure	3	874029ec25	
35696274800	pr.yml	pull_request	CameraFitChanges	2026-09-22T06:45:19Z	failure	1	fbeba93311	
35697708802	pr.yml	pull_request	systemd-qcom-raw-partitions-noblkid	2026-09-22T07:03:32Z	success	1	17700d0d78	
35702082885	pr.yml	pull_request	feat/secure-boot-signing-v2	2026-09-22T07:55:46Z	success	1	510cff2421	
35711538945	pr.yml	pull_request	revert-1904-revert	2026-09-22T09:38:36Z	success	1	a56c4e8e66	
35711722656	pr.yml	pull_request	master	2026-09-22T09:40:32Z	action_required	1	213fd36659	
35725737192	pr.yml	pull_request	nord-on-master	2026-09-22T12:11:42Z	failure	1	cd9b5e6f40	
35732124520	pr.yml	pull_request	linux-firmware	2026-09-22T13:13:59Z	failure	1	cb172fcc69	
35739481295	pr.yml	pull_request	qcom-6.18.y-update	2026-09-22T14:19:11Z	success	1	aa2309a6be	
35745169914	pr.yml	pull_request	hashserv	2026-09-22T15:07:56Z	failure	1	4f7d4647c8	
35746420652	pr.yml	pull_request	hashserv	2026-09-22T15:18:37Z	failure	1	1f6281e387	
35746712576	pr.yml	pull_request	bump-base-lock-20260908	2026-09-22T15:21:06Z	success	2	718ac89c06	
35747246862	pr.yml	pull_request	hashserv	2026-09-22T15:25:32Z	failure	1	c203cdbf26	
35748666843	pr.yml	pull_request	bump-base-lock-20260922	2026-09-22T15:37:33Z	success	1	57ed4b3150	
35752007486	pr.yml	pull_request	hashserv	2026-09-22T16:07:36Z	cancelled	1	a6768cf4dc	
35752344323	pr.yml	pull_request	hashserv	2026-09-22T16:10:32Z	failure	1	431cd28b83	
35753658895	pr.yml	pull_request	hashserv	2026-09-22T16:22:16Z	cancelled	1	681f650055	
35756138798	pr.yml	pull_request	hashserv	2026-09-22T16:44:44Z	cancelled	1	424a04beec	
35775998421	push.yml	push	master	2026-09-22T19:47:03Z	failure	1	1d8048f3a5	
35780798679	push.yml	push	wrynose	2026-09-22T20:31:02Z	failure	1	699d139029	
35797472506	nightly-build-wrynose.yml	schedule	master	2026-09-22T23:27:08Z	success	1	1d8048f3a5	
35797484864	nightly-build.yml	workflow_dispatch	wrynose	2026-09-22T23:27:16Z	failure	2	699d139029	
35801864673	push.yml	push	master	2026-09-23T00:23:43Z	failure	1	69cdd40e76	
35801882452	pr.yml	pull_request	backport/3103-to-wrynose	2026-09-23T00:23:58Z	success	1	810f91deca	
35804593218	nightly-build.yml	schedule	master	2026-09-23T01:01:56Z	failure	1	69cdd40e76	
35820652754	pr.yml	pull_request	el2_config	2026-09-23T05:00:47Z	success	1	9df39d99f3	
35823604027	pr.yml	pull_request	qcom-next-update	2026-09-23T05:43:38Z	cancelled	1	f6d07b031a	
35823604681	pr.yml	pull_request	qcom-next-update	2026-09-23T05:43:39Z	cancelled	1	f6d07b031a	
35828469838	pr.yml	pull_request	qcom-next-update	2026-09-23T06:48:08Z	success	1	83abb24e11	
35832466670	pr.yml	pull_request	refpolicy-policy-booleans	2026-09-23T07:34:58Z	success	1	c442d7d0f1	
35834199889	pr.yml	pull_request	Dev_04_06_2026	2026-09-23T07:54:32Z	cancelled	1	8b5dcc288f	
35834466089	pr.yml	pull_request	Dev_04_06_2026	2026-09-23T07:57:47Z	success	1	9e2c820f4e	
35850752355	push.yml	push	master	2026-09-23T10:46:53Z	failure	1	e2d2cfe58c	
35852319022	pr.yml	pull_request	qcom-next-update	2026-09-23T11:03:29Z	success	1	da9bb7497d	
35862141979	pr.yml	pull_request	feature/boot_28	2026-09-23T12:42:04Z	success	1	d4f881044a	
35886876318	pr.yml	pull_request	ci-shikra-evk-catchall-uboot	2026-09-23T16:10:18Z	cancelled	1	e7782b7d38	
35890935901	push.yml	push	master	2026-09-23T16:45:19Z	failure	1	46261cd7cb	
35891120969	pr.yml	pull_request	ci-shikra-evk-catchall-uboot	2026-09-23T16:46:57Z	success	1	1e7cee7d05	
35894791463	push.yml	push	wrynose	2026-09-23T17:19:19Z	failure	1	18fe56873d	
35897511228	push.yml	push	wrynose	2026-09-23T17:43:02Z	failure	1	2bbb09373b	
35897573571	push.yml	push	wrynose	2026-09-23T17:43:34Z	failure	1	134a182215	
35902423028	pr.yml	pull_request	linux-firmware	2026-09-23T18:26:01Z	cancelled	1	b2ef5d4c88	
35902520921	pr.yml	pull_request	nord-on-master	2026-09-23T18:26:52Z	failure	1	afab3c0155	
35905767589	pr.yml	pull_request	lvds_master	2026-09-23T18:55:03Z	failure	1	1ca61f54e9	
35910691810	pr.yml	pull_request	linux-firmware	2026-09-23T19:38:39Z	cancelled	1	3231e6a854	
35910887501	pr.yml	pull_request	linux-firmware	2026-09-23T19:40:25Z	success	1	131a74fbe6	
35924940911	push.yml	push	wrynose	2026-09-23T21:51:05Z	failure	1	e2564bedcd	
35931765621	pr.yml	pull_request	qcom-sm8750-armv8-6a-crypto	2026-09-23T23:05:02Z	success	1	4f69a74f93	
35932280685	pr.yml	pull_request	ci-fsx-cache-optimizations	2026-09-23T23:10:58Z	cancelled	1	8496840b89	
35933167025	push.yml	push	next	2026-09-23T23:21:16Z	success	2	c24fed01ad	
35933295750	pr.yml	pull_request	ci-zizmor-warnings	2026-09-23T23:22:46Z	success	1	8a2c8279f7	
35933386544	pr.yml	pull_request	ci-fsx-cache-optimizations	2026-09-23T23:23:49Z	success	1	68788c5f0f	
35933573114	nightly-build-wrynose.yml	schedule	master	2026-09-23T23:26:03Z	success	1	46261cd7cb	
35933580793	nightly-build.yml	workflow_dispatch	wrynose	2026-09-23T23:26:08Z	failure	2	e2564bedcd	
35938105234	push.yml	push	master	2026-09-24T00:22:09Z	failure	1	6d6c684911	
35938122993	pr.yml	pull_request	backport/3218-to-wrynose	2026-09-24T00:22:24Z	success	1	7518d8578d	
35938723393	push.yml	push	wrynose	2026-09-24T00:30:28Z	failure	1	81f5ba9bc5	
35939924739	pr.yml	pull_request	issue-3200-eth-modules	2026-09-24T00:46:21Z	success	2	9e6f10f053	
35940036421	pr.yml	pull_request	nord-on-master	2026-09-24T00:47:50Z	failure	2	7001928128	
35941193031	nightly-build.yml	schedule	master	2026-09-24T01:03:05Z	failure	1	6d6c684911	
35946055492	pr.yml	pull_request	systemd-qcom-raw-partitions-unready	2026-09-24T02:09:36Z	success	1	90f409b270	
35960381721	pr.yml	pull_request	work_loc_apis	2026-09-24T05:32:13Z	success	1	ee4dfe8662	
35963758510	pr.yml	pull_request	ci-shikra-evk-catchall-uboot	2026-09-24T06:17:09Z	cancelled	1	a1390b89bb	
35964594319	pr.yml	pull_request	ci-shikra-evk-catchall-uboot	2026-09-24T06:27:44Z	success	1	1ca7eb3034	
35967388279	push.yml	push	master	2026-09-24T07:01:19Z	failure	1	52a39deaa8	
35967412068	pr.yml	pull_request	backport/3212-to-wrynose	2026-09-24T07:01:36Z	success	2	97d5cc03a9	
35976613335	pr.yml	pull_request	systemd-qcom-raw-partitions-unready	2026-09-24T08:40:22Z	success	1	befe63e0a6	
36001406243	pr.yml	pull_request	fastcv-hexagon-vnn	2026-09-24T12:48:23Z	success	1	43f6269baf	
36004316983	pr.yml	pull_request	main	2026-09-24T13:14:36Z	success	2	1270af65f7	
36014439097	push.yml	push	master	2026-09-24T14:40:05Z	failure	1	5c98a7889b	
36015713285	pr.yml	pull_request	lvds_master	2026-09-24T14:50:23Z	failure	1	881d365c23	
36019233061	push.yml	push	wrynose	2026-09-24T15:18:41Z	failure	1	1eface6459	
36023613337	pr.yml	pull_request	camx_downstream	2026-09-24T15:54:38Z	failure	2	38637d9a79	
36027821179	pr.yml	pull_request	el2_config	2026-09-24T16:30:17Z	success	1	eb4b3f813d	
36046933179	pr.yml	pull_request	7.3-rc4_fix	2026-09-24T19:15:42Z	success	1	ccbcfc1641	
36049003212	pr.yml	pull_request	test-job-summary-fixes	2026-09-24T19:33:54Z	success	1	b727b1f932	
36050477486	push.yml	push	wrynose	2026-09-24T19:47:07Z	failure	1	b55cbb4cbc	
36054286498	pr.yml	pull_request	meta-audioreach-bump	2026-09-24T20:21:12Z	failure	2	826e083908	
36072837863	nightly-build-wrynose.yml	schedule	master	2026-09-24T23:27:45Z	success	1	5c98a7889b	
36072850673	nightly-build.yml	workflow_dispatch	wrynose	2026-09-24T23:27:54Z	failure	1	b55cbb4cbc	
36080330222	nightly-build.yml	schedule	master	2026-09-25T01:03:29Z	failure	1	5c98a7889b	
36082770472	pr.yml	pull_request	ci-shikra-evk-catchall-uboot	2026-09-25T01:36:38Z	cancelled	1	39ef759a6e	
36082846867	pr.yml	pull_request	ci-shikra-evk-catchall-uboot	2026-09-25T01:37:42Z	cancelled	1	0de1761c14	
36082847020	pr.yml	pull_request	ci-shikra-evk-catchall-uboot	2026-09-25T01:37:43Z	success	1	0de1761c14	
36083658577	push.yml	push	master	2026-09-25T01:49:16Z	failure	1	047a924ee5	
36083673298	pr.yml	pull_request	backport/3208-to-wrynose	2026-09-25T01:49:28Z	success	1	80600d907c	
36087589868	pr.yml	pull_request	shikra-wlan-fw-link	2026-09-25T02:45:41Z	failure	1	d52866ea06	
36095243766	pr.yml	pull_request	camx_downstream	2026-09-25T04:38:16Z	success	2	e2fe5951b9	
36097524126	pr.yml	pull_request	shikra-wlan-fw-link	2026-09-25T05:11:34Z	success	1	37be8b2b62	
36099269298	pr.yml	pull_request	work_loc_apis	2026-09-25T05:36:27Z	success	1	44100c94f8	
36100475065	pr.yml	pull_request	update-urm-to-0.4.10	2026-09-25T05:53:38Z	success	1	81be6bdfc7	
36107643784	pr.yml	pull_request	update-lava-ref-2-latest	2026-09-25T07:26:29Z	success	1	fa72c69510	
36114820093	pr.yml	pull_request	topic/emmc_rpmb_selinux_rules	2026-09-25T08:47:14Z	success	1	7cc9adb06e	
36121245807	pr.yml	pull_request	meta-audioreach-bump	2026-09-25T09:56:38Z	success	2	3eb8464b8e	
36124535934	pr.yml	pull_request	master	2026-09-25T10:32:29Z	failure	1	ec76aa6a37	
36126305808	pr.yml	pull_request	shikra-bootbinaries-00086	2026-09-25T10:52:18Z	cancelled	1	305378bcb3	
36126358976	pr.yml	pull_request	edp_overlay_hamoa_purwa_meta-qcom	2026-09-25T10:52:53Z	failure	1	57cb3efb57	
36128587038	pr.yml	pull_request	shikra-bootbinaries-00086	2026-09-25T11:17:35Z	success	1	7d174d2c5c	
36130203303	pr.yml	pull_request	overlay_qcom	2026-09-25T11:35:18Z	action_required	1	a1751df5f1	
36130467601	pr.yml	pull_request	overlay_qcom	2026-09-25T11:38:12Z	action_required	1	29b072ff4c	
36139803155	push.yml	push	master	2026-09-25T13:15:22Z	failure	1	754bfbfded	
36139923678	pr.yml	pull_request	update-lava-ref-2-latest	2026-09-25T13:16:31Z	success	1	9c7e3b4b7b	
36143522796	push.yml	push	next	2026-09-25T13:50:22Z	failure	1	118efae71c	
36161431754	pr.yml	pull_request	shikra-bootbinaries-00086	2026-09-25T16:32:39Z	success	1	a3e72ab3a8	
36183298246	pr.yml	pull_request	fix-download-cache	2026-09-25T20:02:15Z	success	2	de9c10f3d7	
36200325702	push.yml	push	wrynose	2026-09-25T23:16:01Z	failure	1	41233f347b	
36201086525	nightly-build-wrynose.yml	schedule	master	2026-09-25T23:27:27Z	success	1	754bfbfded	
36201092974	nightly-build.yml	workflow_dispatch	wrynose	2026-09-25T23:27:33Z	failure	1	41233f347b	
36203052042	pr.yml	pull_request	qcom-ptool-update	2026-09-25T23:58:24Z	success	1	debf7f9753	
36205937065	pr.yml	pull_request	shikra-sdcard-wic	2026-09-26T00:44:19Z	failure	1	b8e2e26bdd	
36206083535	push.yml	push	wrynose	2026-09-26T00:46:42Z	failure	1	964d18877e	
36206318652	pr.yml	pull_request	edp_overlay_hamoa_purwa_meta-qcom	2026-09-26T00:50:33Z	failure	1	57cb3efb57	
36206995874	weekly-build.yml	schedule	master	2026-09-26T01:01:49Z	cancelled	1	754bfbfded	
36210465166	push.yml	push	master	2026-09-26T02:03:24Z	failure	1	d365224939	
36210477605	pr.yml	pull_request	backport/2905-to-wrynose	2026-09-26T02:03:37Z	success	1	5854d26ba8	
36210533524	push.yml	push	master	2026-09-26T02:04:37Z	failure	1	358886b358	
36211315359	pr.yml	pull_request	shikra-sdcard-wic	2026-09-26T02:19:26Z	success	1	76b047d96e	
36213327747	pr.yml	pull_request	ci-fsx-cache-optimizations	2026-09-26T02:57:58Z	success	1	f4355f2e3f	
36213568497	push.yml	push	master	2026-09-26T03:02:35Z	failure	1	8c10a71bf9	
36213583316	pr.yml	pull_request	backport/3220-to-wrynose	2026-09-26T03:02:52Z	success	1	11e445a583	3245
36219727612	pr.yml	pull_request	master	2026-09-26T05:04:51Z	failure	3	933f35c278	
36220930233	pr.yml	pull_request	anupkulk/rtss_can	2026-09-26T05:29:11Z	action_required	1	64e06c650e	
36222409019	pr.yml	pull_request	qcom-next-update	2026-09-26T05:59:45Z	success	1	c3b1c3f9a9	
36233841571	pr.yml	pull_request	shikra-wlan-fw-link	2026-09-26T09:47:33Z	success	1	914fffc9d8	
36249431494	pr.yml	pull_request	qcom-6.18.y-update	2026-09-26T14:42:42Z	success	1	46e371a415	
36279506734	nightly-build-wrynose.yml	schedule	master	2026-09-26T23:27:33Z	success	1	8c10a71bf9	
36279511838	nightly-build.yml	workflow_dispatch	wrynose	2026-09-26T23:27:39Z	failure	1	964d18877e	
36284817339	nightly-build.yml	schedule	master	2026-09-27T01:12:16Z	failure	1	8c10a71bf9	
36297495714	push.yml	push	master	2026-09-27T05:32:22Z	failure	1	83a5a0089d	
36306682732	pr.yml	pull_request	qcom-6.18.y-update	2026-09-27T08:35:37Z	success	1	7df9f24c32	
36319545547	pr.yml	pull_request	backport/3239-to-wrynose	2026-09-27T12:36:19Z	success	1	682e1cd4ec	
36333761343	push.yml	push	wrynose	2026-09-27T16:34:48Z	failure	1	a0cd8721b9	
36333859728	push.yml	push	master	2026-09-27T16:36:24Z	failure	1	ec456b43b6	
36333872553	pr.yml	pull_request	backport/3246-to-wrynose	2026-09-27T16:36:37Z	success	1	8aecfb8d16	
36336284922	pr.yml	pull_request	overlay_qcom	2026-09-27T17:15:54Z	failure	2	5b3a423545	
36338627262	push.yml	push	wrynose	2026-09-27T17:53:44Z	failure	1	aef43c689a	
36338821479	push.yml	push	wrynose	2026-09-27T17:57:02Z	failure	1	81d7cacb69	
36339697880	push.yml	push	master	2026-09-27T18:11:04Z	failure	1	237a62053a	
36340100617	pr.yml	pull_request	bump-base-lock-20260926	2026-09-27T18:17:33Z	cancelled	4	8dee18734e	
36340390047	push.yml	push	master	2026-09-27T18:22:16Z	failure	1	bfaf68535b	
36340728266	push.yml	push	master	2026-09-27T18:27:44Z	failure	1	537877e186	
36341116664	pr.yml	pull_request	backport/2865-3242-to-wrynose	2026-09-27T18:33:53Z	success	1	d0ffad2320	
36342628651	push.yml	push	master	2026-09-27T18:58:40Z	failure	1	d006b6a9db	
36358774855	nightly-build-wrynose.yml	schedule	master	2026-09-27T23:27:53Z	success	1	d006b6a9db	
36358780286	nightly-build.yml	workflow_dispatch	wrynose	2026-09-27T23:27:59Z	failure	1	81d7cacb69	
36363245070	push.yml	push	wrynose	2026-09-28T00:43:18Z	failure	1	4aa046f86b	
36363855220	nightly-build.yml	workflow_dispatch	wrynose	2026-09-28T00:53:13Z	failure	1	4aa046f86b	
36365083275	nightly-build.yml	schedule	master	2026-09-28T01:12:13Z	failure	1	d006b6a9db	
36370062731	pr.yml	pull_request	wrynose	2026-09-28T02:30:14Z	success	1	366fcd5109	
36378840821	pr.yml	pull_request	backport-3252-clean	2026-09-28T04:42:25Z	success	1	7307f11955	
36380600678	pr.yml	pull_request	wrynose	2026-09-28T05:08:28Z	success	1	a3839b3ed9	
36381490331	push.yml	push	master	2026-09-28T05:20:31Z	failure	1	3dd6093339	
36384305636	pr.yml	pull_request	master	2026-09-28T05:59:37Z	success	1	c52b48bedc	
36390198563	pr.yml	pull_request	topic/emmc_rpmb_selinux_rules	2026-09-28T07:10:22Z	success	1	efdc221389	
36390613400	pr.yml	pull_request	backport-wrynose-update-ref	2026-09-28T07:14:50Z	success	1	d82bb7cbb1	
36393719991	pr.yml	pull_request	add-blacksail	2026-09-28T07:49:00Z	failure	1	f6d731a2a4	
36399439927	pr.yml	pull_request	main	2026-09-28T08:47:06Z	action_required	1	3072e4fe58	
36400441146	pr.yml	pull_request	camx-dlkm	2026-09-28T08:57:03Z	success	1	0ebbb52fce	
36406617402	pr.yml	pull_request	update-urm-to-0.4.10	2026-09-28T09:56:12Z	success	1	146ef890ef	
36415383204	pr.yml	pull_request	Dev_04_06_2026	2026-09-28T11:23:41Z	failure	1	195bfaf8ff	
36416209594	pr.yml	pull_request	work_loc_apis	2026-09-28T11:32:06Z	success	1	307edfece5	
36420889197	push.yml	push	wrynose	2026-09-28T12:17:29Z	failure	1	a1a92a33c7	
36420983652	pr.yml	pull_request	shikra-wlan-fw-link	2026-09-28T12:18:22Z	success	2	818ce19bf6	
36422337654	pr.yml	pull_request	open_fw_flash_plumbing	2026-09-28T12:31:07Z	success	1	062a0e7ac1	
36428420559	pr.yml	pull_request	qcom-next-update	2026-09-28T13:24:44Z	success	2	6707db5179	
36433436133	pr.yml	pull_request	backport/3203-to-wrynose	2026-09-28T14:06:12Z	failure	1	fef60b08c0	3257
36439939496	push.yml	push	master	2026-09-28T14:57:49Z	failure	1	441a8e0095	
36441525868	pr.yml	pull_request	bump-base-lock-20260926	2026-09-28T15:10:09Z	failure	1	ea1285145d	
36453230821	pr.yml	pull_request	feat/secure-boot-signing-v2	2026-09-28T16:44:41Z	success	1	0558c45063	
36456733827	pr.yml	pull_request	bump-base-lock-20260926	2026-09-28T17:14:32Z	cancelled	3	f2bd9ebf75	
36465236989	pr.yml	pull_request	feat/secure-boot-signing-v2	2026-09-28T18:26:48Z	success	1	f7d5c86b6b	
36472219257	pr.yml	pull_request	anupkulk/rtss_can	2026-09-28T19:26:12Z	failure	2	538593327b	
36498274431	nightly-build-wrynose.yml	schedule	master	2026-09-28T23:29:30Z	success	1	441a8e0095	
36498283181	nightly-build.yml	workflow_dispatch	wrynose	2026-09-28T23:29:35Z	failure	1	a1a92a33c7	
36501628155	push.yml	push	master	2026-09-29T00:08:49Z	failure	1	aa1d31d5b1	
36501802286	push.yml	push	master	2026-09-29T00:10:53Z	failure	1	53b6fbdc39	
36504020646	pr.yml	pull_request	backport/3203-to-wrynose	2026-09-29T00:37:44Z	failure	1	7a1fb4bd6b	3257
36505997799	pr.yml	pull_request	overlay_qcom	2026-09-29T01:02:41Z	success	2	f447f3fbf9	
36506547000	nightly-build.yml	schedule	master	2026-09-29T01:09:25Z	failure	1	53b6fbdc39	
36507647288	pr.yml	pull_request	backport/3233-to-wrynose	2026-09-29T01:23:13Z	failure	1	b9ec98c174	
36508426965	pr.yml	pull_request	ci-prefetch-sources	2026-09-29T01:32:57Z	success	1	230b62e36a	
36509815940	pr.yml	pull_request	bump-base-lock-20260926	2026-09-29T01:50:55Z	cancelled	1	f08525bca7	
36510418162	pr.yml	pull_request	backport/3170-3222-3221-to-wrynose	2026-09-29T01:58:40Z	success	1	6e22ae3f52	
36511068409	pr.yml	pull_request	bump-base-lock-20260926	2026-09-29T02:06:51Z	success	2	232ceaaea8	
36512420955	push.yml	push	master	2026-09-29T02:24:10Z	cancelled	1	74eae6bd04	
36512438020	pr.yml	pull_request	backport/2232-to-wrynose	2026-09-29T02:24:23Z	success	2	01a2043977	3264
36513450301	pr.yml	pull_request	CameraFitChanges	2026-09-29T02:37:17Z	failure	1	1c15456ab3	
36517928144	pr.yml	pull_request	camx-dlkm	2026-09-29T03:37:01Z	cancelled	1	f0169b2972	
36524355303	pr.yml	pull_request	camx-dlkm	2026-09-29T05:03:03Z	cancelled	2	718a898830	
36528150053	pr.yml	pull_request	backport/3233-to-wrynose	2026-09-29T05:51:25Z	cancelled	1	4bdf1075ad	
36529960531	pr.yml	pull_request	meta-qcom-fastcv_1.8.10_release	2026-09-29T06:13:18Z	cancelled	1	f03f254432	
36532324483	pr.yml	pull_request	backport/3203-to-wrynose	2026-09-29T06:40:44Z	success	3	f633a2fa83	3257
36533028989	pr.yml	pull_request	meta-qcom-fastcv_1.8.10_release	2026-09-29T06:48:32Z	cancelled	1	9778e4418d	
36535586961	pr.yml	pull_request	backport/3233-to-wrynose	2026-09-29T07:15:41Z	success	2	feee695283	
36544749955	pr.yml	pull_request	master	2026-09-29T08:45:26Z		2	2425bd0afb	
36561532928	pr.yml	pull_request	fastrpc-1.0.8	2026-09-29T11:24:22Z	success	2	78780d5b74	
36571288621	pr.yml	pull_request	talos-fw-revert	2026-09-29T12:54:27Z	success	1	29b419e179	
36574046616	pr.yml	pull_request	open_fw_flash_plumbing	2026-09-29T13:17:49Z	failure	1	aa152006a3	
36574185599	pr.yml	pull_request	feat/secure-boot-signing-v2	2026-09-29T13:18:57Z	success	1	2073d4742a	
36578089793	pr.yml	pull_request	shikra-release	2026-09-29T13:50:26Z	cancelled	1	7467f6eb8a	
36581338766	push.yml	push	master	2026-09-29T14:15:45Z	failure	1	d4cccd3c77	
36583430714	pr.yml	pull_request	shikra-release	2026-09-29T14:32:28Z	failure	1	c1807becdb	
36607300129	pr.yml	pull_request	camx-dlkm	2026-09-29T17:46:20Z	success	2	3ecc1a5f75	
36611468005	pr.yml	pull_request	meta-qcom-fastcv_1.8.10_release	2026-09-29T18:21:28Z	success	1	a54fb23bc3	
36624640069	pr.yml	pull_request	ci-download-artifact-rate-limit	2026-09-29T20:11:59Z	success	1	8d05ef7391	
36624949270	push.yml	push	next	2026-09-29T20:14:31Z	cancelled	1	e301f70dc8	
36624950772	push.yml	push	next	2026-09-29T20:14:32Z		1	e301f70dc8	
36625774446	pr.yml	pull_request	ci-prefetch-sources	2026-09-29T20:21:29Z	success	1	6ce354bf57	
36627116410	push.yml	push	master	2026-09-29T20:32:59Z		1	933e22351b	
36630468137	push.yml	push	master	2026-09-29T21:01:37Z		1	70155d61aa	
36634303618	pr.yml	pull_request	backport/2740-3238-to-wrynose	2026-09-29T21:35:38Z	success	1	fb477bcd81	
36634791565	pr.yml	pull_request	qcs615-adsp-revert	2026-09-29T21:40:06Z		1	655509f46a	
36636031675	push.yml	push	master	2026-09-29T21:51:43Z		1	0d7e7f3f12	
36636055460	pr.yml	pull_request	backport/3235-to-wrynose	2026-09-29T21:51:57Z	failure	1	67b132b92d	3272
36636636346	pr.yml	pull_request	fastcv-hexagon-vnn	2026-09-29T21:57:40Z	cancelled	1	c1e6841c00	
36636637407	pr.yml	pull_request	fastcv-hexagon-vnn	2026-09-29T21:57:41Z		1	c1e6841c00	
36637844185	push.yml	push	master	2026-09-29T22:09:14Z		1	83dcb6cd4a	
36638665578	pr.yml	pull_request	bump-base-lock-20260929	2026-09-29T22:17:18Z		1	9622ffba07	
36638970471	push.yml	push	wrynose	2026-09-29T22:20:21Z		1	44ed54e971	
36639361739	pr.yml	pull_request	weekly-build-wrynose-dispatcher	2026-09-29T22:24:16Z		1	1ab1d1d852	
36639361846	pr.yml	pull_request	weekly-build-wrynose-dispatcher	2026-09-29T22:24:16Z	cancelled	1	1ab1d1d852	
36639501084	push.yml	push	master	2026-09-29T22:25:40Z		1	02683fa7bf	
