repo	run_id	run_attempt	job_id	job_name	runner_name	machine_name	utc_timestamp	class	recipe_task	file_or_repo	storage	log_line
qualcomm-linux/meta-qcom-robotics-sdk	29498701125	1	87622913682	build-nightly / iq-9075-evk/debug_full_linux-qcom-6.18	foundri-prd-u2404-x64-od-eph-i-0f669704592bcaff9	ip-10-185-118-217	2026-07-16T12:55:03.2734861Z	B	camx-dlkm-1.0.4-r0:do_fetch		/efs	ERROR: camx-dlkm-1.0.4-r0 do_fetch: Fetcher failure: Unable to find revision f073e13d7a310df5c1551f2136199f85c85db6d8 in branch camera-kernel.qclinux.0.0 even from upstream
qualcomm-linux/meta-qcom-robotics-sdk	29498701125	2	87782735416	build-nightly / iq-8275-evk/debug_full_linux-qcom-6.18	foundri-prd-u2404-x64-od-eph-i-015c765d0652ad761	ip-10-185-125-104	2026-07-17T01:43:58.2052537Z	B	camx-dlkm-1.0.4-r0:do_fetch		/efs	ERROR: camx-dlkm-1.0.4-r0 do_fetch: Fetcher failure: Unable to find revision f073e13d7a310df5c1551f2136199f85c85db6d8 in branch camera-kernel.qclinux.0.0 even from upstream
qualcomm-linux/meta-qcom-robotics-sdk	30695853065	1	91358949895	build-nightly / iq-8275-evk/performance_full_linux-qcom-next	foundri-prd-u2404-x64-od-eph-i-097a6d3d0c6c50c01	ip-10-185-122-190	2026-08-01T10:47:12.4093695Z	C		/sstate/ea/da/sstate:python3-pykdl:armv8-2a-qcom-linux:1.5.1-87:r0:armv8-2a:14:eadaceabea39232e46d411f849a302018150c2a0fc37c8ba0ba7bd69731337cf_create_recipe_spdx.tar.zst.siginfo	/efs	Exception: OSError: [Errno 116] Stale file handle: '/sstate/ea/da/sstate:python3-pykdl:armv8-2a-qcom-linux:1.5.1-87:r0:armv8-2a:14:eadaceabea39232e46d411f849a302018150c2a0fc37c8ba0ba7bd69731337cf_create_recipe_spdx.tar.zst.siginfo'
qualcomm-linux/meta-qcom-robotics-sdk	30699588957	1	91368571712	build-nightly / iq-8275-evk/qcom-robotics-distro-catchall_base_linux-qcom-rt-6.18_qcom-distro-kvm	foundri-prd-u2404-x64-od-eph-i-054285898a62f6d58	ip-10-185-127-50	2026-08-01T12:39:49.9838822Z	C		/sstate/13/5b/sstate:rcl:armv8-2a-qcom-linux:9.2.9-1:r0:armv8-2a:14:135b40a33bdc5db06a2c43ffbf867a7c0133d45b3f2210a3a59dd0cb898d8abd_create_recipe_spdx.tar.zst.siginfo	/efs	Exception: OSError: [Errno 116] Stale file handle: '/sstate/13/5b/sstate:rcl:armv8-2a-qcom-linux:9.2.9-1:r0:armv8-2a:14:135b40a33bdc5db06a2c43ffbf867a7c0133d45b3f2210a3a59dd0cb898d8abd_create_recipe_spdx.tar.zst.siginfo'
qualcomm-linux/meta-qcom-robotics-sdk	33368583970	1	99415513855	build-pr / iq-9075-evk/qcom-robotics-distro-catchall_full_linux-qcom-next	foundri-prd-u2404-x64-od-eph-i-0778d688a4b9fd84a	ip-10-185-119-127	2026-08-31T07:45:29.7871919Z	C		/sstate/a5/7e/sstate:libxcrypt:armv8-2a-qcom-linux:4.5.2:r0:armv8-2a:14:a57e3d2fa2dc93fb2334ec2829c22148ff04c85f1a695b394e6f27ff5cf85cef_create_recipe_spdx.tar.zst.siginfo	/efs	Exception: OSError: [Errno 116] Stale file handle: '/sstate/a5/7e/sstate:libxcrypt:armv8-2a-qcom-linux:4.5.2:r0:armv8-2a:14:a57e3d2fa2dc93fb2334ec2829c22148ff04c85f1a695b394e6f27ff5cf85cef_create_recipe_spdx.tar.zst.siginfo'
qualcomm-linux/meta-qcom-robotics-sdk	33368583970	1	99415513855	build-pr / iq-9075-evk/qcom-robotics-distro-catchall_full_linux-qcom-next	foundri-prd-u2404-x64-od-eph-i-0778d688a4b9fd84a	ip-10-185-119-127	2026-08-31T07:45:29.7871919Z	C		/sstate/a5/7e/sstate:libxcrypt:armv8-2a-qcom-linux:4.5.2:r0:armv8-2a:14:a57e3d2fa2dc93fb2334ec2829c22148ff04c85f1a695b394e6f27ff5cf85cef_create_recipe_spdx.tar.zst.siginfo	/efs	Exception: OSError: [Errno 116] Stale file handle: '/sstate/a5/7e/sstate:libxcrypt:armv8-2a-qcom-linux:4.5.2:r0:armv8-2a:14:a57e3d2fa2dc93fb2334ec2829c22148ff04c85f1a695b394e6f27ff5cf85cef_create_recipe_spdx.tar.zst.siginfo'
qualcomm-linux/meta-qcom-robotics-sdk	33368583970	1	99415513875	build-pr / iq-9075-evk/qcom-robotics-distro-catchall_base_linux-qcom-next	foundri-prd-u2404-x64-od-eph-i-04d7a051d9e634daa	ip-10-185-120-242	2026-08-31T07:45:37.4993841Z	C		/sstate/9c/cf/sstate:suitesparse-config:armv8-2a-qcom-linux:7.7.0:r0:armv8-2a:14:9ccf0b5cf05e3d6955395d049a968c7343e69e11743a2ad2dd9af3d8f90946da_create_recipe_spdx.tar.zst.siginfo	/efs	Exception: OSError: [Errno 116] Stale file handle: '/sstate/9c/cf/sstate:suitesparse-config:armv8-2a-qcom-linux:7.7.0:r0:armv8-2a:14:9ccf0b5cf05e3d6955395d049a968c7343e69e11743a2ad2dd9af3d8f90946da_create_recipe_spdx.tar.zst.siginfo'
qualcomm-linux/meta-qcom-robotics-sdk	34538407155	2	103311047189	build-pr / iq-8275-evk/qcom-robotics-distro_base_linux-qcom-next	foundri-prd-u2404-x64-od-eph-i-03744bef0c0946172	ip-10-185-117-172	2026-09-11T15:20:09.8990497Z	A	python3-jinja2-native-3.1.6-r0:do_fetch	https://files.pythonhosted.org/packages/source/j/jinja2/jinja2-3.1.6.tar.gz	/efsx	WARNING: python3-jinja2-native-3.1.6-r0 do_fetch: Checksum failure encountered with download of https://files.pythonhosted.org/packages/source/j/jinja2/jinja2-3.1.6.tar.gz;downloadfilename=jinja2-3.1.6.tar.gz - will attempt other sources if available
qualcomm-linux/meta-qcom-robotics-sdk	34538407155	2	103311047189	build-pr / iq-8275-evk/qcom-robotics-distro_base_linux-qcom-next	foundri-prd-u2404-x64-od-eph-i-03744bef0c0946172	ip-10-185-117-172	2026-09-11T15:20:09.8990497Z	A	python3-jinja2-native-3.1.6-r0:do_fetch	https://files.pythonhosted.org/packages/source/j/jinja2/jinja2-3.1.6.tar.gz	/efsx	WARNING: python3-jinja2-native-3.1.6-r0 do_fetch: Checksum failure encountered with download of https://files.pythonhosted.org/packages/source/j/jinja2/jinja2-3.1.6.tar.gz;downloadfilename=jinja2-3.1.6.tar.gz - will attempt other sources if available
qualcomm-linux/meta-qcom-robotics-sdk	34538407155	3	103494556832	build-pr / iq-8275-evk/qcom-robotics-distro_base_linux-qcom-next	foundri-prd-u2404-x64-od-eph-i-03744bef0c0946172	ip-10-185-117-172	2026-09-11T15:20:09.8990497Z	A	python3-jinja2-native-3.1.6-r0:do_fetch	https://files.pythonhosted.org/packages/source/j/jinja2/jinja2-3.1.6.tar.gz	/efsx	WARNING: python3-jinja2-native-3.1.6-r0 do_fetch: Checksum failure encountered with download of https://files.pythonhosted.org/packages/source/j/jinja2/jinja2-3.1.6.tar.gz;downloadfilename=jinja2-3.1.6.tar.gz - will attempt other sources if available
qualcomm-linux/meta-qcom-robotics-sdk	34538407155	2	103311047287	build-pr / iq-9075-evk/qcom-robotics-distro_full_linux-qcom-next	foundri-prd-u2404-x64-od-eph-i-00df8fa976000516c	ip-10-185-112-182	2026-09-11T15:20:09.9213964Z	A	python3-jinja2-native-3.1.6-r0:do_fetch	https://files.pythonhosted.org/packages/source/j/jinja2/jinja2-3.1.6.tar.gz	/efsx	WARNING: python3-jinja2-native-3.1.6-r0 do_fetch: Checksum failure encountered with download of https://files.pythonhosted.org/packages/source/j/jinja2/jinja2-3.1.6.tar.gz;downloadfilename=jinja2-3.1.6.tar.gz - will attempt other sources if available
qualcomm-linux/meta-qcom-robotics-sdk	34538407155	2	103311047287	build-pr / iq-9075-evk/qcom-robotics-distro_full_linux-qcom-next	foundri-prd-u2404-x64-od-eph-i-00df8fa976000516c	ip-10-185-112-182	2026-09-11T15:20:09.9213964Z	A	python3-jinja2-native-3.1.6-r0:do_fetch	https://files.pythonhosted.org/packages/source/j/jinja2/jinja2-3.1.6.tar.gz	/efsx	WARNING: python3-jinja2-native-3.1.6-r0 do_fetch: Checksum failure encountered with download of https://files.pythonhosted.org/packages/source/j/jinja2/jinja2-3.1.6.tar.gz;downloadfilename=jinja2-3.1.6.tar.gz - will attempt other sources if available
qualcomm-linux/meta-qcom-robotics-sdk	34538407155	2	103311047287	build-pr / iq-9075-evk/qcom-robotics-distro_full_linux-qcom-next	foundri-prd-u2404-x64-od-eph-i-00df8fa976000516c	ip-10-185-112-182	2026-09-11T15:20:10.7742125Z	A	python3-jinja2-native-3.1.6-r0:do_fetch	/downloads/jinja2-3.1.6.tar.gz	/efsx	WARNING: python3-jinja2-native-3.1.6-r0 do_fetch: Checksum mismatch for local file /downloads/jinja2-3.1.6.tar.gz
qualcomm-linux/meta-qcom-robotics-sdk	34538407155	2	103311047287	build-pr / iq-9075-evk/qcom-robotics-distro_full_linux-qcom-next	foundri-prd-u2404-x64-od-eph-i-00df8fa976000516c	ip-10-185-112-182	2026-09-11T15:20:10.7742125Z	A	python3-jinja2-native-3.1.6-r0:do_fetch	/downloads/jinja2-3.1.6.tar.gz	/efsx	WARNING: python3-jinja2-native-3.1.6-r0 do_fetch: Checksum mismatch for local file /downloads/jinja2-3.1.6.tar.gz
qualcomm-linux/meta-qcom-robotics-sdk	34538407155	2	103311047287	build-pr / iq-9075-evk/qcom-robotics-distro_full_linux-qcom-next	foundri-prd-u2404-x64-od-eph-i-00df8fa976000516c	ip-10-185-112-182	2026-09-11T15:20:10.7743642Z	A	python3-jinja2-native-3.1.6-r0:do_fetch	/downloads/jinja2-3.1.6.tar.gz	/efsx	WARNING: python3-jinja2-native-3.1.6-r0 do_fetch: Renaming /downloads/jinja2-3.1.6.tar.gz to /downloads/jinja2-3.1.6.tar.gz_bad-checksum_e8cf3321ee743892208bda63b6e976b4b9d65114e926934b62968e0cae8460fb
qualcomm-linux/meta-qcom-robotics-sdk	34538407155	2	103311047287	build-pr / iq-9075-evk/qcom-robotics-distro_full_linux-qcom-next	foundri-prd-u2404-x64-od-eph-i-00df8fa976000516c	ip-10-185-112-182	2026-09-11T15:20:10.7743642Z	A	python3-jinja2-native-3.1.6-r0:do_fetch	/downloads/jinja2-3.1.6.tar.gz	/efsx	WARNING: python3-jinja2-native-3.1.6-r0 do_fetch: Renaming /downloads/jinja2-3.1.6.tar.gz to /downloads/jinja2-3.1.6.tar.gz_bad-checksum_e8cf3321ee743892208bda63b6e976b4b9d65114e926934b62968e0cae8460fb
qualcomm-linux/meta-qcom-robotics-sdk	34538407155	2	103311047287	build-pr / iq-9075-evk/qcom-robotics-distro_full_linux-qcom-next	foundri-prd-u2404-x64-od-eph-i-00df8fa976000516c	ip-10-185-112-182	2026-09-11T15:20:10.7787104Z	A	python3-jinja2-native-3.1.6-r0:do_fetch	https://files.pythonhosted.org/packages/source/j/jinja2/jinja2-3.1.6.tar.gz	/efsx	ERROR: python3-jinja2-native-3.1.6-r0 do_fetch: Checksum failure fetching https://files.pythonhosted.org/packages/source/j/jinja2/jinja2-3.1.6.tar.gz;downloadfilename=jinja2-3.1.6.tar.gz
qualcomm-linux/meta-qcom-robotics-sdk	34538407155	2	103311047287	build-pr / iq-9075-evk/qcom-robotics-distro_full_linux-qcom-next	foundri-prd-u2404-x64-od-eph-i-00df8fa976000516c	ip-10-185-112-182	2026-09-11T15:20:10.7787104Z	A	python3-jinja2-native-3.1.6-r0:do_fetch	https://files.pythonhosted.org/packages/source/j/jinja2/jinja2-3.1.6.tar.gz	/efsx	ERROR: python3-jinja2-native-3.1.6-r0 do_fetch: Checksum failure fetching https://files.pythonhosted.org/packages/source/j/jinja2/jinja2-3.1.6.tar.gz;downloadfilename=jinja2-3.1.6.tar.gz
qualcomm-linux/meta-qcom-robotics-sdk	34538407155	2	103311047287	build-pr / iq-9075-evk/qcom-robotics-distro_full_linux-qcom-next	foundri-prd-u2404-x64-od-eph-i-00df8fa976000516c	ip-10-185-112-182	2026-09-11T15:20:10.7793360Z	A	python3-jinja2-native-3.1.6-r0:do_fetch	/downloads/jinja2-3.1.6.tar.gz\	/efsx	ERROR: python3-jinja2-native-3.1.6-r0 do_fetch: Bitbake Fetcher Error: ChecksumError('Checksum mismatch!\nFile: \'/downloads/jinja2-3.1.6.tar.gz\' has sha256 checksum \'e8cf3321ee743892208bda63b6e976b4b9d65114e926934b62968e0cae8460fb\' when \'0137fb05990d35f1275a587e9aee6d56da821fc83491a0fb838183be43f66d6d\' was expected\nIf this change is expected (e.g. you have upgraded to a new version without 
qualcomm-linux/meta-qcom-robotics-sdk	34538407155	2	103311047287	build-pr / iq-9075-evk/qcom-robotics-distro_full_linux-qcom-next	foundri-prd-u2404-x64-od-eph-i-00df8fa976000516c	ip-10-185-112-182	2026-09-11T15:20:10.7793360Z	A	python3-jinja2-native-3.1.6-r0:do_fetch	/downloads/jinja2-3.1.6.tar.gz\	/efsx	ERROR: python3-jinja2-native-3.1.6-r0 do_fetch: Bitbake Fetcher Error: ChecksumError('Checksum mismatch!\nFile: \'/downloads/jinja2-3.1.6.tar.gz\' has sha256 checksum \'e8cf3321ee743892208bda63b6e976b4b9d65114e926934b62968e0cae8460fb\' when \'0137fb05990d35f1275a587e9aee6d56da821fc83491a0fb838183be43f66d6d\' was expected\nIf this change is expected (e.g. you have upgraded to a new version without 
qualcomm-linux/meta-qcom-robotics-sdk	34538407155	2	103311047269	build-pr / iq-8275-evk/qcom-robotics-distro-catchall_full_linux-qcom-next	foundri-prd-u2404-x64-od-eph-i-0e4401fb558ef81f7	ip-10-185-113-44	2026-09-11T15:22:08.9126914Z	A	rust-source-1.98.0-1.98.0-r0:do_fetch	https://static.rust-lang.org/dist/rustc-1.97.1-x86_64-unknown-linux-gnu.tar.xz	/efsx	WARNING: rust-source-1.98.0-1.98.0-r0 do_fetch: Checksum failure encountered with download of https://static.rust-lang.org/dist/rustc-1.97.1-x86_64-unknown-linux-gnu.tar.xz;name=rustc-snapshot-x86_64;subdir=rust-snapshot-components - will attempt other sources if available
qualcomm-linux/meta-qcom-robotics-sdk	34538407155	2	103311047269	build-pr / iq-8275-evk/qcom-robotics-distro-catchall_full_linux-qcom-next	foundri-prd-u2404-x64-od-eph-i-0e4401fb558ef81f7	ip-10-185-113-44	2026-09-11T15:22:08.9126914Z	A	rust-source-1.98.0-1.98.0-r0:do_fetch	https://static.rust-lang.org/dist/rustc-1.97.1-x86_64-unknown-linux-gnu.tar.xz	/efsx	WARNING: rust-source-1.98.0-1.98.0-r0 do_fetch: Checksum failure encountered with download of https://static.rust-lang.org/dist/rustc-1.97.1-x86_64-unknown-linux-gnu.tar.xz;name=rustc-snapshot-x86_64;subdir=rust-snapshot-components - will attempt other sources if available
qualcomm-linux/meta-qcom-robotics-sdk	34538407155	3	103494557064	build-pr / iq-8275-evk/qcom-robotics-distro-catchall_full_linux-qcom-next	foundri-prd-u2404-x64-od-eph-i-0e4401fb558ef81f7	ip-10-185-113-44	2026-09-11T15:22:08.9126914Z	A	rust-source-1.98.0-1.98.0-r0:do_fetch	https://static.rust-lang.org/dist/rustc-1.97.1-x86_64-unknown-linux-gnu.tar.xz	/efsx	WARNING: rust-source-1.98.0-1.98.0-r0 do_fetch: Checksum failure encountered with download of https://static.rust-lang.org/dist/rustc-1.97.1-x86_64-unknown-linux-gnu.tar.xz;name=rustc-snapshot-x86_64;subdir=rust-snapshot-components - will attempt other sources if available
qualcomm-linux/meta-qcom-robotics-sdk	34538407155	2	103311047269	build-pr / iq-8275-evk/qcom-robotics-distro-catchall_full_linux-qcom-next	foundri-prd-u2404-x64-od-eph-i-0e4401fb558ef81f7	ip-10-185-113-44	2026-09-11T15:22:11.1714461Z	A	rust-source-1.98.0-1.98.0-r0:do_fetch	/downloads/rustc-1.97.1-x86_64-unknown-linux-gnu.tar.xz	/efsx	WARNING: rust-source-1.98.0-1.98.0-r0 do_fetch: Checksum mismatch for local file /downloads/rustc-1.97.1-x86_64-unknown-linux-gnu.tar.xz
qualcomm-linux/meta-qcom-robotics-sdk	34538407155	2	103311047269	build-pr / iq-8275-evk/qcom-robotics-distro-catchall_full_linux-qcom-next	foundri-prd-u2404-x64-od-eph-i-0e4401fb558ef81f7	ip-10-185-113-44	2026-09-11T15:22:11.1714461Z	A	rust-source-1.98.0-1.98.0-r0:do_fetch	/downloads/rustc-1.97.1-x86_64-unknown-linux-gnu.tar.xz	/efsx	WARNING: rust-source-1.98.0-1.98.0-r0 do_fetch: Checksum mismatch for local file /downloads/rustc-1.97.1-x86_64-unknown-linux-gnu.tar.xz
qualcomm-linux/meta-qcom-robotics-sdk	34538407155	3	103494557064	build-pr / iq-8275-evk/qcom-robotics-distro-catchall_full_linux-qcom-next	foundri-prd-u2404-x64-od-eph-i-0e4401fb558ef81f7	ip-10-185-113-44	2026-09-11T15:22:11.1714461Z	A	rust-source-1.98.0-1.98.0-r0:do_fetch	/downloads/rustc-1.97.1-x86_64-unknown-linux-gnu.tar.xz	/efsx	WARNING: rust-source-1.98.0-1.98.0-r0 do_fetch: Checksum mismatch for local file /downloads/rustc-1.97.1-x86_64-unknown-linux-gnu.tar.xz
qualcomm-linux/meta-qcom-robotics-sdk	34538407155	2	103311047269	build-pr / iq-8275-evk/qcom-robotics-distro-catchall_full_linux-qcom-next	foundri-prd-u2404-x64-od-eph-i-0e4401fb558ef81f7	ip-10-185-113-44	2026-09-11T15:22:11.1717002Z	A	rust-source-1.98.0-1.98.0-r0:do_fetch	/downloads/rustc-1.97.1-x86_64-unknown-linux-gnu.tar.xz	/efsx	WARNING: rust-source-1.98.0-1.98.0-r0 do_fetch: Renaming /downloads/rustc-1.97.1-x86_64-unknown-linux-gnu.tar.xz to /downloads/rustc-1.97.1-x86_64-unknown-linux-gnu.tar.xz_bad-checksum_8c60230e953352493c07dc57615c2c1b0598694298cf52389feb819715bb5cf0
qualcomm-linux/meta-qcom-robotics-sdk	34538407155	2	103311047269	build-pr / iq-8275-evk/qcom-robotics-distro-catchall_full_linux-qcom-next	foundri-prd-u2404-x64-od-eph-i-0e4401fb558ef81f7	ip-10-185-113-44	2026-09-11T15:22:11.1717002Z	A	rust-source-1.98.0-1.98.0-r0:do_fetch	/downloads/rustc-1.97.1-x86_64-unknown-linux-gnu.tar.xz	/efsx	WARNING: rust-source-1.98.0-1.98.0-r0 do_fetch: Renaming /downloads/rustc-1.97.1-x86_64-unknown-linux-gnu.tar.xz to /downloads/rustc-1.97.1-x86_64-unknown-linux-gnu.tar.xz_bad-checksum_8c60230e953352493c07dc57615c2c1b0598694298cf52389feb819715bb5cf0
qualcomm-linux/meta-qcom-robotics-sdk	34538407155	3	103494557064	build-pr / iq-8275-evk/qcom-robotics-distro-catchall_full_linux-qcom-next	foundri-prd-u2404-x64-od-eph-i-0e4401fb558ef81f7	ip-10-185-113-44	2026-09-11T15:22:11.1717002Z	A	rust-source-1.98.0-1.98.0-r0:do_fetch	/downloads/rustc-1.97.1-x86_64-unknown-linux-gnu.tar.xz	/efsx	WARNING: rust-source-1.98.0-1.98.0-r0 do_fetch: Renaming /downloads/rustc-1.97.1-x86_64-unknown-linux-gnu.tar.xz to /downloads/rustc-1.97.1-x86_64-unknown-linux-gnu.tar.xz_bad-checksum_8c60230e953352493c07dc57615c2c1b0598694298cf52389feb819715bb5cf0
qualcomm-linux/meta-qcom-robotics-sdk	34538407155	2	103311047269	build-pr / iq-8275-evk/qcom-robotics-distro-catchall_full_linux-qcom-next	foundri-prd-u2404-x64-od-eph-i-0e4401fb558ef81f7	ip-10-185-113-44	2026-09-11T15:22:11.1762255Z	A	rust-source-1.98.0-1.98.0-r0:do_fetch	https://static.rust-lang.org/dist/rustc-1.97.1-x86_64-unknown-linux-gnu.tar.xz	/efsx	ERROR: rust-source-1.98.0-1.98.0-r0 do_fetch: Checksum failure fetching https://static.rust-lang.org/dist/rustc-1.97.1-x86_64-unknown-linux-gnu.tar.xz;name=rustc-snapshot-x86_64;subdir=rust-snapshot-components
qualcomm-linux/meta-qcom-robotics-sdk	34538407155	2	103311047269	build-pr / iq-8275-evk/qcom-robotics-distro-catchall_full_linux-qcom-next	foundri-prd-u2404-x64-od-eph-i-0e4401fb558ef81f7	ip-10-185-113-44	2026-09-11T15:22:11.1762255Z	A	rust-source-1.98.0-1.98.0-r0:do_fetch	https://static.rust-lang.org/dist/rustc-1.97.1-x86_64-unknown-linux-gnu.tar.xz	/efsx	ERROR: rust-source-1.98.0-1.98.0-r0 do_fetch: Checksum failure fetching https://static.rust-lang.org/dist/rustc-1.97.1-x86_64-unknown-linux-gnu.tar.xz;name=rustc-snapshot-x86_64;subdir=rust-snapshot-components
qualcomm-linux/meta-qcom-robotics-sdk	34538407155	3	103494557064	build-pr / iq-8275-evk/qcom-robotics-distro-catchall_full_linux-qcom-next	foundri-prd-u2404-x64-od-eph-i-0e4401fb558ef81f7	ip-10-185-113-44	2026-09-11T15:22:11.1762255Z	A	rust-source-1.98.0-1.98.0-r0:do_fetch	https://static.rust-lang.org/dist/rustc-1.97.1-x86_64-unknown-linux-gnu.tar.xz	/efsx	ERROR: rust-source-1.98.0-1.98.0-r0 do_fetch: Checksum failure fetching https://static.rust-lang.org/dist/rustc-1.97.1-x86_64-unknown-linux-gnu.tar.xz;name=rustc-snapshot-x86_64;subdir=rust-snapshot-components
qualcomm-linux/meta-qcom-robotics-sdk	34538407155	2	103311047269	build-pr / iq-8275-evk/qcom-robotics-distro-catchall_full_linux-qcom-next	foundri-prd-u2404-x64-od-eph-i-0e4401fb558ef81f7	ip-10-185-113-44	2026-09-11T15:22:11.1768167Z	A	rust-source-1.98.0-1.98.0-r0:do_fetch	/downloads/rustc-1.97.1-x86_64-unknown-linux-gnu.tar.xz\	/efsx	ERROR: rust-source-1.98.0-1.98.0-r0 do_fetch: Bitbake Fetcher Error: ChecksumError('Checksum mismatch!\nFile: \'/downloads/rustc-1.97.1-x86_64-unknown-linux-gnu.tar.xz\' has sha256 checksum \'8c60230e953352493c07dc57615c2c1b0598694298cf52389feb819715bb5cf0\' when \'9819d0a32d56bd339585319c80260e332779f5541fd66838ab7e016d6c814819\' was expected\nIf this change is expected (e.g. you have upgraded to
qualcomm-linux/meta-qcom-robotics-sdk	34538407155	2	103311047269	build-pr / iq-8275-evk/qcom-robotics-distro-catchall_full_linux-qcom-next	foundri-prd-u2404-x64-od-eph-i-0e4401fb558ef81f7	ip-10-185-113-44	2026-09-11T15:22:11.1768167Z	A	rust-source-1.98.0-1.98.0-r0:do_fetch	/downloads/rustc-1.97.1-x86_64-unknown-linux-gnu.tar.xz\	/efsx	ERROR: rust-source-1.98.0-1.98.0-r0 do_fetch: Bitbake Fetcher Error: ChecksumError('Checksum mismatch!\nFile: \'/downloads/rustc-1.97.1-x86_64-unknown-linux-gnu.tar.xz\' has sha256 checksum \'8c60230e953352493c07dc57615c2c1b0598694298cf52389feb819715bb5cf0\' when \'9819d0a32d56bd339585319c80260e332779f5541fd66838ab7e016d6c814819\' was expected\nIf this change is expected (e.g. you have upgraded to
qualcomm-linux/meta-qcom-robotics-sdk	34538407155	3	103494557064	build-pr / iq-8275-evk/qcom-robotics-distro-catchall_full_linux-qcom-next	foundri-prd-u2404-x64-od-eph-i-0e4401fb558ef81f7	ip-10-185-113-44	2026-09-11T15:22:11.1768167Z	A	rust-source-1.98.0-1.98.0-r0:do_fetch	/downloads/rustc-1.97.1-x86_64-unknown-linux-gnu.tar.xz\	/efsx	ERROR: rust-source-1.98.0-1.98.0-r0 do_fetch: Bitbake Fetcher Error: ChecksumError('Checksum mismatch!\nFile: \'/downloads/rustc-1.97.1-x86_64-unknown-linux-gnu.tar.xz\' has sha256 checksum \'8c60230e953352493c07dc57615c2c1b0598694298cf52389feb819715bb5cf0\' when \'9819d0a32d56bd339585319c80260e332779f5541fd66838ab7e016d6c814819\' was expected\nIf this change is expected (e.g. you have upgraded to
qualcomm-linux/meta-qcom-robotics-sdk	34538407155	3	103494556953	build-pr / iq-9075-evk/qcom-robotics-distro_full_linux-qcom-next	foundri-prd-u2404-x64-od-eph-i-043990c360129a0d3	ip-10-185-114-55	2026-09-12T04:28:57.4790282Z	B	vulkan-headers-1.4.357.0-r0:do_unpack	/downloads/git2/github.com.KhronosGroup.Vulkan-Headers.git;	/efsx	ERROR: vulkan-headers-1.4.357.0-r0 do_unpack: Bitbake Fetcher Error: UnpackError('No up to date source found: clone directory not available or not up to date: /downloads/git2/github.com.KhronosGroup.Vulkan-Headers.git; shallow clone not enabled', 'git://github.com/KhronosGroup/Vulkan-Headers.git;branch=main;protocol=https;tag=vulkan-sdk-1.4.357.0')
qualcomm-linux/meta-qcom-robotics-sdk	34538407155	3	103494556953	build-pr / iq-9075-evk/qcom-robotics-distro_full_linux-qcom-next	foundri-prd-u2404-x64-od-eph-i-043990c360129a0d3	ip-10-185-114-55	2026-09-12T04:28:57.4790282Z	B	vulkan-headers-1.4.357.0-r0:do_unpack	/downloads/git2/github.com.KhronosGroup.Vulkan-Headers.git;	/efsx	ERROR: vulkan-headers-1.4.357.0-r0 do_unpack: Bitbake Fetcher Error: UnpackError('No up to date source found: clone directory not available or not up to date: /downloads/git2/github.com.KhronosGroup.Vulkan-Headers.git; shallow clone not enabled', 'git://github.com/KhronosGroup/Vulkan-Headers.git;branch=main;protocol=https;tag=vulkan-sdk-1.4.357.0')
qualcomm-linux/meta-qcom-robotics-sdk	34538407155	4	103507436801	build-pr / iq-8275-evk/qcom-robotics-distro_base_linux-qcom-next	foundri-prd-u2404-x64-od-eph-i-082b5f65413b9bb8e	ip-10-185-126-77	2026-09-12T06:03:17.6018532Z	A	cargo-c-native-0.10.25+cargo-0.99.0-r0:do_fetch	crate://crates.io/portable-atomic-util/0.2.7	/efsx	WARNING: cargo-c-native-0.10.25+cargo-0.99.0-r0 do_fetch: Checksum failure encountered with download of crate://crates.io/portable-atomic-util/0.2.7 - will attempt other sources if available
qualcomm-linux/meta-qcom-robotics-sdk	34538407155	4	103507436801	build-pr / iq-8275-evk/qcom-robotics-distro_base_linux-qcom-next	foundri-prd-u2404-x64-od-eph-i-082b5f65413b9bb8e	ip-10-185-126-77	2026-09-12T06:03:17.6018532Z	A	cargo-c-native-0.10.25+cargo-0.99.0-r0:do_fetch	crate://crates.io/portable-atomic-util/0.2.7	/efsx	WARNING: cargo-c-native-0.10.25+cargo-0.99.0-r0 do_fetch: Checksum failure encountered with download of crate://crates.io/portable-atomic-util/0.2.7 - will attempt other sources if available
qualcomm-linux/meta-qcom-robotics-sdk	34538407155	4	103507436820	build-pr / iq-9075-evk/qcom-robotics-distro_base_linux-qcom-next	foundri-prd-u2404-x64-od-eph-i-04f94f58c3d2efc62	ip-10-185-117-77	2026-09-12T06:03:17.6296610Z	A	cargo-c-native-0.10.25+cargo-0.99.0-r0:do_fetch	crate://crates.io/portable-atomic-util/0.2.7	/efsx	WARNING: cargo-c-native-0.10.25+cargo-0.99.0-r0 do_fetch: Checksum failure encountered with download of crate://crates.io/portable-atomic-util/0.2.7 - will attempt other sources if available
qualcomm-linux/meta-qcom-robotics-sdk	34538407155	4	103507436820	build-pr / iq-9075-evk/qcom-robotics-distro_base_linux-qcom-next	foundri-prd-u2404-x64-od-eph-i-04f94f58c3d2efc62	ip-10-185-117-77	2026-09-12T06:03:17.6296610Z	A	cargo-c-native-0.10.25+cargo-0.99.0-r0:do_fetch	crate://crates.io/portable-atomic-util/0.2.7	/efsx	WARNING: cargo-c-native-0.10.25+cargo-0.99.0-r0 do_fetch: Checksum failure encountered with download of crate://crates.io/portable-atomic-util/0.2.7 - will attempt other sources if available
qualcomm-linux/meta-qcom-robotics-sdk	34538407155	4	103507436820	build-pr / iq-9075-evk/qcom-robotics-distro_base_linux-qcom-next	foundri-prd-u2404-x64-od-eph-i-04f94f58c3d2efc62	ip-10-185-117-77	2026-09-12T06:03:18.6267028Z	A	cargo-c-native-0.10.25+cargo-0.99.0-r0:do_fetch	/downloads/portable-atomic-util-0.2.7.crate	/efsx	WARNING: cargo-c-native-0.10.25+cargo-0.99.0-r0 do_fetch: Checksum mismatch for local file /downloads/portable-atomic-util-0.2.7.crate
qualcomm-linux/meta-qcom-robotics-sdk	34538407155	4	103507436820	build-pr / iq-9075-evk/qcom-robotics-distro_base_linux-qcom-next	foundri-prd-u2404-x64-od-eph-i-04f94f58c3d2efc62	ip-10-185-117-77	2026-09-12T06:03:18.6267028Z	A	cargo-c-native-0.10.25+cargo-0.99.0-r0:do_fetch	/downloads/portable-atomic-util-0.2.7.crate	/efsx	WARNING: cargo-c-native-0.10.25+cargo-0.99.0-r0 do_fetch: Checksum mismatch for local file /downloads/portable-atomic-util-0.2.7.crate
qualcomm-linux/meta-qcom-robotics-sdk	34538407155	4	103507436820	build-pr / iq-9075-evk/qcom-robotics-distro_base_linux-qcom-next	foundri-prd-u2404-x64-od-eph-i-04f94f58c3d2efc62	ip-10-185-117-77	2026-09-12T06:03:18.6277807Z	A	cargo-c-native-0.10.25+cargo-0.99.0-r0:do_fetch	/downloads/portable-atomic-util-0.2.7.crate	/efsx	WARNING: cargo-c-native-0.10.25+cargo-0.99.0-r0 do_fetch: Renaming /downloads/portable-atomic-util-0.2.7.crate to /downloads/portable-atomic-util-0.2.7.crate_bad-checksum_ce18b0f357f7a6ef7eb87ee20096001bbaecf4d6fb6f1faf1484e596eba6e5cb
qualcomm-linux/meta-qcom-robotics-sdk	34538407155	4	103507436820	build-pr / iq-9075-evk/qcom-robotics-distro_base_linux-qcom-next	foundri-prd-u2404-x64-od-eph-i-04f94f58c3d2efc62	ip-10-185-117-77	2026-09-12T06:03:18.6277807Z	A	cargo-c-native-0.10.25+cargo-0.99.0-r0:do_fetch	/downloads/portable-atomic-util-0.2.7.crate	/efsx	WARNING: cargo-c-native-0.10.25+cargo-0.99.0-r0 do_fetch: Renaming /downloads/portable-atomic-util-0.2.7.crate to /downloads/portable-atomic-util-0.2.7.crate_bad-checksum_ce18b0f357f7a6ef7eb87ee20096001bbaecf4d6fb6f1faf1484e596eba6e5cb
qualcomm-linux/meta-qcom-robotics-sdk	34538407155	4	103507436820	build-pr / iq-9075-evk/qcom-robotics-distro_base_linux-qcom-next	foundri-prd-u2404-x64-od-eph-i-04f94f58c3d2efc62	ip-10-185-117-77	2026-09-12T06:03:18.6347976Z	A	cargo-c-native-0.10.25+cargo-0.99.0-r0:do_fetch	crate://crates.io/portable-atomic-util/0.2.7	/efsx	ERROR: cargo-c-native-0.10.25+cargo-0.99.0-r0 do_fetch: Checksum failure fetching crate://crates.io/portable-atomic-util/0.2.7
qualcomm-linux/meta-qcom-robotics-sdk	34538407155	4	103507436820	build-pr / iq-9075-evk/qcom-robotics-distro_base_linux-qcom-next	foundri-prd-u2404-x64-od-eph-i-04f94f58c3d2efc62	ip-10-185-117-77	2026-09-12T06:03:18.6347976Z	A	cargo-c-native-0.10.25+cargo-0.99.0-r0:do_fetch	crate://crates.io/portable-atomic-util/0.2.7	/efsx	ERROR: cargo-c-native-0.10.25+cargo-0.99.0-r0 do_fetch: Checksum failure fetching crate://crates.io/portable-atomic-util/0.2.7
qualcomm-linux/meta-qcom-robotics-sdk	34538407155	4	103507436820	build-pr / iq-9075-evk/qcom-robotics-distro_base_linux-qcom-next	foundri-prd-u2404-x64-od-eph-i-04f94f58c3d2efc62	ip-10-185-117-77	2026-09-12T06:03:18.6553844Z	A	cargo-c-native-0.10.25+cargo-0.99.0-r0:do_fetch	/downloads/portable-atomic-util-0.2.7.crate\	/efsx	ERROR: cargo-c-native-0.10.25+cargo-0.99.0-r0 do_fetch: Bitbake Fetcher Error: ChecksumError('Checksum mismatch!\nFile: \'/downloads/portable-atomic-util-0.2.7.crate\' has sha256 checksum \'ce18b0f357f7a6ef7eb87ee20096001bbaecf4d6fb6f1faf1484e596eba6e5cb\' when \'c2a106d1259c23fac8e543272398ae0e3c0b8d33c88ed73d0cc71b0f1d902618\' was expected\nIf this change is expected (e.g. you have upgraded to a
qualcomm-linux/meta-qcom-robotics-sdk	34538407155	4	103507436820	build-pr / iq-9075-evk/qcom-robotics-distro_base_linux-qcom-next	foundri-prd-u2404-x64-od-eph-i-04f94f58c3d2efc62	ip-10-185-117-77	2026-09-12T06:03:18.6553844Z	A	cargo-c-native-0.10.25+cargo-0.99.0-r0:do_fetch	/downloads/portable-atomic-util-0.2.7.crate\	/efsx	ERROR: cargo-c-native-0.10.25+cargo-0.99.0-r0 do_fetch: Bitbake Fetcher Error: ChecksumError('Checksum mismatch!\nFile: \'/downloads/portable-atomic-util-0.2.7.crate\' has sha256 checksum \'ce18b0f357f7a6ef7eb87ee20096001bbaecf4d6fb6f1faf1484e596eba6e5cb\' when \'c2a106d1259c23fac8e543272398ae0e3c0b8d33c88ed73d0cc71b0f1d902618\' was expected\nIf this change is expected (e.g. you have upgraded to a
qualcomm-linux/meta-qcom-robotics-sdk	34538407155	4	103507436856	build-pr / iq-8275-evk/qcom-robotics-distro-catchall_full_linux-qcom-next	foundri-prd-u2404-x64-od-eph-i-03dc1318c3e39cad1	ip-10-185-115-136	2026-09-12T06:09:03.1235310Z	B	suitesparse-config-7.7.0-r0:do_unpack	/downloads/git2/github.com.DrTimothyAldenDavis.SuiteSparse.git;	/efsx	ERROR: suitesparse-config-7.7.0-r0 do_unpack: Bitbake Fetcher Error: UnpackError('No up to date source found: clone directory not available or not up to date: /downloads/git2/github.com.DrTimothyAldenDavis.SuiteSparse.git; shallow clone not enabled', 'git://github.com/DrTimothyAldenDavis/SuiteSparse.git;branch=stable;protocol=https')
qualcomm-linux/meta-qcom-robotics-sdk	34538407155	4	103507436856	build-pr / iq-8275-evk/qcom-robotics-distro-catchall_full_linux-qcom-next	foundri-prd-u2404-x64-od-eph-i-03dc1318c3e39cad1	ip-10-185-115-136	2026-09-12T06:09:03.1235310Z	B	suitesparse-config-7.7.0-r0:do_unpack	/downloads/git2/github.com.DrTimothyAldenDavis.SuiteSparse.git;	/efsx	ERROR: suitesparse-config-7.7.0-r0 do_unpack: Bitbake Fetcher Error: UnpackError('No up to date source found: clone directory not available or not up to date: /downloads/git2/github.com.DrTimothyAldenDavis.SuiteSparse.git; shallow clone not enabled', 'git://github.com/DrTimothyAldenDavis/SuiteSparse.git;branch=stable;protocol=https')
qualcomm-linux/meta-qcom-robotics-sdk	34538407155	4	103507436884	build-pr / iq-9075-evk/qcom-robotics-distro-catchall_base_linux-qcom-next	foundri-prd-u2404-x64-od-eph-i-0d39e317eb4ed76c8	ip-10-185-118-138	2026-09-12T06:09:17.3476614Z	B	suitesparse-config-7.7.0-r0:do_unpack	/downloads/git2/github.com.DrTimothyAldenDavis.SuiteSparse.git;	/efsx	ERROR: suitesparse-config-7.7.0-r0 do_unpack: Bitbake Fetcher Error: UnpackError('No up to date source found: clone directory not available or not up to date: /downloads/git2/github.com.DrTimothyAldenDavis.SuiteSparse.git; shallow clone not enabled', 'git://github.com/DrTimothyAldenDavis/SuiteSparse.git;branch=stable;protocol=https')
qualcomm-linux/meta-qcom-robotics-sdk	34538407155	4	103507436884	build-pr / iq-9075-evk/qcom-robotics-distro-catchall_base_linux-qcom-next	foundri-prd-u2404-x64-od-eph-i-0d39e317eb4ed76c8	ip-10-185-118-138	2026-09-12T06:09:17.3476614Z	B	suitesparse-config-7.7.0-r0:do_unpack	/downloads/git2/github.com.DrTimothyAldenDavis.SuiteSparse.git;	/efsx	ERROR: suitesparse-config-7.7.0-r0 do_unpack: Bitbake Fetcher Error: UnpackError('No up to date source found: clone directory not available or not up to date: /downloads/git2/github.com.DrTimothyAldenDavis.SuiteSparse.git; shallow clone not enabled', 'git://github.com/DrTimothyAldenDavis/SuiteSparse.git;branch=stable;protocol=https')
qualcomm-linux/meta-qcom-robotics-sdk	34538407155	4	103507436887	build-pr / iq-9075-evk/performance_base_linux-qcom-next	foundri-prd-u2404-x64-od-eph-i-09ff43c53146a9d3a	ip-10-185-112-98	2026-09-12T06:09:39.1343018Z	B	suitesparse-config-7.7.0-r0:do_unpack	/downloads/git2/github.com.DrTimothyAldenDavis.SuiteSparse.git;	/efsx	ERROR: suitesparse-config-7.7.0-r0 do_unpack: Bitbake Fetcher Error: UnpackError('No up to date source found: clone directory not available or not up to date: /downloads/git2/github.com.DrTimothyAldenDavis.SuiteSparse.git; shallow clone not enabled', 'git://github.com/DrTimothyAldenDavis/SuiteSparse.git;branch=stable;protocol=https')
qualcomm-linux/meta-qcom-robotics-sdk	34538407155	4	103507436887	build-pr / iq-9075-evk/performance_base_linux-qcom-next	foundri-prd-u2404-x64-od-eph-i-09ff43c53146a9d3a	ip-10-185-112-98	2026-09-12T06:09:39.1343018Z	B	suitesparse-config-7.7.0-r0:do_unpack	/downloads/git2/github.com.DrTimothyAldenDavis.SuiteSparse.git;	/efsx	ERROR: suitesparse-config-7.7.0-r0 do_unpack: Bitbake Fetcher Error: UnpackError('No up to date source found: clone directory not available or not up to date: /downloads/git2/github.com.DrTimothyAldenDavis.SuiteSparse.git; shallow clone not enabled', 'git://github.com/DrTimothyAldenDavis/SuiteSparse.git;branch=stable;protocol=https')
qualcomm-linux/meta-qcom-robotics-sdk	34538407155	4	103507436898	build-pr / iq-8275-evk/qcom-robotics-distro-catchall_base_linux-qcom-next	foundri-prd-u2404-x64-od-eph-i-055616b215cc915bb	ip-10-185-119-203	2026-09-12T06:09:39.2362936Z	B	suitesparse-config-7.7.0-r0:do_unpack	/downloads/git2/github.com.DrTimothyAldenDavis.SuiteSparse.git;	/efsx	ERROR: suitesparse-config-7.7.0-r0 do_unpack: Bitbake Fetcher Error: UnpackError('No up to date source found: clone directory not available or not up to date: /downloads/git2/github.com.DrTimothyAldenDavis.SuiteSparse.git; shallow clone not enabled', 'git://github.com/DrTimothyAldenDavis/SuiteSparse.git;branch=stable;protocol=https')
qualcomm-linux/meta-qcom-robotics-sdk	34538407155	4	103507436898	build-pr / iq-8275-evk/qcom-robotics-distro-catchall_base_linux-qcom-next	foundri-prd-u2404-x64-od-eph-i-055616b215cc915bb	ip-10-185-119-203	2026-09-12T06:09:39.2362936Z	B	suitesparse-config-7.7.0-r0:do_unpack	/downloads/git2/github.com.DrTimothyAldenDavis.SuiteSparse.git;	/efsx	ERROR: suitesparse-config-7.7.0-r0 do_unpack: Bitbake Fetcher Error: UnpackError('No up to date source found: clone directory not available or not up to date: /downloads/git2/github.com.DrTimothyAldenDavis.SuiteSparse.git; shallow clone not enabled', 'git://github.com/DrTimothyAldenDavis/SuiteSparse.git;branch=stable;protocol=https')
qualcomm-linux/meta-qcom-robotics-sdk	34538407155	4	103507436891	build-pr / iq-8275-evk/performance_base_linux-qcom-next	foundri-prd-u2404-x64-od-eph-i-089f1982fe01f50ed	ip-10-185-112-234	2026-09-12T06:09:39.2980979Z	B	suitesparse-config-7.7.0-r0:do_unpack	/downloads/git2/github.com.DrTimothyAldenDavis.SuiteSparse.git;	/efsx	ERROR: suitesparse-config-7.7.0-r0 do_unpack: Bitbake Fetcher Error: UnpackError('No up to date source found: clone directory not available or not up to date: /downloads/git2/github.com.DrTimothyAldenDavis.SuiteSparse.git; shallow clone not enabled', 'git://github.com/DrTimothyAldenDavis/SuiteSparse.git;branch=stable;protocol=https')
qualcomm-linux/meta-qcom-robotics-sdk	34538407155	4	103507436891	build-pr / iq-8275-evk/performance_base_linux-qcom-next	foundri-prd-u2404-x64-od-eph-i-089f1982fe01f50ed	ip-10-185-112-234	2026-09-12T06:09:39.2980979Z	B	suitesparse-config-7.7.0-r0:do_unpack	/downloads/git2/github.com.DrTimothyAldenDavis.SuiteSparse.git;	/efsx	ERROR: suitesparse-config-7.7.0-r0 do_unpack: Bitbake Fetcher Error: UnpackError('No up to date source found: clone directory not available or not up to date: /downloads/git2/github.com.DrTimothyAldenDavis.SuiteSparse.git; shallow clone not enabled', 'git://github.com/DrTimothyAldenDavis/SuiteSparse.git;branch=stable;protocol=https')
qualcomm-linux/meta-qcom-robotics-sdk	34538407155	4	103507437001	build-pr / iq-9075-evk/qcom-robotics-distro-catchall_full_linux-qcom-next	foundri-prd-u2404-x64-od-eph-i-01a10e14d6f3d1655	ip-10-185-127-77	2026-09-12T06:10:16.6481552Z	B	suitesparse-config-7.7.0-r0:do_unpack	/downloads/git2/github.com.DrTimothyAldenDavis.SuiteSparse.git;	/efsx	ERROR: suitesparse-config-7.7.0-r0 do_unpack: Bitbake Fetcher Error: UnpackError('No up to date source found: clone directory not available or not up to date: /downloads/git2/github.com.DrTimothyAldenDavis.SuiteSparse.git; shallow clone not enabled', 'git://github.com/DrTimothyAldenDavis/SuiteSparse.git;branch=stable;protocol=https')
qualcomm-linux/meta-qcom-robotics-sdk	34538407155	4	103507437001	build-pr / iq-9075-evk/qcom-robotics-distro-catchall_full_linux-qcom-next	foundri-prd-u2404-x64-od-eph-i-01a10e14d6f3d1655	ip-10-185-127-77	2026-09-12T06:10:16.6481552Z	B	suitesparse-config-7.7.0-r0:do_unpack	/downloads/git2/github.com.DrTimothyAldenDavis.SuiteSparse.git;	/efsx	ERROR: suitesparse-config-7.7.0-r0 do_unpack: Bitbake Fetcher Error: UnpackError('No up to date source found: clone directory not available or not up to date: /downloads/git2/github.com.DrTimothyAldenDavis.SuiteSparse.git; shallow clone not enabled', 'git://github.com/DrTimothyAldenDavis/SuiteSparse.git;branch=stable;protocol=https')
qualcomm-linux/meta-qcom-robotics-sdk	34538407155	4	103507436760	build-pr / iq-8275-evk/performance_full_linux-qcom-next	foundri-prd-u2404-x64-od-eph-i-0acc2b5661750c577	ip-10-185-121-221	2026-09-12T06:10:48.4907163Z	B	suitesparse-config-7.7.0-r0:do_unpack	/downloads/git2/github.com.DrTimothyAldenDavis.SuiteSparse.git;	/efsx	ERROR: suitesparse-config-7.7.0-r0 do_unpack: Bitbake Fetcher Error: UnpackError('No up to date source found: clone directory not available or not up to date: /downloads/git2/github.com.DrTimothyAldenDavis.SuiteSparse.git; shallow clone not enabled', 'git://github.com/DrTimothyAldenDavis/SuiteSparse.git;branch=stable;protocol=https')
qualcomm-linux/meta-qcom-robotics-sdk	34538407155	4	103507436760	build-pr / iq-8275-evk/performance_full_linux-qcom-next	foundri-prd-u2404-x64-od-eph-i-0acc2b5661750c577	ip-10-185-121-221	2026-09-12T06:10:48.4907163Z	B	suitesparse-config-7.7.0-r0:do_unpack	/downloads/git2/github.com.DrTimothyAldenDavis.SuiteSparse.git;	/efsx	ERROR: suitesparse-config-7.7.0-r0 do_unpack: Bitbake Fetcher Error: UnpackError('No up to date source found: clone directory not available or not up to date: /downloads/git2/github.com.DrTimothyAldenDavis.SuiteSparse.git; shallow clone not enabled', 'git://github.com/DrTimothyAldenDavis/SuiteSparse.git;branch=stable;protocol=https')
qualcomm-linux/meta-qcom-robotics-sdk	34538407155	4	103507436817	build-pr / iq-9075-evk/debug_base_linux-qcom-next	foundri-prd-u2404-x64-od-eph-i-06b6445696539a75b	ip-10-185-127-106	2026-09-12T06:13:02.0244148Z	B	suitesparse-config-7.7.0-r0:do_unpack	/downloads/git2/github.com.DrTimothyAldenDavis.SuiteSparse.git;	/efsx	ERROR: suitesparse-config-7.7.0-r0 do_unpack: Bitbake Fetcher Error: UnpackError('No up to date source found: clone directory not available or not up to date: /downloads/git2/github.com.DrTimothyAldenDavis.SuiteSparse.git; shallow clone not enabled', 'git://github.com/DrTimothyAldenDavis/SuiteSparse.git;branch=stable;protocol=https')
qualcomm-linux/meta-qcom-robotics-sdk	34538407155	4	103507436817	build-pr / iq-9075-evk/debug_base_linux-qcom-next	foundri-prd-u2404-x64-od-eph-i-06b6445696539a75b	ip-10-185-127-106	2026-09-12T06:13:02.0244148Z	B	suitesparse-config-7.7.0-r0:do_unpack	/downloads/git2/github.com.DrTimothyAldenDavis.SuiteSparse.git;	/efsx	ERROR: suitesparse-config-7.7.0-r0 do_unpack: Bitbake Fetcher Error: UnpackError('No up to date source found: clone directory not available or not up to date: /downloads/git2/github.com.DrTimothyAldenDavis.SuiteSparse.git; shallow clone not enabled', 'git://github.com/DrTimothyAldenDavis/SuiteSparse.git;branch=stable;protocol=https')
qualcomm-linux/meta-qcom-robotics-sdk	34538407155	4	103507436889	build-pr / iq-9075-evk/qcom-robotics-distro_full_linux-qcom-next	foundri-prd-u2404-x64-od-eph-i-0a524f1814dd5fb34	ip-10-185-123-80	2026-09-12T06:13:55.0365228Z	B	suitesparse-config-7.7.0-r0:do_unpack	/downloads/git2/github.com.DrTimothyAldenDavis.SuiteSparse.git;	/efsx	ERROR: suitesparse-config-7.7.0-r0 do_unpack: Bitbake Fetcher Error: UnpackError('No up to date source found: clone directory not available or not up to date: /downloads/git2/github.com.DrTimothyAldenDavis.SuiteSparse.git; shallow clone not enabled', 'git://github.com/DrTimothyAldenDavis/SuiteSparse.git;branch=stable;protocol=https')
qualcomm-linux/meta-qcom-robotics-sdk	34538407155	4	103507436889	build-pr / iq-9075-evk/qcom-robotics-distro_full_linux-qcom-next	foundri-prd-u2404-x64-od-eph-i-0a524f1814dd5fb34	ip-10-185-123-80	2026-09-12T06:13:55.0365228Z	B	suitesparse-config-7.7.0-r0:do_unpack	/downloads/git2/github.com.DrTimothyAldenDavis.SuiteSparse.git;	/efsx	ERROR: suitesparse-config-7.7.0-r0 do_unpack: Bitbake Fetcher Error: UnpackError('No up to date source found: clone directory not available or not up to date: /downloads/git2/github.com.DrTimothyAldenDavis.SuiteSparse.git; shallow clone not enabled', 'git://github.com/DrTimothyAldenDavis/SuiteSparse.git;branch=stable;protocol=https')
qualcomm-linux/meta-qcom-robotics-sdk	34538407155	4	103507436714	build-pr / iq-8275-evk/qcom-robotics-distro_full_linux-qcom-next	foundri-prd-u2404-x64-od-eph-i-0bf92af1fdc410125	ip-10-185-117-152	2026-09-12T06:14:15.0939358Z	B	suitesparse-config-7.7.0-r0:do_unpack	/downloads/git2/github.com.DrTimothyAldenDavis.SuiteSparse.git;	/efsx	ERROR: suitesparse-config-7.7.0-r0 do_unpack: Bitbake Fetcher Error: UnpackError('No up to date source found: clone directory not available or not up to date: /downloads/git2/github.com.DrTimothyAldenDavis.SuiteSparse.git; shallow clone not enabled', 'git://github.com/DrTimothyAldenDavis/SuiteSparse.git;branch=stable;protocol=https')
qualcomm-linux/meta-qcom-robotics-sdk	34538407155	4	103507436714	build-pr / iq-8275-evk/qcom-robotics-distro_full_linux-qcom-next	foundri-prd-u2404-x64-od-eph-i-0bf92af1fdc410125	ip-10-185-117-152	2026-09-12T06:14:15.0939358Z	B	suitesparse-config-7.7.0-r0:do_unpack	/downloads/git2/github.com.DrTimothyAldenDavis.SuiteSparse.git;	/efsx	ERROR: suitesparse-config-7.7.0-r0 do_unpack: Bitbake Fetcher Error: UnpackError('No up to date source found: clone directory not available or not up to date: /downloads/git2/github.com.DrTimothyAldenDavis.SuiteSparse.git; shallow clone not enabled', 'git://github.com/DrTimothyAldenDavis/SuiteSparse.git;branch=stable;protocol=https')
qualcomm-linux/meta-qcom-robotics-sdk	34538407155	4	103507437013	build-pr / iq-9075-evk/performance_full_linux-qcom-next	foundri-prd-u2404-x64-od-eph-i-0aeaf253411ffaa61	ip-10-185-115-146	2026-09-12T06:14:15.2586823Z	B	suitesparse-config-7.7.0-r0:do_unpack	/downloads/git2/github.com.DrTimothyAldenDavis.SuiteSparse.git;	/efsx	ERROR: suitesparse-config-7.7.0-r0 do_unpack: Bitbake Fetcher Error: UnpackError('No up to date source found: clone directory not available or not up to date: /downloads/git2/github.com.DrTimothyAldenDavis.SuiteSparse.git; shallow clone not enabled', 'git://github.com/DrTimothyAldenDavis/SuiteSparse.git;branch=stable;protocol=https')
qualcomm-linux/meta-qcom-robotics-sdk	34538407155	4	103507437013	build-pr / iq-9075-evk/performance_full_linux-qcom-next	foundri-prd-u2404-x64-od-eph-i-0aeaf253411ffaa61	ip-10-185-115-146	2026-09-12T06:14:15.2586823Z	B	suitesparse-config-7.7.0-r0:do_unpack	/downloads/git2/github.com.DrTimothyAldenDavis.SuiteSparse.git;	/efsx	ERROR: suitesparse-config-7.7.0-r0 do_unpack: Bitbake Fetcher Error: UnpackError('No up to date source found: clone directory not available or not up to date: /downloads/git2/github.com.DrTimothyAldenDavis.SuiteSparse.git; shallow clone not enabled', 'git://github.com/DrTimothyAldenDavis/SuiteSparse.git;branch=stable;protocol=https')
qualcomm-linux/meta-qcom-robotics-sdk	34538407155	4	103507436714	build-pr / iq-8275-evk/qcom-robotics-distro_full_linux-qcom-next	foundri-prd-u2404-x64-od-eph-i-0bf92af1fdc410125	ip-10-185-117-152	2026-09-12T06:15:41.3957952Z	B	vulkan-headers-1.4.357.0-r0:do_unpack	/downloads/git2/github.com.KhronosGroup.Vulkan-Headers.git;	/efsx	ERROR: vulkan-headers-1.4.357.0-r0 do_unpack: Bitbake Fetcher Error: UnpackError('No up to date source found: clone directory not available or not up to date: /downloads/git2/github.com.KhronosGroup.Vulkan-Headers.git; shallow clone not enabled', 'git://github.com/KhronosGroup/Vulkan-Headers.git;branch=main;protocol=https;tag=vulkan-sdk-1.4.357.0')
qualcomm-linux/meta-qcom-robotics-sdk	34538407155	4	103507436714	build-pr / iq-8275-evk/qcom-robotics-distro_full_linux-qcom-next	foundri-prd-u2404-x64-od-eph-i-0bf92af1fdc410125	ip-10-185-117-152	2026-09-12T06:15:41.3957952Z	B	vulkan-headers-1.4.357.0-r0:do_unpack	/downloads/git2/github.com.KhronosGroup.Vulkan-Headers.git;	/efsx	ERROR: vulkan-headers-1.4.357.0-r0 do_unpack: Bitbake Fetcher Error: UnpackError('No up to date source found: clone directory not available or not up to date: /downloads/git2/github.com.KhronosGroup.Vulkan-Headers.git; shallow clone not enabled', 'git://github.com/KhronosGroup/Vulkan-Headers.git;branch=main;protocol=https;tag=vulkan-sdk-1.4.357.0')
qualcomm-linux/meta-qcom-robotics-sdk	34538407155	4	103507436889	build-pr / iq-9075-evk/qcom-robotics-distro_full_linux-qcom-next	foundri-prd-u2404-x64-od-eph-i-0a524f1814dd5fb34	ip-10-185-123-80	2026-09-12T06:26:46.9258453Z	B	vulkan-headers-1.4.357.0-r0:do_unpack	/downloads/git2/github.com.KhronosGroup.Vulkan-Headers.git;	/efsx	ERROR: vulkan-headers-1.4.357.0-r0 do_unpack: Bitbake Fetcher Error: UnpackError('No up to date source found: clone directory not available or not up to date: /downloads/git2/github.com.KhronosGroup.Vulkan-Headers.git; shallow clone not enabled', 'git://github.com/KhronosGroup/Vulkan-Headers.git;branch=main;protocol=https;tag=vulkan-sdk-1.4.357.0')
qualcomm-linux/meta-qcom-robotics-sdk	34538407155	4	103507436889	build-pr / iq-9075-evk/qcom-robotics-distro_full_linux-qcom-next	foundri-prd-u2404-x64-od-eph-i-0a524f1814dd5fb34	ip-10-185-123-80	2026-09-12T06:26:46.9258453Z	B	vulkan-headers-1.4.357.0-r0:do_unpack	/downloads/git2/github.com.KhronosGroup.Vulkan-Headers.git;	/efsx	ERROR: vulkan-headers-1.4.357.0-r0 do_unpack: Bitbake Fetcher Error: UnpackError('No up to date source found: clone directory not available or not up to date: /downloads/git2/github.com.KhronosGroup.Vulkan-Headers.git; shallow clone not enabled', 'git://github.com/KhronosGroup/Vulkan-Headers.git;branch=main;protocol=https;tag=vulkan-sdk-1.4.357.0')
qualcomm-linux/meta-qcom-robotics-sdk	34538407155	5	103764395280	build-pr / iq-8275-evk/qcom-robotics-distro-catchall_base_linux-qcom-next	foundri-prd-u2404-x64-od-eph-i-04aa6272892e300d9	ip-10-185-122-30	2026-09-13T18:37:37.1653798Z	B	suitesparse-config-7.7.0-r0:do_unpack	/downloads/git2/github.com.DrTimothyAldenDavis.SuiteSparse.git;	/efsx	ERROR: suitesparse-config-7.7.0-r0 do_unpack: Bitbake Fetcher Error: UnpackError('No up to date source found: clone directory not available or not up to date: /downloads/git2/github.com.DrTimothyAldenDavis.SuiteSparse.git; shallow clone not enabled', 'git://github.com/DrTimothyAldenDavis/SuiteSparse.git;branch=stable;protocol=https')
qualcomm-linux/meta-qcom-robotics-sdk	34538407155	5	103764395280	build-pr / iq-8275-evk/qcom-robotics-distro-catchall_base_linux-qcom-next	foundri-prd-u2404-x64-od-eph-i-04aa6272892e300d9	ip-10-185-122-30	2026-09-13T18:37:37.1653798Z	B	suitesparse-config-7.7.0-r0:do_unpack	/downloads/git2/github.com.DrTimothyAldenDavis.SuiteSparse.git;	/efsx	ERROR: suitesparse-config-7.7.0-r0 do_unpack: Bitbake Fetcher Error: UnpackError('No up to date source found: clone directory not available or not up to date: /downloads/git2/github.com.DrTimothyAldenDavis.SuiteSparse.git; shallow clone not enabled', 'git://github.com/DrTimothyAldenDavis/SuiteSparse.git;branch=stable;protocol=https')
qualcomm-linux/meta-qcom-robotics-sdk	34538407155	5	103764395295	build-pr / iq-8275-evk/qcom-robotics-distro_base_linux-qcom-next	foundri-prd-u2404-x64-od-eph-i-06a80327d5ee05ba5	ip-10-185-125-90	2026-09-13T18:47:26.8198682Z	A	python3-setuptools-rust-native-1.13.0-r0:do_fetch	https://files.pythonhosted.org/packages/source/s/setuptools_rust/setuptools_rust-1.13.0.tar.gz	/efsx	WARNING: python3-setuptools-rust-native-1.13.0-r0 do_fetch: Checksum failure encountered with download of https://files.pythonhosted.org/packages/source/s/setuptools_rust/setuptools_rust-1.13.0.tar.gz;downloadfilename=setuptools_rust-1.13.0.tar.gz - will attempt other sources if available
qualcomm-linux/meta-qcom-robotics-sdk	34538407155	5	103764395295	build-pr / iq-8275-evk/qcom-robotics-distro_base_linux-qcom-next	foundri-prd-u2404-x64-od-eph-i-06a80327d5ee05ba5	ip-10-185-125-90	2026-09-13T18:47:26.8198682Z	A	python3-setuptools-rust-native-1.13.0-r0:do_fetch	https://files.pythonhosted.org/packages/source/s/setuptools_rust/setuptools_rust-1.13.0.tar.gz	/efsx	WARNING: python3-setuptools-rust-native-1.13.0-r0 do_fetch: Checksum failure encountered with download of https://files.pythonhosted.org/packages/source/s/setuptools_rust/setuptools_rust-1.13.0.tar.gz;downloadfilename=setuptools_rust-1.13.0.tar.gz - will attempt other sources if available
qualcomm-linux/meta-qcom-robotics-sdk	34538407155	5	103764395303	build-pr / iq-9075-evk/qcom-robotics-distro_base_linux-qcom-next	foundri-prd-u2404-x64-od-eph-i-052827f0cd22f1940	ip-10-185-119-170	2026-09-13T18:47:27.1262351Z	A	python3-setuptools-rust-native-1.13.0-r0:do_fetch	https://files.pythonhosted.org/packages/source/s/setuptools_rust/setuptools_rust-1.13.0.tar.gz	/efsx	WARNING: python3-setuptools-rust-native-1.13.0-r0 do_fetch: Checksum failure encountered with download of https://files.pythonhosted.org/packages/source/s/setuptools_rust/setuptools_rust-1.13.0.tar.gz;downloadfilename=setuptools_rust-1.13.0.tar.gz - will attempt other sources if available
qualcomm-linux/meta-qcom-robotics-sdk	34538407155	5	103764395303	build-pr / iq-9075-evk/qcom-robotics-distro_base_linux-qcom-next	foundri-prd-u2404-x64-od-eph-i-052827f0cd22f1940	ip-10-185-119-170	2026-09-13T18:47:27.1262351Z	A	python3-setuptools-rust-native-1.13.0-r0:do_fetch	https://files.pythonhosted.org/packages/source/s/setuptools_rust/setuptools_rust-1.13.0.tar.gz	/efsx	WARNING: python3-setuptools-rust-native-1.13.0-r0 do_fetch: Checksum failure encountered with download of https://files.pythonhosted.org/packages/source/s/setuptools_rust/setuptools_rust-1.13.0.tar.gz;downloadfilename=setuptools_rust-1.13.0.tar.gz - will attempt other sources if available
qualcomm-linux/meta-qcom-robotics-sdk	34538407155	5	103764395321	build-pr / iq-8275-evk/performance_base_linux-qcom-next	foundri-prd-u2404-x64-od-eph-i-0576545c1e3e6da31	ip-10-185-120-50	2026-09-13T18:47:27.8994951Z	B	suitesparse-config-7.7.0-r0:do_unpack	/downloads/git2/github.com.DrTimothyAldenDavis.SuiteSparse.git;	/efsx	ERROR: suitesparse-config-7.7.0-r0 do_unpack: Bitbake Fetcher Error: UnpackError('No up to date source found: clone directory not available or not up to date: /downloads/git2/github.com.DrTimothyAldenDavis.SuiteSparse.git; shallow clone not enabled', 'git://github.com/DrTimothyAldenDavis/SuiteSparse.git;branch=stable;protocol=https')
qualcomm-linux/meta-qcom-robotics-sdk	34538407155	5	103764395321	build-pr / iq-8275-evk/performance_base_linux-qcom-next	foundri-prd-u2404-x64-od-eph-i-0576545c1e3e6da31	ip-10-185-120-50	2026-09-13T18:47:27.8994951Z	B	suitesparse-config-7.7.0-r0:do_unpack	/downloads/git2/github.com.DrTimothyAldenDavis.SuiteSparse.git;	/efsx	ERROR: suitesparse-config-7.7.0-r0 do_unpack: Bitbake Fetcher Error: UnpackError('No up to date source found: clone directory not available or not up to date: /downloads/git2/github.com.DrTimothyAldenDavis.SuiteSparse.git; shallow clone not enabled', 'git://github.com/DrTimothyAldenDavis/SuiteSparse.git;branch=stable;protocol=https')
qualcomm-linux/meta-qcom-robotics-sdk	34538407155	5	103764395303	build-pr / iq-9075-evk/qcom-robotics-distro_base_linux-qcom-next	foundri-prd-u2404-x64-od-eph-i-052827f0cd22f1940	ip-10-185-119-170	2026-09-13T18:47:27.9046192Z	B	suitesparse-config-7.7.0-r0:do_unpack	/downloads/git2/github.com.DrTimothyAldenDavis.SuiteSparse.git;	/efsx	ERROR: suitesparse-config-7.7.0-r0 do_unpack: Bitbake Fetcher Error: UnpackError('No up to date source found: clone directory not available or not up to date: /downloads/git2/github.com.DrTimothyAldenDavis.SuiteSparse.git; shallow clone not enabled', 'git://github.com/DrTimothyAldenDavis/SuiteSparse.git;branch=stable;protocol=https')
qualcomm-linux/meta-qcom-robotics-sdk	34538407155	5	103764395303	build-pr / iq-9075-evk/qcom-robotics-distro_base_linux-qcom-next	foundri-prd-u2404-x64-od-eph-i-052827f0cd22f1940	ip-10-185-119-170	2026-09-13T18:47:27.9046192Z	B	suitesparse-config-7.7.0-r0:do_unpack	/downloads/git2/github.com.DrTimothyAldenDavis.SuiteSparse.git;	/efsx	ERROR: suitesparse-config-7.7.0-r0 do_unpack: Bitbake Fetcher Error: UnpackError('No up to date source found: clone directory not available or not up to date: /downloads/git2/github.com.DrTimothyAldenDavis.SuiteSparse.git; shallow clone not enabled', 'git://github.com/DrTimothyAldenDavis/SuiteSparse.git;branch=stable;protocol=https')
qualcomm-linux/meta-qcom-robotics-sdk	34538407155	5	103764395327	build-pr / iq-9075-evk/qcom-robotics-distro-catchall_base_linux-qcom-next	foundri-prd-u2404-x64-od-eph-i-013039c11d36d6788	ip-10-185-120-56	2026-09-13T18:47:28.0850857Z	B	suitesparse-config-7.7.0-r0:do_unpack	/downloads/git2/github.com.DrTimothyAldenDavis.SuiteSparse.git;	/efsx	ERROR: suitesparse-config-7.7.0-r0 do_unpack: Bitbake Fetcher Error: UnpackError('No up to date source found: clone directory not available or not up to date: /downloads/git2/github.com.DrTimothyAldenDavis.SuiteSparse.git; shallow clone not enabled', 'git://github.com/DrTimothyAldenDavis/SuiteSparse.git;branch=stable;protocol=https')
qualcomm-linux/meta-qcom-robotics-sdk	34538407155	5	103764395327	build-pr / iq-9075-evk/qcom-robotics-distro-catchall_base_linux-qcom-next	foundri-prd-u2404-x64-od-eph-i-013039c11d36d6788	ip-10-185-120-56	2026-09-13T18:47:28.0850857Z	B	suitesparse-config-7.7.0-r0:do_unpack	/downloads/git2/github.com.DrTimothyAldenDavis.SuiteSparse.git;	/efsx	ERROR: suitesparse-config-7.7.0-r0 do_unpack: Bitbake Fetcher Error: UnpackError('No up to date source found: clone directory not available or not up to date: /downloads/git2/github.com.DrTimothyAldenDavis.SuiteSparse.git; shallow clone not enabled', 'git://github.com/DrTimothyAldenDavis/SuiteSparse.git;branch=stable;protocol=https')
qualcomm-linux/meta-qcom-robotics-sdk	34538407155	5	103764395295	build-pr / iq-8275-evk/qcom-robotics-distro_base_linux-qcom-next	foundri-prd-u2404-x64-od-eph-i-06a80327d5ee05ba5	ip-10-185-125-90	2026-09-13T18:47:28.2707994Z	A	python3-setuptools-rust-native-1.13.0-r0:do_fetch	/downloads/setuptools_rust-1.13.0.tar.gz	/efsx	WARNING: python3-setuptools-rust-native-1.13.0-r0 do_fetch: Checksum mismatch for local file /downloads/setuptools_rust-1.13.0.tar.gz
qualcomm-linux/meta-qcom-robotics-sdk	34538407155	5	103764395295	build-pr / iq-8275-evk/qcom-robotics-distro_base_linux-qcom-next	foundri-prd-u2404-x64-od-eph-i-06a80327d5ee05ba5	ip-10-185-125-90	2026-09-13T18:47:28.2707994Z	A	python3-setuptools-rust-native-1.13.0-r0:do_fetch	/downloads/setuptools_rust-1.13.0.tar.gz	/efsx	WARNING: python3-setuptools-rust-native-1.13.0-r0 do_fetch: Checksum mismatch for local file /downloads/setuptools_rust-1.13.0.tar.gz
qualcomm-linux/meta-qcom-robotics-sdk	34538407155	5	103764395295	build-pr / iq-8275-evk/qcom-robotics-distro_base_linux-qcom-next	foundri-prd-u2404-x64-od-eph-i-06a80327d5ee05ba5	ip-10-185-125-90	2026-09-13T18:47:28.2710234Z	A	python3-setuptools-rust-native-1.13.0-r0:do_fetch	/downloads/setuptools_rust-1.13.0.tar.gz	/efsx	WARNING: python3-setuptools-rust-native-1.13.0-r0 do_fetch: Renaming /downloads/setuptools_rust-1.13.0.tar.gz to /downloads/setuptools_rust-1.13.0.tar.gz_bad-checksum_0b47c975b4dcb093df1ab689ed8ad03c3078211adfab2f3dc8729bea45f4ecc1
qualcomm-linux/meta-qcom-robotics-sdk	34538407155	5	103764395295	build-pr / iq-8275-evk/qcom-robotics-distro_base_linux-qcom-next	foundri-prd-u2404-x64-od-eph-i-06a80327d5ee05ba5	ip-10-185-125-90	2026-09-13T18:47:28.2710234Z	A	python3-setuptools-rust-native-1.13.0-r0:do_fetch	/downloads/setuptools_rust-1.13.0.tar.gz	/efsx	WARNING: python3-setuptools-rust-native-1.13.0-r0 do_fetch: Renaming /downloads/setuptools_rust-1.13.0.tar.gz to /downloads/setuptools_rust-1.13.0.tar.gz_bad-checksum_0b47c975b4dcb093df1ab689ed8ad03c3078211adfab2f3dc8729bea45f4ecc1
qualcomm-linux/meta-qcom-robotics-sdk	34538407155	5	103764395295	build-pr / iq-8275-evk/qcom-robotics-distro_base_linux-qcom-next	foundri-prd-u2404-x64-od-eph-i-06a80327d5ee05ba5	ip-10-185-125-90	2026-09-13T18:47:28.3881913Z	A	python3-setuptools-rust-native-1.13.0-r0:do_fetch	https://files.pythonhosted.org/packages/source/s/setuptools_rust/setuptools_rust-1.13.0.tar.gz	/efsx	ERROR: python3-setuptools-rust-native-1.13.0-r0 do_fetch: Checksum failure fetching https://files.pythonhosted.org/packages/source/s/setuptools_rust/setuptools_rust-1.13.0.tar.gz;downloadfilename=setuptools_rust-1.13.0.tar.gz
qualcomm-linux/meta-qcom-robotics-sdk	34538407155	5	103764395295	build-pr / iq-8275-evk/qcom-robotics-distro_base_linux-qcom-next	foundri-prd-u2404-x64-od-eph-i-06a80327d5ee05ba5	ip-10-185-125-90	2026-09-13T18:47:28.3881913Z	A	python3-setuptools-rust-native-1.13.0-r0:do_fetch	https://files.pythonhosted.org/packages/source/s/setuptools_rust/setuptools_rust-1.13.0.tar.gz	/efsx	ERROR: python3-setuptools-rust-native-1.13.0-r0 do_fetch: Checksum failure fetching https://files.pythonhosted.org/packages/source/s/setuptools_rust/setuptools_rust-1.13.0.tar.gz;downloadfilename=setuptools_rust-1.13.0.tar.gz
qualcomm-linux/meta-qcom-robotics-sdk	34538407155	5	103764395295	build-pr / iq-8275-evk/qcom-robotics-distro_base_linux-qcom-next	foundri-prd-u2404-x64-od-eph-i-06a80327d5ee05ba5	ip-10-185-125-90	2026-09-13T18:47:28.5515599Z	A	python3-setuptools-rust-native-1.13.0-r0:do_fetch	/downloads/setuptools_rust-1.13.0.tar.gz\	/efsx	ERROR: python3-setuptools-rust-native-1.13.0-r0 do_fetch: Bitbake Fetcher Error: ChecksumError('Checksum mismatch!\nFile: \'/downloads/setuptools_rust-1.13.0.tar.gz\' has sha256 checksum \'0b47c975b4dcb093df1ab689ed8ad03c3078211adfab2f3dc8729bea45f4ecc1\' when \'f2afcf4baeee689910ce49cfa8aad4e08cce72f417449bcc32891b8664fdc726\' was expected\nIf this change is expected (e.g. you have upgraded to a 
qualcomm-linux/meta-qcom-robotics-sdk	34538407155	5	103764395295	build-pr / iq-8275-evk/qcom-robotics-distro_base_linux-qcom-next	foundri-prd-u2404-x64-od-eph-i-06a80327d5ee05ba5	ip-10-185-125-90	2026-09-13T18:47:28.5515599Z	A	python3-setuptools-rust-native-1.13.0-r0:do_fetch	/downloads/setuptools_rust-1.13.0.tar.gz\	/efsx	ERROR: python3-setuptools-rust-native-1.13.0-r0 do_fetch: Bitbake Fetcher Error: ChecksumError('Checksum mismatch!\nFile: \'/downloads/setuptools_rust-1.13.0.tar.gz\' has sha256 checksum \'0b47c975b4dcb093df1ab689ed8ad03c3078211adfab2f3dc8729bea45f4ecc1\' when \'f2afcf4baeee689910ce49cfa8aad4e08cce72f417449bcc32891b8664fdc726\' was expected\nIf this change is expected (e.g. you have upgraded to a 
qualcomm-linux/meta-qcom-robotics-sdk	34538407155	5	103764395288	build-pr / iq-8275-evk/qcom-robotics-distro_full_linux-qcom-next	foundri-prd-u2404-x64-od-eph-i-0bc58763e4d81e819	ip-10-185-119-89	2026-09-13T18:57:57.9535834Z	A	librsvg-2.62.3-r0:do_fetch	crate://crates.io/glam/0.27.0	/efsx	WARNING: librsvg-2.62.3-r0 do_fetch: Checksum failure encountered with download of crate://crates.io/glam/0.27.0 - will attempt other sources if available
qualcomm-linux/meta-qcom-robotics-sdk	34538407155	5	103764395288	build-pr / iq-8275-evk/qcom-robotics-distro_full_linux-qcom-next	foundri-prd-u2404-x64-od-eph-i-0bc58763e4d81e819	ip-10-185-119-89	2026-09-13T18:57:57.9535834Z	A	librsvg-2.62.3-r0:do_fetch	crate://crates.io/glam/0.27.0	/efsx	WARNING: librsvg-2.62.3-r0 do_fetch: Checksum failure encountered with download of crate://crates.io/glam/0.27.0 - will attempt other sources if available
qualcomm-linux/meta-qcom-robotics-sdk	34538407155	5	103764395300	build-pr / iq-9075-evk/qcom-robotics-distro_full_linux-qcom-next	foundri-prd-u2404-x64-od-eph-i-01526cd2f50406ef6	ip-10-185-127-177	2026-09-13T18:57:58.0036364Z	A	librsvg-2.62.3-r0:do_fetch	crate://crates.io/glam/0.27.0	/efsx	WARNING: librsvg-2.62.3-r0 do_fetch: Checksum failure encountered with download of crate://crates.io/glam/0.27.0 - will attempt other sources if available
qualcomm-linux/meta-qcom-robotics-sdk	34538407155	5	103764395300	build-pr / iq-9075-evk/qcom-robotics-distro_full_linux-qcom-next	foundri-prd-u2404-x64-od-eph-i-01526cd2f50406ef6	ip-10-185-127-177	2026-09-13T18:57:58.0036364Z	A	librsvg-2.62.3-r0:do_fetch	crate://crates.io/glam/0.27.0	/efsx	WARNING: librsvg-2.62.3-r0 do_fetch: Checksum failure encountered with download of crate://crates.io/glam/0.27.0 - will attempt other sources if available
qualcomm-linux/meta-qcom-robotics-sdk	34538407155	5	103764395300	build-pr / iq-9075-evk/qcom-robotics-distro_full_linux-qcom-next	foundri-prd-u2404-x64-od-eph-i-01526cd2f50406ef6	ip-10-185-127-177	2026-09-13T18:57:59.4029110Z	A	librsvg-2.62.3-r0:do_fetch	/downloads/glam-0.27.0.crate	/efsx	WARNING: librsvg-2.62.3-r0 do_fetch: Checksum mismatch for local file /downloads/glam-0.27.0.crate
qualcomm-linux/meta-qcom-robotics-sdk	34538407155	5	103764395300	build-pr / iq-9075-evk/qcom-robotics-distro_full_linux-qcom-next	foundri-prd-u2404-x64-od-eph-i-01526cd2f50406ef6	ip-10-185-127-177	2026-09-13T18:57:59.4029110Z	A	librsvg-2.62.3-r0:do_fetch	/downloads/glam-0.27.0.crate	/efsx	WARNING: librsvg-2.62.3-r0 do_fetch: Checksum mismatch for local file /downloads/glam-0.27.0.crate
qualcomm-linux/meta-qcom-robotics-sdk	34538407155	5	103764395300	build-pr / iq-9075-evk/qcom-robotics-distro_full_linux-qcom-next	foundri-prd-u2404-x64-od-eph-i-01526cd2f50406ef6	ip-10-185-127-177	2026-09-13T18:57:59.4030032Z	A	librsvg-2.62.3-r0:do_fetch	/downloads/glam-0.27.0.crate	/efsx	WARNING: librsvg-2.62.3-r0 do_fetch: Renaming /downloads/glam-0.27.0.crate to /downloads/glam-0.27.0.crate_bad-checksum_02598891d0107f351d1b52116b02804e3f66efacf20ea2d455a4518bfd8ef3b3
qualcomm-linux/meta-qcom-robotics-sdk	34538407155	5	103764395300	build-pr / iq-9075-evk/qcom-robotics-distro_full_linux-qcom-next	foundri-prd-u2404-x64-od-eph-i-01526cd2f50406ef6	ip-10-185-127-177	2026-09-13T18:57:59.4030032Z	A	librsvg-2.62.3-r0:do_fetch	/downloads/glam-0.27.0.crate	/efsx	WARNING: librsvg-2.62.3-r0 do_fetch: Renaming /downloads/glam-0.27.0.crate to /downloads/glam-0.27.0.crate_bad-checksum_02598891d0107f351d1b52116b02804e3f66efacf20ea2d455a4518bfd8ef3b3
qualcomm-linux/meta-qcom-robotics-sdk	34538407155	5	103764395300	build-pr / iq-9075-evk/qcom-robotics-distro_full_linux-qcom-next	foundri-prd-u2404-x64-od-eph-i-01526cd2f50406ef6	ip-10-185-127-177	2026-09-13T18:57:59.5659045Z	A	librsvg-2.62.3-r0:do_fetch	crate://crates.io/glam/0.27.0	/efsx	ERROR: librsvg-2.62.3-r0 do_fetch: Checksum failure fetching crate://crates.io/glam/0.27.0
qualcomm-linux/meta-qcom-robotics-sdk	34538407155	5	103764395300	build-pr / iq-9075-evk/qcom-robotics-distro_full_linux-qcom-next	foundri-prd-u2404-x64-od-eph-i-01526cd2f50406ef6	ip-10-185-127-177	2026-09-13T18:57:59.5659045Z	A	librsvg-2.62.3-r0:do_fetch	crate://crates.io/glam/0.27.0	/efsx	ERROR: librsvg-2.62.3-r0 do_fetch: Checksum failure fetching crate://crates.io/glam/0.27.0
qualcomm-linux/meta-qcom-robotics-sdk	34538407155	5	103764395300	build-pr / iq-9075-evk/qcom-robotics-distro_full_linux-qcom-next	foundri-prd-u2404-x64-od-eph-i-01526cd2f50406ef6	ip-10-185-127-177	2026-09-13T18:57:59.7178912Z	A	librsvg-2.62.3-r0:do_fetch	/downloads/glam-0.27.0.crate\	/efsx	ERROR: librsvg-2.62.3-r0 do_fetch: Bitbake Fetcher Error: ChecksumError('Checksum mismatch!\nFile: \'/downloads/glam-0.27.0.crate\' has sha256 checksum \'02598891d0107f351d1b52116b02804e3f66efacf20ea2d455a4518bfd8ef3b3\' when \'9e05e7e6723e3455f4818c7b26e855439f7546cf617ef669d1adedb8669e5cb9\' was expected\nIf this change is expected (e.g. you have upgraded to a new version without updating the ch
qualcomm-linux/meta-qcom-robotics-sdk	34538407155	5	103764395300	build-pr / iq-9075-evk/qcom-robotics-distro_full_linux-qcom-next	foundri-prd-u2404-x64-od-eph-i-01526cd2f50406ef6	ip-10-185-127-177	2026-09-13T18:57:59.7178912Z	A	librsvg-2.62.3-r0:do_fetch	/downloads/glam-0.27.0.crate\	/efsx	ERROR: librsvg-2.62.3-r0 do_fetch: Bitbake Fetcher Error: ChecksumError('Checksum mismatch!\nFile: \'/downloads/glam-0.27.0.crate\' has sha256 checksum \'02598891d0107f351d1b52116b02804e3f66efacf20ea2d455a4518bfd8ef3b3\' when \'9e05e7e6723e3455f4818c7b26e855439f7546cf617ef669d1adedb8669e5cb9\' was expected\nIf this change is expected (e.g. you have upgraded to a new version without updating the ch
qualcomm-linux/meta-qcom-robotics-sdk	34538407155	5	103764395288	build-pr / iq-8275-evk/qcom-robotics-distro_full_linux-qcom-next	foundri-prd-u2404-x64-od-eph-i-0bc58763e4d81e819	ip-10-185-119-89	2026-09-13T18:58:54.5572423Z	B	suitesparse-config-7.7.0-r0:do_unpack	/downloads/git2/github.com.DrTimothyAldenDavis.SuiteSparse.git;	/efsx	ERROR: suitesparse-config-7.7.0-r0 do_unpack: Bitbake Fetcher Error: UnpackError('No up to date source found: clone directory not available or not up to date: /downloads/git2/github.com.DrTimothyAldenDavis.SuiteSparse.git; shallow clone not enabled', 'git://github.com/DrTimothyAldenDavis/SuiteSparse.git;branch=stable;protocol=https')
qualcomm-linux/meta-qcom-robotics-sdk	34538407155	5	103764395288	build-pr / iq-8275-evk/qcom-robotics-distro_full_linux-qcom-next	foundri-prd-u2404-x64-od-eph-i-0bc58763e4d81e819	ip-10-185-119-89	2026-09-13T18:58:54.5572423Z	B	suitesparse-config-7.7.0-r0:do_unpack	/downloads/git2/github.com.DrTimothyAldenDavis.SuiteSparse.git;	/efsx	ERROR: suitesparse-config-7.7.0-r0 do_unpack: Bitbake Fetcher Error: UnpackError('No up to date source found: clone directory not available or not up to date: /downloads/git2/github.com.DrTimothyAldenDavis.SuiteSparse.git; shallow clone not enabled', 'git://github.com/DrTimothyAldenDavis/SuiteSparse.git;branch=stable;protocol=https')
qualcomm-linux/meta-qcom-robotics-sdk	34538407155	5	103764395331	build-pr / iq-9075-evk/debug_base_linux-qcom-next	foundri-prd-u2404-x64-od-eph-i-0fc68b69c408e3145	ip-10-185-126-88	2026-09-13T18:58:54.5733301Z	B	suitesparse-config-7.7.0-r0:do_unpack	/downloads/git2/github.com.DrTimothyAldenDavis.SuiteSparse.git;	/efsx	ERROR: suitesparse-config-7.7.0-r0 do_unpack: Bitbake Fetcher Error: UnpackError('No up to date source found: clone directory not available or not up to date: /downloads/git2/github.com.DrTimothyAldenDavis.SuiteSparse.git; shallow clone not enabled', 'git://github.com/DrTimothyAldenDavis/SuiteSparse.git;branch=stable;protocol=https')
qualcomm-linux/meta-qcom-robotics-sdk	34538407155	5	103764395331	build-pr / iq-9075-evk/debug_base_linux-qcom-next	foundri-prd-u2404-x64-od-eph-i-0fc68b69c408e3145	ip-10-185-126-88	2026-09-13T18:58:54.5733301Z	B	suitesparse-config-7.7.0-r0:do_unpack	/downloads/git2/github.com.DrTimothyAldenDavis.SuiteSparse.git;	/efsx	ERROR: suitesparse-config-7.7.0-r0 do_unpack: Bitbake Fetcher Error: UnpackError('No up to date source found: clone directory not available or not up to date: /downloads/git2/github.com.DrTimothyAldenDavis.SuiteSparse.git; shallow clone not enabled', 'git://github.com/DrTimothyAldenDavis/SuiteSparse.git;branch=stable;protocol=https')
qualcomm-linux/meta-qcom-robotics-sdk	34538407155	5	103764395328	build-pr / iq-8275-evk/debug_full_linux-qcom-next	foundri-prd-u2404-x64-od-eph-i-0aea465f97df72e98	ip-10-185-113-26	2026-09-13T18:58:54.6177832Z	B	suitesparse-config-7.7.0-r0:do_unpack	/downloads/git2/github.com.DrTimothyAldenDavis.SuiteSparse.git;	/efsx	ERROR: suitesparse-config-7.7.0-r0 do_unpack: Bitbake Fetcher Error: UnpackError('No up to date source found: clone directory not available or not up to date: /downloads/git2/github.com.DrTimothyAldenDavis.SuiteSparse.git; shallow clone not enabled', 'git://github.com/DrTimothyAldenDavis/SuiteSparse.git;branch=stable;protocol=https')
qualcomm-linux/meta-qcom-robotics-sdk	34538407155	5	103764395328	build-pr / iq-8275-evk/debug_full_linux-qcom-next	foundri-prd-u2404-x64-od-eph-i-0aea465f97df72e98	ip-10-185-113-26	2026-09-13T18:58:54.6177832Z	B	suitesparse-config-7.7.0-r0:do_unpack	/downloads/git2/github.com.DrTimothyAldenDavis.SuiteSparse.git;	/efsx	ERROR: suitesparse-config-7.7.0-r0 do_unpack: Bitbake Fetcher Error: UnpackError('No up to date source found: clone directory not available or not up to date: /downloads/git2/github.com.DrTimothyAldenDavis.SuiteSparse.git; shallow clone not enabled', 'git://github.com/DrTimothyAldenDavis/SuiteSparse.git;branch=stable;protocol=https')
qualcomm-linux/meta-qcom-robotics-sdk	34538407155	5	103764395347	build-pr / iq-8275-evk/debug_base_linux-qcom-next	foundri-prd-u2404-x64-od-eph-i-0eb2c328c2ed413d4	ip-10-185-126-77	2026-09-13T18:58:54.6277328Z	B	suitesparse-config-7.7.0-r0:do_unpack	/downloads/git2/github.com.DrTimothyAldenDavis.SuiteSparse.git;	/efsx	ERROR: suitesparse-config-7.7.0-r0 do_unpack: Bitbake Fetcher Error: UnpackError('No up to date source found: clone directory not available or not up to date: /downloads/git2/github.com.DrTimothyAldenDavis.SuiteSparse.git; shallow clone not enabled', 'git://github.com/DrTimothyAldenDavis/SuiteSparse.git;branch=stable;protocol=https')
qualcomm-linux/meta-qcom-robotics-sdk	34538407155	5	103764395347	build-pr / iq-8275-evk/debug_base_linux-qcom-next	foundri-prd-u2404-x64-od-eph-i-0eb2c328c2ed413d4	ip-10-185-126-77	2026-09-13T18:58:54.6277328Z	B	suitesparse-config-7.7.0-r0:do_unpack	/downloads/git2/github.com.DrTimothyAldenDavis.SuiteSparse.git;	/efsx	ERROR: suitesparse-config-7.7.0-r0 do_unpack: Bitbake Fetcher Error: UnpackError('No up to date source found: clone directory not available or not up to date: /downloads/git2/github.com.DrTimothyAldenDavis.SuiteSparse.git; shallow clone not enabled', 'git://github.com/DrTimothyAldenDavis/SuiteSparse.git;branch=stable;protocol=https')
qualcomm-linux/meta-qcom-robotics-sdk	34538407155	5	103764395353	build-pr / iq-9075-evk/debug_full_linux-qcom-next	foundri-prd-u2404-x64-od-eph-i-0b0ac70044b3a72b6	ip-10-185-126-115	2026-09-13T19:20:20.8256799Z	B	suitesparse-config-7.7.0-r0:do_unpack	/downloads/git2/github.com.DrTimothyAldenDavis.SuiteSparse.git;	/efsx	ERROR: suitesparse-config-7.7.0-r0 do_unpack: Bitbake Fetcher Error: UnpackError('No up to date source found: clone directory not available or not up to date: /downloads/git2/github.com.DrTimothyAldenDavis.SuiteSparse.git; shallow clone not enabled', 'git://github.com/DrTimothyAldenDavis/SuiteSparse.git;branch=stable;protocol=https')
qualcomm-linux/meta-qcom-robotics-sdk	34538407155	5	103764395353	build-pr / iq-9075-evk/debug_full_linux-qcom-next	foundri-prd-u2404-x64-od-eph-i-0b0ac70044b3a72b6	ip-10-185-126-115	2026-09-13T19:20:20.8256799Z	B	suitesparse-config-7.7.0-r0:do_unpack	/downloads/git2/github.com.DrTimothyAldenDavis.SuiteSparse.git;	/efsx	ERROR: suitesparse-config-7.7.0-r0 do_unpack: Bitbake Fetcher Error: UnpackError('No up to date source found: clone directory not available or not up to date: /downloads/git2/github.com.DrTimothyAldenDavis.SuiteSparse.git; shallow clone not enabled', 'git://github.com/DrTimothyAldenDavis/SuiteSparse.git;branch=stable;protocol=https')
qualcomm-linux/meta-qcom-robotics-sdk	34538407155	5	103764395318	build-pr / iq-9075-evk/performance_full_linux-qcom-next	foundri-prd-u2404-x64-od-eph-i-0dc7d8b560199bf08	ip-10-185-124-120	2026-09-13T19:47:15.7168757Z	B	suitesparse-config-7.7.0-r0:do_unpack	/downloads/git2/github.com.DrTimothyAldenDavis.SuiteSparse.git;	/efsx	ERROR: suitesparse-config-7.7.0-r0 do_unpack: Bitbake Fetcher Error: UnpackError('No up to date source found: clone directory not available or not up to date: /downloads/git2/github.com.DrTimothyAldenDavis.SuiteSparse.git; shallow clone not enabled', 'git://github.com/DrTimothyAldenDavis/SuiteSparse.git;branch=stable;protocol=https')
qualcomm-linux/meta-qcom-robotics-sdk	34538407155	5	103764395318	build-pr / iq-9075-evk/performance_full_linux-qcom-next	foundri-prd-u2404-x64-od-eph-i-0dc7d8b560199bf08	ip-10-185-124-120	2026-09-13T19:47:15.7168757Z	B	suitesparse-config-7.7.0-r0:do_unpack	/downloads/git2/github.com.DrTimothyAldenDavis.SuiteSparse.git;	/efsx	ERROR: suitesparse-config-7.7.0-r0 do_unpack: Bitbake Fetcher Error: UnpackError('No up to date source found: clone directory not available or not up to date: /downloads/git2/github.com.DrTimothyAldenDavis.SuiteSparse.git; shallow clone not enabled', 'git://github.com/DrTimothyAldenDavis/SuiteSparse.git;branch=stable;protocol=https')
qualcomm-linux/meta-qcom-robotics-sdk	34538407155	5	103764395315	build-pr / iq-8275-evk/qcom-robotics-distro-catchall_full_linux-qcom-next	foundri-prd-u2404-x64-od-eph-i-0648af06506223255	ip-10-185-117-186	2026-09-13T19:52:45.3150562Z	B	suitesparse-config-7.7.0-r0:do_unpack	/downloads/git2/github.com.DrTimothyAldenDavis.SuiteSparse.git;	/efsx	ERROR: suitesparse-config-7.7.0-r0 do_unpack: Bitbake Fetcher Error: UnpackError('No up to date source found: clone directory not available or not up to date: /downloads/git2/github.com.DrTimothyAldenDavis.SuiteSparse.git; shallow clone not enabled', 'git://github.com/DrTimothyAldenDavis/SuiteSparse.git;branch=stable;protocol=https')
qualcomm-linux/meta-qcom-robotics-sdk	34538407155	5	103764395315	build-pr / iq-8275-evk/qcom-robotics-distro-catchall_full_linux-qcom-next	foundri-prd-u2404-x64-od-eph-i-0648af06506223255	ip-10-185-117-186	2026-09-13T19:52:45.3150562Z	B	suitesparse-config-7.7.0-r0:do_unpack	/downloads/git2/github.com.DrTimothyAldenDavis.SuiteSparse.git;	/efsx	ERROR: suitesparse-config-7.7.0-r0 do_unpack: Bitbake Fetcher Error: UnpackError('No up to date source found: clone directory not available or not up to date: /downloads/git2/github.com.DrTimothyAldenDavis.SuiteSparse.git; shallow clone not enabled', 'git://github.com/DrTimothyAldenDavis/SuiteSparse.git;branch=stable;protocol=https')
qualcomm-linux/meta-qcom-robotics-sdk	34538407155	5	103764395342	build-pr / iq-9075-evk/qcom-robotics-distro-catchall_full_linux-qcom-next	foundri-prd-u2404-x64-od-eph-i-04b66dd3eb067b71c	ip-10-185-125-124	2026-09-13T19:53:03.2884338Z	B	suitesparse-config-7.7.0-r0:do_unpack	/downloads/git2/github.com.DrTimothyAldenDavis.SuiteSparse.git;	/efsx	ERROR: suitesparse-config-7.7.0-r0 do_unpack: Bitbake Fetcher Error: UnpackError('No up to date source found: clone directory not available or not up to date: /downloads/git2/github.com.DrTimothyAldenDavis.SuiteSparse.git; shallow clone not enabled', 'git://github.com/DrTimothyAldenDavis/SuiteSparse.git;branch=stable;protocol=https')
qualcomm-linux/meta-qcom-robotics-sdk	34538407155	5	103764395342	build-pr / iq-9075-evk/qcom-robotics-distro-catchall_full_linux-qcom-next	foundri-prd-u2404-x64-od-eph-i-04b66dd3eb067b71c	ip-10-185-125-124	2026-09-13T19:53:03.2884338Z	B	suitesparse-config-7.7.0-r0:do_unpack	/downloads/git2/github.com.DrTimothyAldenDavis.SuiteSparse.git;	/efsx	ERROR: suitesparse-config-7.7.0-r0 do_unpack: Bitbake Fetcher Error: UnpackError('No up to date source found: clone directory not available or not up to date: /downloads/git2/github.com.DrTimothyAldenDavis.SuiteSparse.git; shallow clone not enabled', 'git://github.com/DrTimothyAldenDavis/SuiteSparse.git;branch=stable;protocol=https')
qualcomm-linux/meta-qcom-robotics-sdk	34538407155	5	103764395345	build-pr / iq-9075-evk/performance_base_linux-qcom-next	foundri-prd-u2404-x64-od-eph-i-03bcd0884b1c53991	ip-10-185-124-176	2026-09-13T19:56:00.3105880Z	B	suitesparse-config-7.7.0-r0:do_unpack	/downloads/git2/github.com.DrTimothyAldenDavis.SuiteSparse.git;	/efsx	ERROR: suitesparse-config-7.7.0-r0 do_unpack: Bitbake Fetcher Error: UnpackError('No up to date source found: clone directory not available or not up to date: /downloads/git2/github.com.DrTimothyAldenDavis.SuiteSparse.git; shallow clone not enabled', 'git://github.com/DrTimothyAldenDavis/SuiteSparse.git;branch=stable;protocol=https')
qualcomm-linux/meta-qcom-robotics-sdk	34538407155	5	103764395345	build-pr / iq-9075-evk/performance_base_linux-qcom-next	foundri-prd-u2404-x64-od-eph-i-03bcd0884b1c53991	ip-10-185-124-176	2026-09-13T19:56:00.3105880Z	B	suitesparse-config-7.7.0-r0:do_unpack	/downloads/git2/github.com.DrTimothyAldenDavis.SuiteSparse.git;	/efsx	ERROR: suitesparse-config-7.7.0-r0 do_unpack: Bitbake Fetcher Error: UnpackError('No up to date source found: clone directory not available or not up to date: /downloads/git2/github.com.DrTimothyAldenDavis.SuiteSparse.git; shallow clone not enabled', 'git://github.com/DrTimothyAldenDavis/SuiteSparse.git;branch=stable;protocol=https')
qualcomm-linux/meta-qcom-robotics-sdk	34538407155	5	103764395338	build-pr / iq-8275-evk/performance_full_linux-qcom-next	foundri-prd-u2404-x64-od-eph-i-037017f99957abc37	ip-10-185-119-132	2026-09-13T20:04:59.9120553Z	B	suitesparse-config-7.7.0-r0:do_unpack	/downloads/git2/github.com.DrTimothyAldenDavis.SuiteSparse.git;	/efsx	ERROR: suitesparse-config-7.7.0-r0 do_unpack: Bitbake Fetcher Error: UnpackError('No up to date source found: clone directory not available or not up to date: /downloads/git2/github.com.DrTimothyAldenDavis.SuiteSparse.git; shallow clone not enabled', 'git://github.com/DrTimothyAldenDavis/SuiteSparse.git;branch=stable;protocol=https')
qualcomm-linux/meta-qcom-robotics-sdk	34538407155	5	103764395338	build-pr / iq-8275-evk/performance_full_linux-qcom-next	foundri-prd-u2404-x64-od-eph-i-037017f99957abc37	ip-10-185-119-132	2026-09-13T20:04:59.9120553Z	B	suitesparse-config-7.7.0-r0:do_unpack	/downloads/git2/github.com.DrTimothyAldenDavis.SuiteSparse.git;	/efsx	ERROR: suitesparse-config-7.7.0-r0 do_unpack: Bitbake Fetcher Error: UnpackError('No up to date source found: clone directory not available or not up to date: /downloads/git2/github.com.DrTimothyAldenDavis.SuiteSparse.git; shallow clone not enabled', 'git://github.com/DrTimothyAldenDavis/SuiteSparse.git;branch=stable;protocol=https')
qualcomm-linux/meta-qcom-robotics-sdk	34538407155	6	103820387710	build-pr / iq-8275-evk/performance_base_linux-qcom-next	foundri-prd-u2404-x64-od-eph-i-022d65773580b9465	ip-10-185-119-180	2026-09-14T00:47:45.5599796Z	B	suitesparse-config-7.7.0-r0:do_unpack	/downloads/git2/github.com.DrTimothyAldenDavis.SuiteSparse.git;	/efsx	ERROR: suitesparse-config-7.7.0-r0 do_unpack: Bitbake Fetcher Error: UnpackError('No up to date source found: clone directory not available or not up to date: /downloads/git2/github.com.DrTimothyAldenDavis.SuiteSparse.git; shallow clone not enabled', 'git://github.com/DrTimothyAldenDavis/SuiteSparse.git;branch=stable;protocol=https')
qualcomm-linux/meta-qcom-robotics-sdk	34538407155	6	103820387710	build-pr / iq-8275-evk/performance_base_linux-qcom-next	foundri-prd-u2404-x64-od-eph-i-022d65773580b9465	ip-10-185-119-180	2026-09-14T00:47:45.5599796Z	B	suitesparse-config-7.7.0-r0:do_unpack	/downloads/git2/github.com.DrTimothyAldenDavis.SuiteSparse.git;	/efsx	ERROR: suitesparse-config-7.7.0-r0 do_unpack: Bitbake Fetcher Error: UnpackError('No up to date source found: clone directory not available or not up to date: /downloads/git2/github.com.DrTimothyAldenDavis.SuiteSparse.git; shallow clone not enabled', 'git://github.com/DrTimothyAldenDavis/SuiteSparse.git;branch=stable;protocol=https')
qualcomm-linux/meta-qcom-robotics-sdk	34538407155	6	103820387773	build-pr / iq-8275-evk/qcom-robotics-distro-catchall_base_linux-qcom-next	foundri-prd-u2404-x64-od-eph-i-00d1eeb237d63e7d1	ip-10-185-125-175	2026-09-14T00:48:42.7532668Z	B	suitesparse-config-7.7.0-r0:do_unpack	/downloads/git2/github.com.DrTimothyAldenDavis.SuiteSparse.git;	/efsx	ERROR: suitesparse-config-7.7.0-r0 do_unpack: Bitbake Fetcher Error: UnpackError('No up to date source found: clone directory not available or not up to date: /downloads/git2/github.com.DrTimothyAldenDavis.SuiteSparse.git; shallow clone not enabled', 'git://github.com/DrTimothyAldenDavis/SuiteSparse.git;branch=stable;protocol=https')
qualcomm-linux/meta-qcom-robotics-sdk	34538407155	6	103820387773	build-pr / iq-8275-evk/qcom-robotics-distro-catchall_base_linux-qcom-next	foundri-prd-u2404-x64-od-eph-i-00d1eeb237d63e7d1	ip-10-185-125-175	2026-09-14T00:48:42.7532668Z	B	suitesparse-config-7.7.0-r0:do_unpack	/downloads/git2/github.com.DrTimothyAldenDavis.SuiteSparse.git;	/efsx	ERROR: suitesparse-config-7.7.0-r0 do_unpack: Bitbake Fetcher Error: UnpackError('No up to date source found: clone directory not available or not up to date: /downloads/git2/github.com.DrTimothyAldenDavis.SuiteSparse.git; shallow clone not enabled', 'git://github.com/DrTimothyAldenDavis/SuiteSparse.git;branch=stable;protocol=https')
qualcomm-linux/meta-qcom-robotics-sdk	34538407155	6	103820387929	build-pr / iq-8275-evk/debug_base_linux-qcom-next	foundri-prd-u2404-x64-od-eph-i-04dc89ddf7d887a96	ip-10-185-123-177	2026-09-14T00:49:37.8456809Z	B	suitesparse-config-7.7.0-r0:do_unpack	/downloads/git2/github.com.DrTimothyAldenDavis.SuiteSparse.git;	/efsx	ERROR: suitesparse-config-7.7.0-r0 do_unpack: Bitbake Fetcher Error: UnpackError('No up to date source found: clone directory not available or not up to date: /downloads/git2/github.com.DrTimothyAldenDavis.SuiteSparse.git; shallow clone not enabled', 'git://github.com/DrTimothyAldenDavis/SuiteSparse.git;branch=stable;protocol=https')
qualcomm-linux/meta-qcom-robotics-sdk	34538407155	6	103820387929	build-pr / iq-8275-evk/debug_base_linux-qcom-next	foundri-prd-u2404-x64-od-eph-i-04dc89ddf7d887a96	ip-10-185-123-177	2026-09-14T00:49:37.8456809Z	B	suitesparse-config-7.7.0-r0:do_unpack	/downloads/git2/github.com.DrTimothyAldenDavis.SuiteSparse.git;	/efsx	ERROR: suitesparse-config-7.7.0-r0 do_unpack: Bitbake Fetcher Error: UnpackError('No up to date source found: clone directory not available or not up to date: /downloads/git2/github.com.DrTimothyAldenDavis.SuiteSparse.git; shallow clone not enabled', 'git://github.com/DrTimothyAldenDavis/SuiteSparse.git;branch=stable;protocol=https')
qualcomm-linux/meta-qcom-robotics-sdk	34538407155	6	103820387795	build-pr / iq-8275-evk/performance_full_linux-qcom-next	foundri-prd-u2404-x64-od-eph-i-014bcb708fdb91d9c	ip-10-185-113-152	2026-09-14T00:49:37.9593375Z	B	suitesparse-config-7.7.0-r0:do_unpack	/downloads/git2/github.com.DrTimothyAldenDavis.SuiteSparse.git;	/efsx	ERROR: suitesparse-config-7.7.0-r0 do_unpack: Bitbake Fetcher Error: UnpackError('No up to date source found: clone directory not available or not up to date: /downloads/git2/github.com.DrTimothyAldenDavis.SuiteSparse.git; shallow clone not enabled', 'git://github.com/DrTimothyAldenDavis/SuiteSparse.git;branch=stable;protocol=https')
qualcomm-linux/meta-qcom-robotics-sdk	34538407155	6	103820387795	build-pr / iq-8275-evk/performance_full_linux-qcom-next	foundri-prd-u2404-x64-od-eph-i-014bcb708fdb91d9c	ip-10-185-113-152	2026-09-14T00:49:37.9593375Z	B	suitesparse-config-7.7.0-r0:do_unpack	/downloads/git2/github.com.DrTimothyAldenDavis.SuiteSparse.git;	/efsx	ERROR: suitesparse-config-7.7.0-r0 do_unpack: Bitbake Fetcher Error: UnpackError('No up to date source found: clone directory not available or not up to date: /downloads/git2/github.com.DrTimothyAldenDavis.SuiteSparse.git; shallow clone not enabled', 'git://github.com/DrTimothyAldenDavis/SuiteSparse.git;branch=stable;protocol=https')
qualcomm-linux/meta-qcom-robotics-sdk	34538407155	6	103820387731	build-pr / iq-9075-evk/qcom-robotics-distro-catchall_full_linux-qcom-next	foundri-prd-u2404-x64-od-eph-i-008a9abfd40762e38	ip-10-185-120-171	2026-09-14T00:52:02.6670479Z	B	suitesparse-config-7.7.0-r0:do_unpack	/downloads/git2/github.com.DrTimothyAldenDavis.SuiteSparse.git;	/efsx	ERROR: suitesparse-config-7.7.0-r0 do_unpack: Bitbake Fetcher Error: UnpackError('No up to date source found: clone directory not available or not up to date: /downloads/git2/github.com.DrTimothyAldenDavis.SuiteSparse.git; shallow clone not enabled', 'git://github.com/DrTimothyAldenDavis/SuiteSparse.git;branch=stable;protocol=https')
qualcomm-linux/meta-qcom-robotics-sdk	34538407155	6	103820387731	build-pr / iq-9075-evk/qcom-robotics-distro-catchall_full_linux-qcom-next	foundri-prd-u2404-x64-od-eph-i-008a9abfd40762e38	ip-10-185-120-171	2026-09-14T00:52:02.6670479Z	B	suitesparse-config-7.7.0-r0:do_unpack	/downloads/git2/github.com.DrTimothyAldenDavis.SuiteSparse.git;	/efsx	ERROR: suitesparse-config-7.7.0-r0 do_unpack: Bitbake Fetcher Error: UnpackError('No up to date source found: clone directory not available or not up to date: /downloads/git2/github.com.DrTimothyAldenDavis.SuiteSparse.git; shallow clone not enabled', 'git://github.com/DrTimothyAldenDavis/SuiteSparse.git;branch=stable;protocol=https')
qualcomm-linux/meta-qcom-robotics-sdk	34538407155	6	103820387861	build-pr / iq-9075-evk/debug_full_linux-qcom-next	foundri-prd-u2404-x64-od-eph-i-072f9a99c9956dc8c	ip-10-185-120-9	2026-09-14T00:52:02.7366433Z	B	suitesparse-config-7.7.0-r0:do_unpack	/downloads/git2/github.com.DrTimothyAldenDavis.SuiteSparse.git;	/efsx	ERROR: suitesparse-config-7.7.0-r0 do_unpack: Bitbake Fetcher Error: UnpackError('No up to date source found: clone directory not available or not up to date: /downloads/git2/github.com.DrTimothyAldenDavis.SuiteSparse.git; shallow clone not enabled', 'git://github.com/DrTimothyAldenDavis/SuiteSparse.git;branch=stable;protocol=https')
qualcomm-linux/meta-qcom-robotics-sdk	34538407155	6	103820387861	build-pr / iq-9075-evk/debug_full_linux-qcom-next	foundri-prd-u2404-x64-od-eph-i-072f9a99c9956dc8c	ip-10-185-120-9	2026-09-14T00:52:02.7366433Z	B	suitesparse-config-7.7.0-r0:do_unpack	/downloads/git2/github.com.DrTimothyAldenDavis.SuiteSparse.git;	/efsx	ERROR: suitesparse-config-7.7.0-r0 do_unpack: Bitbake Fetcher Error: UnpackError('No up to date source found: clone directory not available or not up to date: /downloads/git2/github.com.DrTimothyAldenDavis.SuiteSparse.git; shallow clone not enabled', 'git://github.com/DrTimothyAldenDavis/SuiteSparse.git;branch=stable;protocol=https')
qualcomm-linux/meta-qcom-robotics-sdk	34538407155	6	103820387697	build-pr / iq-9075-evk/qcom-robotics-distro-catchall_base_linux-qcom-next	foundri-prd-u2404-x64-od-eph-i-0d25bf503d653fbea	ip-10-185-113-213	2026-09-14T00:52:58.9542919Z	B	suitesparse-config-7.7.0-r0:do_unpack	/downloads/git2/github.com.DrTimothyAldenDavis.SuiteSparse.git;	/efsx	ERROR: suitesparse-config-7.7.0-r0 do_unpack: Bitbake Fetcher Error: UnpackError('No up to date source found: clone directory not available or not up to date: /downloads/git2/github.com.DrTimothyAldenDavis.SuiteSparse.git; shallow clone not enabled', 'git://github.com/DrTimothyAldenDavis/SuiteSparse.git;branch=stable;protocol=https')
qualcomm-linux/meta-qcom-robotics-sdk	34538407155	6	103820387697	build-pr / iq-9075-evk/qcom-robotics-distro-catchall_base_linux-qcom-next	foundri-prd-u2404-x64-od-eph-i-0d25bf503d653fbea	ip-10-185-113-213	2026-09-14T00:52:58.9542919Z	B	suitesparse-config-7.7.0-r0:do_unpack	/downloads/git2/github.com.DrTimothyAldenDavis.SuiteSparse.git;	/efsx	ERROR: suitesparse-config-7.7.0-r0 do_unpack: Bitbake Fetcher Error: UnpackError('No up to date source found: clone directory not available or not up to date: /downloads/git2/github.com.DrTimothyAldenDavis.SuiteSparse.git; shallow clone not enabled', 'git://github.com/DrTimothyAldenDavis/SuiteSparse.git;branch=stable;protocol=https')
qualcomm-linux/meta-qcom-robotics-sdk	34538407155	6	103820387827	build-pr / iq-8275-evk/qcom-robotics-distro-catchall_full_linux-qcom-next	foundri-prd-u2404-x64-od-eph-i-0dbf450747f2e1b81	ip-10-185-114-175	2026-09-14T00:52:59.1484044Z	B	suitesparse-config-7.7.0-r0:do_unpack	/downloads/git2/github.com.DrTimothyAldenDavis.SuiteSparse.git;	/efsx	ERROR: suitesparse-config-7.7.0-r0 do_unpack: Bitbake Fetcher Error: UnpackError('No up to date source found: clone directory not available or not up to date: /downloads/git2/github.com.DrTimothyAldenDavis.SuiteSparse.git; shallow clone not enabled', 'git://github.com/DrTimothyAldenDavis/SuiteSparse.git;branch=stable;protocol=https')
qualcomm-linux/meta-qcom-robotics-sdk	34538407155	6	103820387827	build-pr / iq-8275-evk/qcom-robotics-distro-catchall_full_linux-qcom-next	foundri-prd-u2404-x64-od-eph-i-0dbf450747f2e1b81	ip-10-185-114-175	2026-09-14T00:52:59.1484044Z	B	suitesparse-config-7.7.0-r0:do_unpack	/downloads/git2/github.com.DrTimothyAldenDavis.SuiteSparse.git;	/efsx	ERROR: suitesparse-config-7.7.0-r0 do_unpack: Bitbake Fetcher Error: UnpackError('No up to date source found: clone directory not available or not up to date: /downloads/git2/github.com.DrTimothyAldenDavis.SuiteSparse.git; shallow clone not enabled', 'git://github.com/DrTimothyAldenDavis/SuiteSparse.git;branch=stable;protocol=https')
qualcomm-linux/meta-qcom-robotics-sdk	34538407155	6	103820387702	build-pr / iq-9075-evk/performance_base_linux-qcom-next	foundri-prd-u2404-x64-od-eph-i-0d0d7f0ce84a550a5	ip-10-185-121-137	2026-09-14T00:56:05.6184420Z	B	suitesparse-config-7.7.0-r0:do_unpack	/downloads/git2/github.com.DrTimothyAldenDavis.SuiteSparse.git;	/efsx	ERROR: suitesparse-config-7.7.0-r0 do_unpack: Bitbake Fetcher Error: UnpackError('No up to date source found: clone directory not available or not up to date: /downloads/git2/github.com.DrTimothyAldenDavis.SuiteSparse.git; shallow clone not enabled', 'git://github.com/DrTimothyAldenDavis/SuiteSparse.git;branch=stable;protocol=https')
qualcomm-linux/meta-qcom-robotics-sdk	34538407155	6	103820387702	build-pr / iq-9075-evk/performance_base_linux-qcom-next	foundri-prd-u2404-x64-od-eph-i-0d0d7f0ce84a550a5	ip-10-185-121-137	2026-09-14T00:56:05.6184420Z	B	suitesparse-config-7.7.0-r0:do_unpack	/downloads/git2/github.com.DrTimothyAldenDavis.SuiteSparse.git;	/efsx	ERROR: suitesparse-config-7.7.0-r0 do_unpack: Bitbake Fetcher Error: UnpackError('No up to date source found: clone directory not available or not up to date: /downloads/git2/github.com.DrTimothyAldenDavis.SuiteSparse.git; shallow clone not enabled', 'git://github.com/DrTimothyAldenDavis/SuiteSparse.git;branch=stable;protocol=https')
qualcomm-linux/meta-qcom-robotics-sdk	34538407155	6	103820387702	build-pr / iq-9075-evk/performance_base_linux-qcom-next	foundri-prd-u2404-x64-od-eph-i-0d0d7f0ce84a550a5	ip-10-185-121-137	2026-09-14T00:56:05.8071716Z	B	suitesparse-colamd-3.3.3-r0:do_unpack	/downloads/git2/github.com.DrTimothyAldenDavis.SuiteSparse.git;	/efsx	ERROR: suitesparse-colamd-3.3.3-r0 do_unpack: Bitbake Fetcher Error: UnpackError('No up to date source found: clone directory not available or not up to date: /downloads/git2/github.com.DrTimothyAldenDavis.SuiteSparse.git; shallow clone not enabled', 'git://github.com/DrTimothyAldenDavis/SuiteSparse.git;branch=stable;protocol=https')
qualcomm-linux/meta-qcom-robotics-sdk	34538407155	6	103820387702	build-pr / iq-9075-evk/performance_base_linux-qcom-next	foundri-prd-u2404-x64-od-eph-i-0d0d7f0ce84a550a5	ip-10-185-121-137	2026-09-14T00:56:05.8071716Z	B	suitesparse-colamd-3.3.3-r0:do_unpack	/downloads/git2/github.com.DrTimothyAldenDavis.SuiteSparse.git;	/efsx	ERROR: suitesparse-colamd-3.3.3-r0 do_unpack: Bitbake Fetcher Error: UnpackError('No up to date source found: clone directory not available or not up to date: /downloads/git2/github.com.DrTimothyAldenDavis.SuiteSparse.git; shallow clone not enabled', 'git://github.com/DrTimothyAldenDavis/SuiteSparse.git;branch=stable;protocol=https')
qualcomm-linux/meta-qcom-robotics-sdk	34538407155	6	103820387653	build-pr / iq-9075-evk/debug_base_linux-qcom-next	foundri-prd-u2404-x64-od-eph-i-04ae6056d3be99672	ip-10-185-116-202	2026-09-14T00:57:25.1135162Z	B	suitesparse-config-7.7.0-r0:do_unpack	/downloads/git2/github.com.DrTimothyAldenDavis.SuiteSparse.git;	/efsx	ERROR: suitesparse-config-7.7.0-r0 do_unpack: Bitbake Fetcher Error: UnpackError('No up to date source found: clone directory not available or not up to date: /downloads/git2/github.com.DrTimothyAldenDavis.SuiteSparse.git; shallow clone not enabled', 'git://github.com/DrTimothyAldenDavis/SuiteSparse.git;branch=stable;protocol=https')
qualcomm-linux/meta-qcom-robotics-sdk	34538407155	6	103820387653	build-pr / iq-9075-evk/debug_base_linux-qcom-next	foundri-prd-u2404-x64-od-eph-i-04ae6056d3be99672	ip-10-185-116-202	2026-09-14T00:57:25.1135162Z	B	suitesparse-config-7.7.0-r0:do_unpack	/downloads/git2/github.com.DrTimothyAldenDavis.SuiteSparse.git;	/efsx	ERROR: suitesparse-config-7.7.0-r0 do_unpack: Bitbake Fetcher Error: UnpackError('No up to date source found: clone directory not available or not up to date: /downloads/git2/github.com.DrTimothyAldenDavis.SuiteSparse.git; shallow clone not enabled', 'git://github.com/DrTimothyAldenDavis/SuiteSparse.git;branch=stable;protocol=https')
qualcomm-linux/meta-qcom-robotics-sdk	34538407155	6	103820387707	build-pr / iq-8275-evk/debug_full_linux-qcom-next	foundri-prd-u2404-x64-od-eph-i-02d72b6aed5d920f3	ip-10-185-124-24	2026-09-14T00:59:14.0276730Z	B	suitesparse-config-7.7.0-r0:do_unpack	/downloads/git2/github.com.DrTimothyAldenDavis.SuiteSparse.git;	/efsx	ERROR: suitesparse-config-7.7.0-r0 do_unpack: Bitbake Fetcher Error: UnpackError('No up to date source found: clone directory not available or not up to date: /downloads/git2/github.com.DrTimothyAldenDavis.SuiteSparse.git; shallow clone not enabled', 'git://github.com/DrTimothyAldenDavis/SuiteSparse.git;branch=stable;protocol=https')
qualcomm-linux/meta-qcom-robotics-sdk	34538407155	6	103820387707	build-pr / iq-8275-evk/debug_full_linux-qcom-next	foundri-prd-u2404-x64-od-eph-i-02d72b6aed5d920f3	ip-10-185-124-24	2026-09-14T00:59:14.0276730Z	B	suitesparse-config-7.7.0-r0:do_unpack	/downloads/git2/github.com.DrTimothyAldenDavis.SuiteSparse.git;	/efsx	ERROR: suitesparse-config-7.7.0-r0 do_unpack: Bitbake Fetcher Error: UnpackError('No up to date source found: clone directory not available or not up to date: /downloads/git2/github.com.DrTimothyAldenDavis.SuiteSparse.git; shallow clone not enabled', 'git://github.com/DrTimothyAldenDavis/SuiteSparse.git;branch=stable;protocol=https')
qualcomm-linux/meta-qcom-robotics-sdk	34538407155	6	103820387680	build-pr / iq-9075-evk/performance_full_linux-qcom-next	foundri-prd-u2404-x64-od-eph-i-03bf3457556d0b165	ip-10-185-119-166	2026-09-14T01:00:15.0091397Z	B	suitesparse-config-7.7.0-r0:do_unpack	/downloads/git2/github.com.DrTimothyAldenDavis.SuiteSparse.git;	/efsx	ERROR: suitesparse-config-7.7.0-r0 do_unpack: Bitbake Fetcher Error: UnpackError('No up to date source found: clone directory not available or not up to date: /downloads/git2/github.com.DrTimothyAldenDavis.SuiteSparse.git; shallow clone not enabled', 'git://github.com/DrTimothyAldenDavis/SuiteSparse.git;branch=stable;protocol=https')
qualcomm-linux/meta-qcom-robotics-sdk	34538407155	6	103820387680	build-pr / iq-9075-evk/performance_full_linux-qcom-next	foundri-prd-u2404-x64-od-eph-i-03bf3457556d0b165	ip-10-185-119-166	2026-09-14T01:00:15.0091397Z	B	suitesparse-config-7.7.0-r0:do_unpack	/downloads/git2/github.com.DrTimothyAldenDavis.SuiteSparse.git;	/efsx	ERROR: suitesparse-config-7.7.0-r0 do_unpack: Bitbake Fetcher Error: UnpackError('No up to date source found: clone directory not available or not up to date: /downloads/git2/github.com.DrTimothyAldenDavis.SuiteSparse.git; shallow clone not enabled', 'git://github.com/DrTimothyAldenDavis/SuiteSparse.git;branch=stable;protocol=https')
qualcomm-linux/meta-qcom-robotics-sdk	34538407155	6	103820387744	build-pr / iq-9075-evk/qcom-robotics-distro_full_linux-qcom-next	foundri-prd-u2404-x64-od-eph-i-0592fe97d22cd3eff	ip-10-185-116-246	2026-09-14T01:11:07.2787545Z	B	suitesparse-config-7.7.0-r0:do_unpack	/downloads/git2/github.com.DrTimothyAldenDavis.SuiteSparse.git;	/efsx	ERROR: suitesparse-config-7.7.0-r0 do_unpack: Bitbake Fetcher Error: UnpackError('No up to date source found: clone directory not available or not up to date: /downloads/git2/github.com.DrTimothyAldenDavis.SuiteSparse.git; shallow clone not enabled', 'git://github.com/DrTimothyAldenDavis/SuiteSparse.git;branch=stable;protocol=https')
qualcomm-linux/meta-qcom-robotics-sdk	34538407155	6	103820387744	build-pr / iq-9075-evk/qcom-robotics-distro_full_linux-qcom-next	foundri-prd-u2404-x64-od-eph-i-0592fe97d22cd3eff	ip-10-185-116-246	2026-09-14T01:11:07.2787545Z	B	suitesparse-config-7.7.0-r0:do_unpack	/downloads/git2/github.com.DrTimothyAldenDavis.SuiteSparse.git;	/efsx	ERROR: suitesparse-config-7.7.0-r0 do_unpack: Bitbake Fetcher Error: UnpackError('No up to date source found: clone directory not available or not up to date: /downloads/git2/github.com.DrTimothyAldenDavis.SuiteSparse.git; shallow clone not enabled', 'git://github.com/DrTimothyAldenDavis/SuiteSparse.git;branch=stable;protocol=https')
qualcomm-linux/meta-qcom-robotics-sdk	34538407155	6	103820387655	build-pr / iq-9075-evk/qcom-robotics-distro_base_linux-qcom-next	foundri-prd-u2404-x64-od-eph-i-0191cbc204b8e48ee	ip-10-185-116-175	2026-09-14T01:11:32.2012853Z	B	suitesparse-config-7.7.0-r0:do_unpack	/downloads/git2/github.com.DrTimothyAldenDavis.SuiteSparse.git;	/efsx	ERROR: suitesparse-config-7.7.0-r0 do_unpack: Bitbake Fetcher Error: UnpackError('No up to date source found: clone directory not available or not up to date: /downloads/git2/github.com.DrTimothyAldenDavis.SuiteSparse.git; shallow clone not enabled', 'git://github.com/DrTimothyAldenDavis/SuiteSparse.git;branch=stable;protocol=https')
qualcomm-linux/meta-qcom-robotics-sdk	34538407155	6	103820387655	build-pr / iq-9075-evk/qcom-robotics-distro_base_linux-qcom-next	foundri-prd-u2404-x64-od-eph-i-0191cbc204b8e48ee	ip-10-185-116-175	2026-09-14T01:11:32.2012853Z	B	suitesparse-config-7.7.0-r0:do_unpack	/downloads/git2/github.com.DrTimothyAldenDavis.SuiteSparse.git;	/efsx	ERROR: suitesparse-config-7.7.0-r0 do_unpack: Bitbake Fetcher Error: UnpackError('No up to date source found: clone directory not available or not up to date: /downloads/git2/github.com.DrTimothyAldenDavis.SuiteSparse.git; shallow clone not enabled', 'git://github.com/DrTimothyAldenDavis/SuiteSparse.git;branch=stable;protocol=https')
qualcomm-linux/meta-qcom-robotics-sdk	34538407155	6	103820387730	build-pr / iq-8275-evk/qcom-robotics-distro_base_linux-qcom-next	foundri-prd-u2404-x64-od-eph-i-0be2b11038a8b55f5	ip-10-185-114-78	2026-09-14T01:11:38.9878969Z	B	suitesparse-config-7.7.0-r0:do_unpack	/downloads/git2/github.com.DrTimothyAldenDavis.SuiteSparse.git;	/efsx	ERROR: suitesparse-config-7.7.0-r0 do_unpack: Bitbake Fetcher Error: UnpackError('No up to date source found: clone directory not available or not up to date: /downloads/git2/github.com.DrTimothyAldenDavis.SuiteSparse.git; shallow clone not enabled', 'git://github.com/DrTimothyAldenDavis/SuiteSparse.git;branch=stable;protocol=https')
qualcomm-linux/meta-qcom-robotics-sdk	34538407155	6	103820387730	build-pr / iq-8275-evk/qcom-robotics-distro_base_linux-qcom-next	foundri-prd-u2404-x64-od-eph-i-0be2b11038a8b55f5	ip-10-185-114-78	2026-09-14T01:11:38.9878969Z	B	suitesparse-config-7.7.0-r0:do_unpack	/downloads/git2/github.com.DrTimothyAldenDavis.SuiteSparse.git;	/efsx	ERROR: suitesparse-config-7.7.0-r0 do_unpack: Bitbake Fetcher Error: UnpackError('No up to date source found: clone directory not available or not up to date: /downloads/git2/github.com.DrTimothyAldenDavis.SuiteSparse.git; shallow clone not enabled', 'git://github.com/DrTimothyAldenDavis/SuiteSparse.git;branch=stable;protocol=https')
qualcomm-linux/meta-qcom-robotics-sdk	34538407155	6	103820387730	build-pr / iq-8275-evk/qcom-robotics-distro_base_linux-qcom-next	foundri-prd-u2404-x64-od-eph-i-0be2b11038a8b55f5	ip-10-185-114-78	2026-09-14T01:14:17.1850323Z	B	vulkan-headers-1.4.357.0-r0:do_unpack	/downloads/git2/github.com.KhronosGroup.Vulkan-Headers.git;	/efsx	ERROR: vulkan-headers-1.4.357.0-r0 do_unpack: Bitbake Fetcher Error: UnpackError('No up to date source found: clone directory not available or not up to date: /downloads/git2/github.com.KhronosGroup.Vulkan-Headers.git; shallow clone not enabled', 'git://github.com/KhronosGroup/Vulkan-Headers.git;branch=main;protocol=https;tag=vulkan-sdk-1.4.357.0')
qualcomm-linux/meta-qcom-robotics-sdk	34538407155	6	103820387730	build-pr / iq-8275-evk/qcom-robotics-distro_base_linux-qcom-next	foundri-prd-u2404-x64-od-eph-i-0be2b11038a8b55f5	ip-10-185-114-78	2026-09-14T01:14:17.1850323Z	B	vulkan-headers-1.4.357.0-r0:do_unpack	/downloads/git2/github.com.KhronosGroup.Vulkan-Headers.git;	/efsx	ERROR: vulkan-headers-1.4.357.0-r0 do_unpack: Bitbake Fetcher Error: UnpackError('No up to date source found: clone directory not available or not up to date: /downloads/git2/github.com.KhronosGroup.Vulkan-Headers.git; shallow clone not enabled', 'git://github.com/KhronosGroup/Vulkan-Headers.git;branch=main;protocol=https;tag=vulkan-sdk-1.4.357.0')
qualcomm-linux/meta-qcom-robotics-sdk	34538407155	6	103820387826	build-pr / iq-8275-evk/qcom-robotics-distro_full_linux-qcom-next	foundri-prd-u2404-x64-od-eph-i-05ec0e76b6982b1ce	ip-10-185-126-139	2026-09-14T01:19:05.3394603Z	B	suitesparse-config-7.7.0-r0:do_unpack	/downloads/git2/github.com.DrTimothyAldenDavis.SuiteSparse.git;	/efsx	ERROR: suitesparse-config-7.7.0-r0 do_unpack: Bitbake Fetcher Error: UnpackError('No up to date source found: clone directory not available or not up to date: /downloads/git2/github.com.DrTimothyAldenDavis.SuiteSparse.git; shallow clone not enabled', 'git://github.com/DrTimothyAldenDavis/SuiteSparse.git;branch=stable;protocol=https')
qualcomm-linux/meta-qcom-robotics-sdk	34538407155	6	103820387826	build-pr / iq-8275-evk/qcom-robotics-distro_full_linux-qcom-next	foundri-prd-u2404-x64-od-eph-i-05ec0e76b6982b1ce	ip-10-185-126-139	2026-09-14T01:19:05.3394603Z	B	suitesparse-config-7.7.0-r0:do_unpack	/downloads/git2/github.com.DrTimothyAldenDavis.SuiteSparse.git;	/efsx	ERROR: suitesparse-config-7.7.0-r0 do_unpack: Bitbake Fetcher Error: UnpackError('No up to date source found: clone directory not available or not up to date: /downloads/git2/github.com.DrTimothyAldenDavis.SuiteSparse.git; shallow clone not enabled', 'git://github.com/DrTimothyAldenDavis/SuiteSparse.git;branch=stable;protocol=https')
qualcomm-linux/meta-qcom-robotics-sdk	34538407155	6	103820387730	build-pr / iq-8275-evk/qcom-robotics-distro_base_linux-qcom-next	foundri-prd-u2404-x64-od-eph-i-0be2b11038a8b55f5	ip-10-185-114-78	2026-09-14T01:26:06.4134285Z	B	assimp-5.4.0-r0:do_unpack	/downloads/git2/github.com.assimp.assimp.git;	/efsx	ERROR: assimp-5.4.0-r0 do_unpack: Bitbake Fetcher Error: UnpackError('No up to date source found: clone directory not available or not up to date: /downloads/git2/github.com.assimp.assimp.git; shallow clone not enabled', 'git://github.com/assimp/assimp.git;protocol=https;branch=master')
qualcomm-linux/meta-qcom-robotics-sdk	34538407155	6	103820387730	build-pr / iq-8275-evk/qcom-robotics-distro_base_linux-qcom-next	foundri-prd-u2404-x64-od-eph-i-0be2b11038a8b55f5	ip-10-185-114-78	2026-09-14T01:26:06.4134285Z	B	assimp-5.4.0-r0:do_unpack	/downloads/git2/github.com.assimp.assimp.git;	/efsx	ERROR: assimp-5.4.0-r0 do_unpack: Bitbake Fetcher Error: UnpackError('No up to date source found: clone directory not available or not up to date: /downloads/git2/github.com.assimp.assimp.git; shallow clone not enabled', 'git://github.com/assimp/assimp.git;protocol=https;branch=master')
qualcomm-linux/meta-qcom-robotics-sdk	34916088202	1	104214244506	build-pr / iq-9075-evk/qcom-robotics-distro-catchall_base_linux-qcom-next	foundri-prd-u2404-x64-od-eph-i-0aa39d69aee8af311	ip-10-185-113-234	2026-09-15T01:22:06.3091196Z	B	suitesparse-config-7.7.0-r0:do_unpack	/downloads/git2/github.com.DrTimothyAldenDavis.SuiteSparse.git;	/efsx	ERROR: suitesparse-config-7.7.0-r0 do_unpack: Bitbake Fetcher Error: UnpackError('No up to date source found: clone directory not available or not up to date: /downloads/git2/github.com.DrTimothyAldenDavis.SuiteSparse.git; shallow clone not enabled', 'git://github.com/DrTimothyAldenDavis/SuiteSparse.git;branch=stable;protocol=https')
qualcomm-linux/meta-qcom-robotics-sdk	34916088202	1	104214244506	build-pr / iq-9075-evk/qcom-robotics-distro-catchall_base_linux-qcom-next	foundri-prd-u2404-x64-od-eph-i-0aa39d69aee8af311	ip-10-185-113-234	2026-09-15T01:22:06.3091196Z	B	suitesparse-config-7.7.0-r0:do_unpack	/downloads/git2/github.com.DrTimothyAldenDavis.SuiteSparse.git;	/efsx	ERROR: suitesparse-config-7.7.0-r0 do_unpack: Bitbake Fetcher Error: UnpackError('No up to date source found: clone directory not available or not up to date: /downloads/git2/github.com.DrTimothyAldenDavis.SuiteSparse.git; shallow clone not enabled', 'git://github.com/DrTimothyAldenDavis/SuiteSparse.git;branch=stable;protocol=https')
qualcomm-linux/meta-qcom-robotics-sdk	34916088202	1	104214244519	build-pr / iq-8275-evk/qcom-robotics-distro_full_linux-qcom-next	foundri-prd-u2404-x64-od-eph-i-099bcaf7d483c20a6	ip-10-185-112-248	2026-09-15T01:22:24.0831738Z	B	suitesparse-config-7.7.0-r0:do_unpack	/downloads/git2/github.com.DrTimothyAldenDavis.SuiteSparse.git;	/efsx	ERROR: suitesparse-config-7.7.0-r0 do_unpack: Bitbake Fetcher Error: UnpackError('No up to date source found: clone directory not available or not up to date: /downloads/git2/github.com.DrTimothyAldenDavis.SuiteSparse.git; shallow clone not enabled', 'git://github.com/DrTimothyAldenDavis/SuiteSparse.git;branch=stable;protocol=https')
qualcomm-linux/meta-qcom-robotics-sdk	34916088202	1	104214244519	build-pr / iq-8275-evk/qcom-robotics-distro_full_linux-qcom-next	foundri-prd-u2404-x64-od-eph-i-099bcaf7d483c20a6	ip-10-185-112-248	2026-09-15T01:22:24.0831738Z	B	suitesparse-config-7.7.0-r0:do_unpack	/downloads/git2/github.com.DrTimothyAldenDavis.SuiteSparse.git;	/efsx	ERROR: suitesparse-config-7.7.0-r0 do_unpack: Bitbake Fetcher Error: UnpackError('No up to date source found: clone directory not available or not up to date: /downloads/git2/github.com.DrTimothyAldenDavis.SuiteSparse.git; shallow clone not enabled', 'git://github.com/DrTimothyAldenDavis/SuiteSparse.git;branch=stable;protocol=https')
qualcomm-linux/meta-qcom-robotics-sdk	34916088202	1	104214244554	build-pr / iq-9075-evk/qcom-robotics-distro_full_linux-qcom-next	foundri-prd-u2404-x64-od-eph-i-059aba67878cfa3e2	ip-10-185-113-41	2026-09-15T01:22:24.8957212Z	B	suitesparse-config-7.7.0-r0:do_unpack	/downloads/git2/github.com.DrTimothyAldenDavis.SuiteSparse.git;	/efsx	ERROR: suitesparse-config-7.7.0-r0 do_unpack: Bitbake Fetcher Error: UnpackError('No up to date source found: clone directory not available or not up to date: /downloads/git2/github.com.DrTimothyAldenDavis.SuiteSparse.git; shallow clone not enabled', 'git://github.com/DrTimothyAldenDavis/SuiteSparse.git;branch=stable;protocol=https')
qualcomm-linux/meta-qcom-robotics-sdk	34916088202	1	104214244554	build-pr / iq-9075-evk/qcom-robotics-distro_full_linux-qcom-next	foundri-prd-u2404-x64-od-eph-i-059aba67878cfa3e2	ip-10-185-113-41	2026-09-15T01:22:24.8957212Z	B	suitesparse-config-7.7.0-r0:do_unpack	/downloads/git2/github.com.DrTimothyAldenDavis.SuiteSparse.git;	/efsx	ERROR: suitesparse-config-7.7.0-r0 do_unpack: Bitbake Fetcher Error: UnpackError('No up to date source found: clone directory not available or not up to date: /downloads/git2/github.com.DrTimothyAldenDavis.SuiteSparse.git; shallow clone not enabled', 'git://github.com/DrTimothyAldenDavis/SuiteSparse.git;branch=stable;protocol=https')
qualcomm-linux/meta-qcom-robotics-sdk	34916088202	1	104214244558	build-pr / iq-8275-evk/performance_full_linux-qcom-next	foundri-prd-u2404-x64-od-eph-i-0a475d0057fbae7d9	ip-10-185-112-184	2026-09-15T01:23:03.6384236Z	B	suitesparse-config-7.7.0-r0:do_unpack	/downloads/git2/github.com.DrTimothyAldenDavis.SuiteSparse.git;	/efsx	ERROR: suitesparse-config-7.7.0-r0 do_unpack: Bitbake Fetcher Error: UnpackError('No up to date source found: clone directory not available or not up to date: /downloads/git2/github.com.DrTimothyAldenDavis.SuiteSparse.git; shallow clone not enabled', 'git://github.com/DrTimothyAldenDavis/SuiteSparse.git;branch=stable;protocol=https')
qualcomm-linux/meta-qcom-robotics-sdk	34916088202	1	104214244558	build-pr / iq-8275-evk/performance_full_linux-qcom-next	foundri-prd-u2404-x64-od-eph-i-0a475d0057fbae7d9	ip-10-185-112-184	2026-09-15T01:23:03.6384236Z	B	suitesparse-config-7.7.0-r0:do_unpack	/downloads/git2/github.com.DrTimothyAldenDavis.SuiteSparse.git;	/efsx	ERROR: suitesparse-config-7.7.0-r0 do_unpack: Bitbake Fetcher Error: UnpackError('No up to date source found: clone directory not available or not up to date: /downloads/git2/github.com.DrTimothyAldenDavis.SuiteSparse.git; shallow clone not enabled', 'git://github.com/DrTimothyAldenDavis/SuiteSparse.git;branch=stable;protocol=https')
qualcomm-linux/meta-qcom-robotics-sdk	34916088202	1	104214244510	build-pr / iq-9075-evk/qcom-robotics-distro_base_linux-qcom-next	foundri-prd-u2404-x64-od-eph-i-0a26ccd5506646193	ip-10-185-118-228	2026-09-15T01:23:28.1735174Z	B	suitesparse-config-7.7.0-r0:do_unpack	/downloads/git2/github.com.DrTimothyAldenDavis.SuiteSparse.git;	/efsx	ERROR: suitesparse-config-7.7.0-r0 do_unpack: Bitbake Fetcher Error: UnpackError('No up to date source found: clone directory not available or not up to date: /downloads/git2/github.com.DrTimothyAldenDavis.SuiteSparse.git; shallow clone not enabled', 'git://github.com/DrTimothyAldenDavis/SuiteSparse.git;branch=stable;protocol=https')
qualcomm-linux/meta-qcom-robotics-sdk	34916088202	1	104214244510	build-pr / iq-9075-evk/qcom-robotics-distro_base_linux-qcom-next	foundri-prd-u2404-x64-od-eph-i-0a26ccd5506646193	ip-10-185-118-228	2026-09-15T01:23:28.1735174Z	B	suitesparse-config-7.7.0-r0:do_unpack	/downloads/git2/github.com.DrTimothyAldenDavis.SuiteSparse.git;	/efsx	ERROR: suitesparse-config-7.7.0-r0 do_unpack: Bitbake Fetcher Error: UnpackError('No up to date source found: clone directory not available or not up to date: /downloads/git2/github.com.DrTimothyAldenDavis.SuiteSparse.git; shallow clone not enabled', 'git://github.com/DrTimothyAldenDavis/SuiteSparse.git;branch=stable;protocol=https')
qualcomm-linux/meta-qcom-robotics-sdk	34916088202	1	104214244524	build-pr / iq-9075-evk/performance_base_linux-qcom-next	foundri-prd-u2404-x64-od-eph-i-0791a2b267f0c440d	ip-10-185-125-209	2026-09-15T01:24:04.4843811Z	B	suitesparse-colamd-3.3.3-r0:do_unpack	/downloads/git2/github.com.DrTimothyAldenDavis.SuiteSparse.git;	/efsx	ERROR: suitesparse-colamd-3.3.3-r0 do_unpack: Bitbake Fetcher Error: UnpackError('No up to date source found: clone directory not available or not up to date: /downloads/git2/github.com.DrTimothyAldenDavis.SuiteSparse.git; shallow clone not enabled', 'git://github.com/DrTimothyAldenDavis/SuiteSparse.git;branch=stable;protocol=https')
qualcomm-linux/meta-qcom-robotics-sdk	34916088202	1	104214244524	build-pr / iq-9075-evk/performance_base_linux-qcom-next	foundri-prd-u2404-x64-od-eph-i-0791a2b267f0c440d	ip-10-185-125-209	2026-09-15T01:24:04.4843811Z	B	suitesparse-colamd-3.3.3-r0:do_unpack	/downloads/git2/github.com.DrTimothyAldenDavis.SuiteSparse.git;	/efsx	ERROR: suitesparse-colamd-3.3.3-r0 do_unpack: Bitbake Fetcher Error: UnpackError('No up to date source found: clone directory not available or not up to date: /downloads/git2/github.com.DrTimothyAldenDavis.SuiteSparse.git; shallow clone not enabled', 'git://github.com/DrTimothyAldenDavis/SuiteSparse.git;branch=stable;protocol=https')
qualcomm-linux/meta-qcom-robotics-sdk	34916088202	1	104214244545	build-pr / iq-9075-evk/debug_full_linux-qcom-next	foundri-prd-u2404-x64-od-eph-i-0e0a08e9f18345ae4	ip-10-185-118-51	2026-09-15T01:24:46.5863448Z	B	suitesparse-config-7.7.0-r0:do_unpack	/downloads/git2/github.com.DrTimothyAldenDavis.SuiteSparse.git;	/efsx	ERROR: suitesparse-config-7.7.0-r0 do_unpack: Bitbake Fetcher Error: UnpackError('No up to date source found: clone directory not available or not up to date: /downloads/git2/github.com.DrTimothyAldenDavis.SuiteSparse.git; shallow clone not enabled', 'git://github.com/DrTimothyAldenDavis/SuiteSparse.git;branch=stable;protocol=https')
qualcomm-linux/meta-qcom-robotics-sdk	34916088202	1	104214244545	build-pr / iq-9075-evk/debug_full_linux-qcom-next	foundri-prd-u2404-x64-od-eph-i-0e0a08e9f18345ae4	ip-10-185-118-51	2026-09-15T01:24:46.5863448Z	B	suitesparse-config-7.7.0-r0:do_unpack	/downloads/git2/github.com.DrTimothyAldenDavis.SuiteSparse.git;	/efsx	ERROR: suitesparse-config-7.7.0-r0 do_unpack: Bitbake Fetcher Error: UnpackError('No up to date source found: clone directory not available or not up to date: /downloads/git2/github.com.DrTimothyAldenDavis.SuiteSparse.git; shallow clone not enabled', 'git://github.com/DrTimothyAldenDavis/SuiteSparse.git;branch=stable;protocol=https')
qualcomm-linux/meta-qcom-robotics-sdk	34916088202	1	104214244524	build-pr / iq-9075-evk/performance_base_linux-qcom-next	foundri-prd-u2404-x64-od-eph-i-0791a2b267f0c440d	ip-10-185-125-209	2026-09-15T01:24:46.6448249Z	B	suitesparse-config-7.7.0-r0:do_unpack	/downloads/git2/github.com.DrTimothyAldenDavis.SuiteSparse.git;	/efsx	ERROR: suitesparse-config-7.7.0-r0 do_unpack: Bitbake Fetcher Error: UnpackError('No up to date source found: clone directory not available or not up to date: /downloads/git2/github.com.DrTimothyAldenDavis.SuiteSparse.git; shallow clone not enabled', 'git://github.com/DrTimothyAldenDavis/SuiteSparse.git;branch=stable;protocol=https')
qualcomm-linux/meta-qcom-robotics-sdk	34916088202	1	104214244524	build-pr / iq-9075-evk/performance_base_linux-qcom-next	foundri-prd-u2404-x64-od-eph-i-0791a2b267f0c440d	ip-10-185-125-209	2026-09-15T01:24:46.6448249Z	B	suitesparse-config-7.7.0-r0:do_unpack	/downloads/git2/github.com.DrTimothyAldenDavis.SuiteSparse.git;	/efsx	ERROR: suitesparse-config-7.7.0-r0 do_unpack: Bitbake Fetcher Error: UnpackError('No up to date source found: clone directory not available or not up to date: /downloads/git2/github.com.DrTimothyAldenDavis.SuiteSparse.git; shallow clone not enabled', 'git://github.com/DrTimothyAldenDavis/SuiteSparse.git;branch=stable;protocol=https')
qualcomm-linux/meta-qcom-robotics-sdk	34916088202	1	104214244606	build-pr / iq-9075-evk/performance_full_linux-qcom-next	foundri-prd-u2404-x64-od-eph-i-02a9e7e0e6e2bcae2	ip-10-185-121-184	2026-09-15T01:24:46.6701291Z	B	suitesparse-config-7.7.0-r0:do_unpack	/downloads/git2/github.com.DrTimothyAldenDavis.SuiteSparse.git;	/efsx	ERROR: suitesparse-config-7.7.0-r0 do_unpack: Bitbake Fetcher Error: UnpackError('No up to date source found: clone directory not available or not up to date: /downloads/git2/github.com.DrTimothyAldenDavis.SuiteSparse.git; shallow clone not enabled', 'git://github.com/DrTimothyAldenDavis/SuiteSparse.git;branch=stable;protocol=https')
qualcomm-linux/meta-qcom-robotics-sdk	34916088202	1	104214244606	build-pr / iq-9075-evk/performance_full_linux-qcom-next	foundri-prd-u2404-x64-od-eph-i-02a9e7e0e6e2bcae2	ip-10-185-121-184	2026-09-15T01:24:46.6701291Z	B	suitesparse-config-7.7.0-r0:do_unpack	/downloads/git2/github.com.DrTimothyAldenDavis.SuiteSparse.git;	/efsx	ERROR: suitesparse-config-7.7.0-r0 do_unpack: Bitbake Fetcher Error: UnpackError('No up to date source found: clone directory not available or not up to date: /downloads/git2/github.com.DrTimothyAldenDavis.SuiteSparse.git; shallow clone not enabled', 'git://github.com/DrTimothyAldenDavis/SuiteSparse.git;branch=stable;protocol=https')
qualcomm-linux/meta-qcom-robotics-sdk	34916088202	1	104214244460	build-pr / iq-8275-evk/qcom-robotics-distro-catchall_base_linux-qcom-next	foundri-prd-u2404-x64-od-eph-i-06d5076542b639cf1	ip-10-185-119-154	2026-09-15T01:25:07.5017930Z	B	suitesparse-config-7.7.0-r0:do_unpack	/downloads/git2/github.com.DrTimothyAldenDavis.SuiteSparse.git;	/efsx	ERROR: suitesparse-config-7.7.0-r0 do_unpack: Bitbake Fetcher Error: UnpackError('No up to date source found: clone directory not available or not up to date: /downloads/git2/github.com.DrTimothyAldenDavis.SuiteSparse.git; shallow clone not enabled', 'git://github.com/DrTimothyAldenDavis/SuiteSparse.git;branch=stable;protocol=https')
qualcomm-linux/meta-qcom-robotics-sdk	34916088202	1	104214244460	build-pr / iq-8275-evk/qcom-robotics-distro-catchall_base_linux-qcom-next	foundri-prd-u2404-x64-od-eph-i-06d5076542b639cf1	ip-10-185-119-154	2026-09-15T01:25:07.5017930Z	B	suitesparse-config-7.7.0-r0:do_unpack	/downloads/git2/github.com.DrTimothyAldenDavis.SuiteSparse.git;	/efsx	ERROR: suitesparse-config-7.7.0-r0 do_unpack: Bitbake Fetcher Error: UnpackError('No up to date source found: clone directory not available or not up to date: /downloads/git2/github.com.DrTimothyAldenDavis.SuiteSparse.git; shallow clone not enabled', 'git://github.com/DrTimothyAldenDavis/SuiteSparse.git;branch=stable;protocol=https')
qualcomm-linux/meta-qcom-robotics-sdk	34916088202	1	104214244551	build-pr / iq-8275-evk/qcom-robotics-distro_base_linux-qcom-next	foundri-prd-u2404-x64-od-eph-i-0c6d31c8d808a4ae7	ip-10-185-120-154	2026-09-15T01:26:05.6190295Z	B	suitesparse-config-7.7.0-r0:do_unpack	/downloads/git2/github.com.DrTimothyAldenDavis.SuiteSparse.git;	/efsx	ERROR: suitesparse-config-7.7.0-r0 do_unpack: Bitbake Fetcher Error: UnpackError('No up to date source found: clone directory not available or not up to date: /downloads/git2/github.com.DrTimothyAldenDavis.SuiteSparse.git; shallow clone not enabled', 'git://github.com/DrTimothyAldenDavis/SuiteSparse.git;branch=stable;protocol=https')
qualcomm-linux/meta-qcom-robotics-sdk	34916088202	1	104214244551	build-pr / iq-8275-evk/qcom-robotics-distro_base_linux-qcom-next	foundri-prd-u2404-x64-od-eph-i-0c6d31c8d808a4ae7	ip-10-185-120-154	2026-09-15T01:26:05.6190295Z	B	suitesparse-config-7.7.0-r0:do_unpack	/downloads/git2/github.com.DrTimothyAldenDavis.SuiteSparse.git;	/efsx	ERROR: suitesparse-config-7.7.0-r0 do_unpack: Bitbake Fetcher Error: UnpackError('No up to date source found: clone directory not available or not up to date: /downloads/git2/github.com.DrTimothyAldenDavis.SuiteSparse.git; shallow clone not enabled', 'git://github.com/DrTimothyAldenDavis/SuiteSparse.git;branch=stable;protocol=https')
qualcomm-linux/meta-qcom-robotics-sdk	34916088202	1	104214244570	build-pr / iq-9075-evk/debug_base_linux-qcom-next	foundri-prd-u2404-x64-od-eph-i-0f29d7bb8081c6064	ip-10-185-124-124	2026-09-15T01:26:06.4293182Z	B	suitesparse-config-7.7.0-r0:do_unpack	/downloads/git2/github.com.DrTimothyAldenDavis.SuiteSparse.git;	/efsx	ERROR: suitesparse-config-7.7.0-r0 do_unpack: Bitbake Fetcher Error: UnpackError('No up to date source found: clone directory not available or not up to date: /downloads/git2/github.com.DrTimothyAldenDavis.SuiteSparse.git; shallow clone not enabled', 'git://github.com/DrTimothyAldenDavis/SuiteSparse.git;branch=stable;protocol=https')
qualcomm-linux/meta-qcom-robotics-sdk	34916088202	1	104214244570	build-pr / iq-9075-evk/debug_base_linux-qcom-next	foundri-prd-u2404-x64-od-eph-i-0f29d7bb8081c6064	ip-10-185-124-124	2026-09-15T01:26:06.4293182Z	B	suitesparse-config-7.7.0-r0:do_unpack	/downloads/git2/github.com.DrTimothyAldenDavis.SuiteSparse.git;	/efsx	ERROR: suitesparse-config-7.7.0-r0 do_unpack: Bitbake Fetcher Error: UnpackError('No up to date source found: clone directory not available or not up to date: /downloads/git2/github.com.DrTimothyAldenDavis.SuiteSparse.git; shallow clone not enabled', 'git://github.com/DrTimothyAldenDavis/SuiteSparse.git;branch=stable;protocol=https')
qualcomm-linux/meta-qcom-robotics-sdk	34916088202	1	104214244477	build-pr / iq-8275-evk/debug_full_linux-qcom-next	foundri-prd-u2404-x64-od-eph-i-023f61a8c25da9b90	ip-10-185-120-10	2026-09-15T01:26:38.6226795Z	B	suitesparse-config-7.7.0-r0:do_unpack	/downloads/git2/github.com.DrTimothyAldenDavis.SuiteSparse.git;	/efsx	ERROR: suitesparse-config-7.7.0-r0 do_unpack: Bitbake Fetcher Error: UnpackError('No up to date source found: clone directory not available or not up to date: /downloads/git2/github.com.DrTimothyAldenDavis.SuiteSparse.git; shallow clone not enabled', 'git://github.com/DrTimothyAldenDavis/SuiteSparse.git;branch=stable;protocol=https')
qualcomm-linux/meta-qcom-robotics-sdk	34916088202	1	104214244477	build-pr / iq-8275-evk/debug_full_linux-qcom-next	foundri-prd-u2404-x64-od-eph-i-023f61a8c25da9b90	ip-10-185-120-10	2026-09-15T01:26:38.6226795Z	B	suitesparse-config-7.7.0-r0:do_unpack	/downloads/git2/github.com.DrTimothyAldenDavis.SuiteSparse.git;	/efsx	ERROR: suitesparse-config-7.7.0-r0 do_unpack: Bitbake Fetcher Error: UnpackError('No up to date source found: clone directory not available or not up to date: /downloads/git2/github.com.DrTimothyAldenDavis.SuiteSparse.git; shallow clone not enabled', 'git://github.com/DrTimothyAldenDavis/SuiteSparse.git;branch=stable;protocol=https')
qualcomm-linux/meta-qcom-robotics-sdk	34916088202	1	104214244541	build-pr / iq-8275-evk/qcom-robotics-distro-catchall_full_linux-qcom-next	foundri-prd-u2404-x64-od-eph-i-0c1ba1027a092473f	ip-10-185-116-222	2026-09-15T01:28:49.2565943Z	B	suitesparse-config-7.7.0-r0:do_unpack	/downloads/git2/github.com.DrTimothyAldenDavis.SuiteSparse.git;	/efsx	ERROR: suitesparse-config-7.7.0-r0 do_unpack: Bitbake Fetcher Error: UnpackError('No up to date source found: clone directory not available or not up to date: /downloads/git2/github.com.DrTimothyAldenDavis.SuiteSparse.git; shallow clone not enabled', 'git://github.com/DrTimothyAldenDavis/SuiteSparse.git;branch=stable;protocol=https')
qualcomm-linux/meta-qcom-robotics-sdk	34916088202	1	104214244541	build-pr / iq-8275-evk/qcom-robotics-distro-catchall_full_linux-qcom-next	foundri-prd-u2404-x64-od-eph-i-0c1ba1027a092473f	ip-10-185-116-222	2026-09-15T01:28:49.2565943Z	B	suitesparse-config-7.7.0-r0:do_unpack	/downloads/git2/github.com.DrTimothyAldenDavis.SuiteSparse.git;	/efsx	ERROR: suitesparse-config-7.7.0-r0 do_unpack: Bitbake Fetcher Error: UnpackError('No up to date source found: clone directory not available or not up to date: /downloads/git2/github.com.DrTimothyAldenDavis.SuiteSparse.git; shallow clone not enabled', 'git://github.com/DrTimothyAldenDavis/SuiteSparse.git;branch=stable;protocol=https')
qualcomm-linux/meta-qcom-robotics-sdk	34916088202	1	104214244546	build-pr / iq-9075-evk/qcom-robotics-distro-catchall_full_linux-qcom-next	foundri-prd-u2404-x64-od-eph-i-0a3c28a62841bb174	ip-10-185-117-249	2026-09-15T01:28:49.5342033Z	B	suitesparse-config-7.7.0-r0:do_unpack	/downloads/git2/github.com.DrTimothyAldenDavis.SuiteSparse.git;	/efsx	ERROR: suitesparse-config-7.7.0-r0 do_unpack: Bitbake Fetcher Error: UnpackError('No up to date source found: clone directory not available or not up to date: /downloads/git2/github.com.DrTimothyAldenDavis.SuiteSparse.git; shallow clone not enabled', 'git://github.com/DrTimothyAldenDavis/SuiteSparse.git;branch=stable;protocol=https')
qualcomm-linux/meta-qcom-robotics-sdk	34916088202	1	104214244546	build-pr / iq-9075-evk/qcom-robotics-distro-catchall_full_linux-qcom-next	foundri-prd-u2404-x64-od-eph-i-0a3c28a62841bb174	ip-10-185-117-249	2026-09-15T01:28:49.5342033Z	B	suitesparse-config-7.7.0-r0:do_unpack	/downloads/git2/github.com.DrTimothyAldenDavis.SuiteSparse.git;	/efsx	ERROR: suitesparse-config-7.7.0-r0 do_unpack: Bitbake Fetcher Error: UnpackError('No up to date source found: clone directory not available or not up to date: /downloads/git2/github.com.DrTimothyAldenDavis.SuiteSparse.git; shallow clone not enabled', 'git://github.com/DrTimothyAldenDavis/SuiteSparse.git;branch=stable;protocol=https')
qualcomm-linux/meta-qcom-robotics-sdk	34916088202	1	104214244596	build-pr / iq-8275-evk/debug_base_linux-qcom-next	foundri-prd-u2404-x64-od-eph-i-097ce7fa93853710a	ip-10-185-123-132	2026-09-15T01:30:27.8928705Z	B	suitesparse-config-7.7.0-r0:do_unpack	/downloads/git2/github.com.DrTimothyAldenDavis.SuiteSparse.git;	/efsx	ERROR: suitesparse-config-7.7.0-r0 do_unpack: Bitbake Fetcher Error: UnpackError('No up to date source found: clone directory not available or not up to date: /downloads/git2/github.com.DrTimothyAldenDavis.SuiteSparse.git; shallow clone not enabled', 'git://github.com/DrTimothyAldenDavis/SuiteSparse.git;branch=stable;protocol=https')
qualcomm-linux/meta-qcom-robotics-sdk	34916088202	1	104214244596	build-pr / iq-8275-evk/debug_base_linux-qcom-next	foundri-prd-u2404-x64-od-eph-i-097ce7fa93853710a	ip-10-185-123-132	2026-09-15T01:30:27.8928705Z	B	suitesparse-config-7.7.0-r0:do_unpack	/downloads/git2/github.com.DrTimothyAldenDavis.SuiteSparse.git;	/efsx	ERROR: suitesparse-config-7.7.0-r0 do_unpack: Bitbake Fetcher Error: UnpackError('No up to date source found: clone directory not available or not up to date: /downloads/git2/github.com.DrTimothyAldenDavis.SuiteSparse.git; shallow clone not enabled', 'git://github.com/DrTimothyAldenDavis/SuiteSparse.git;branch=stable;protocol=https')
qualcomm-linux/meta-qcom-robotics-sdk	34916088202	1	104214244583	build-pr / iq-8275-evk/performance_base_linux-qcom-next	foundri-prd-u2404-x64-od-eph-i-0eb2483f26fda10d5	ip-10-185-126-16	2026-09-15T01:38:08.1046208Z	B	suitesparse-config-7.7.0-r0:do_unpack	/downloads/git2/github.com.DrTimothyAldenDavis.SuiteSparse.git;	/efsx	ERROR: suitesparse-config-7.7.0-r0 do_unpack: Bitbake Fetcher Error: UnpackError('No up to date source found: clone directory not available or not up to date: /downloads/git2/github.com.DrTimothyAldenDavis.SuiteSparse.git; shallow clone not enabled', 'git://github.com/DrTimothyAldenDavis/SuiteSparse.git;branch=stable;protocol=https')
qualcomm-linux/meta-qcom-robotics-sdk	34916088202	1	104214244583	build-pr / iq-8275-evk/performance_base_linux-qcom-next	foundri-prd-u2404-x64-od-eph-i-0eb2483f26fda10d5	ip-10-185-126-16	2026-09-15T01:38:08.1046208Z	B	suitesparse-config-7.7.0-r0:do_unpack	/downloads/git2/github.com.DrTimothyAldenDavis.SuiteSparse.git;	/efsx	ERROR: suitesparse-config-7.7.0-r0 do_unpack: Bitbake Fetcher Error: UnpackError('No up to date source found: clone directory not available or not up to date: /downloads/git2/github.com.DrTimothyAldenDavis.SuiteSparse.git; shallow clone not enabled', 'git://github.com/DrTimothyAldenDavis/SuiteSparse.git;branch=stable;protocol=https')
qualcomm-linux/meta-qcom-robotics-sdk	34916088202	2	104224761192	build-pr / iq-8275-evk/qcom-robotics-distro-catchall_base_linux-qcom-next	foundri-prd-u2404-x64-od-eph-i-044cbbeae5263ab74	ip-10-185-116-254	2026-09-15T02:14:30.2674849Z	B	suitesparse-config-7.7.0-r0:do_unpack	/downloads/git2/github.com.DrTimothyAldenDavis.SuiteSparse.git;	/efsx	ERROR: suitesparse-config-7.7.0-r0 do_unpack: Bitbake Fetcher Error: UnpackError('No up to date source found: clone directory not available or not up to date: /downloads/git2/github.com.DrTimothyAldenDavis.SuiteSparse.git; shallow clone not enabled', 'git://github.com/DrTimothyAldenDavis/SuiteSparse.git;branch=stable;protocol=https')
qualcomm-linux/meta-qcom-robotics-sdk	34916088202	2	104224761192	build-pr / iq-8275-evk/qcom-robotics-distro-catchall_base_linux-qcom-next	foundri-prd-u2404-x64-od-eph-i-044cbbeae5263ab74	ip-10-185-116-254	2026-09-15T02:14:30.2674849Z	B	suitesparse-config-7.7.0-r0:do_unpack	/downloads/git2/github.com.DrTimothyAldenDavis.SuiteSparse.git;	/efsx	ERROR: suitesparse-config-7.7.0-r0 do_unpack: Bitbake Fetcher Error: UnpackError('No up to date source found: clone directory not available or not up to date: /downloads/git2/github.com.DrTimothyAldenDavis.SuiteSparse.git; shallow clone not enabled', 'git://github.com/DrTimothyAldenDavis/SuiteSparse.git;branch=stable;protocol=https')
qualcomm-linux/meta-qcom-robotics-sdk	34916088202	2	104224760650	build-pr / iq-8275-evk/performance_base_linux-qcom-next	foundri-prd-u2404-x64-od-eph-i-073f43589f41786a5	ip-10-185-116-175	2026-09-15T02:14:55.4744410Z	B	suitesparse-config-7.7.0-r0:do_unpack	/downloads/git2/github.com.DrTimothyAldenDavis.SuiteSparse.git;	/efsx	ERROR: suitesparse-config-7.7.0-r0 do_unpack: Bitbake Fetcher Error: UnpackError('No up to date source found: clone directory not available or not up to date: /downloads/git2/github.com.DrTimothyAldenDavis.SuiteSparse.git; shallow clone not enabled', 'git://github.com/DrTimothyAldenDavis/SuiteSparse.git;branch=stable;protocol=https')
qualcomm-linux/meta-qcom-robotics-sdk	34916088202	2	104224760650	build-pr / iq-8275-evk/performance_base_linux-qcom-next	foundri-prd-u2404-x64-od-eph-i-073f43589f41786a5	ip-10-185-116-175	2026-09-15T02:14:55.4744410Z	B	suitesparse-config-7.7.0-r0:do_unpack	/downloads/git2/github.com.DrTimothyAldenDavis.SuiteSparse.git;	/efsx	ERROR: suitesparse-config-7.7.0-r0 do_unpack: Bitbake Fetcher Error: UnpackError('No up to date source found: clone directory not available or not up to date: /downloads/git2/github.com.DrTimothyAldenDavis.SuiteSparse.git; shallow clone not enabled', 'git://github.com/DrTimothyAldenDavis/SuiteSparse.git;branch=stable;protocol=https')
qualcomm-linux/meta-qcom-robotics-sdk	34916088202	2	104224760762	build-pr / iq-8275-evk/performance_full_linux-qcom-next	foundri-prd-u2404-x64-od-eph-i-031a5b2c73b11d301	ip-10-185-118-252	2026-09-15T02:14:55.5137142Z	B	suitesparse-config-7.7.0-r0:do_unpack	/downloads/git2/github.com.DrTimothyAldenDavis.SuiteSparse.git;	/efsx	ERROR: suitesparse-config-7.7.0-r0 do_unpack: Bitbake Fetcher Error: UnpackError('No up to date source found: clone directory not available or not up to date: /downloads/git2/github.com.DrTimothyAldenDavis.SuiteSparse.git; shallow clone not enabled', 'git://github.com/DrTimothyAldenDavis/SuiteSparse.git;branch=stable;protocol=https')
qualcomm-linux/meta-qcom-robotics-sdk	34916088202	2	104224760762	build-pr / iq-8275-evk/performance_full_linux-qcom-next	foundri-prd-u2404-x64-od-eph-i-031a5b2c73b11d301	ip-10-185-118-252	2026-09-15T02:14:55.5137142Z	B	suitesparse-config-7.7.0-r0:do_unpack	/downloads/git2/github.com.DrTimothyAldenDavis.SuiteSparse.git;	/efsx	ERROR: suitesparse-config-7.7.0-r0 do_unpack: Bitbake Fetcher Error: UnpackError('No up to date source found: clone directory not available or not up to date: /downloads/git2/github.com.DrTimothyAldenDavis.SuiteSparse.git; shallow clone not enabled', 'git://github.com/DrTimothyAldenDavis/SuiteSparse.git;branch=stable;protocol=https')
qualcomm-linux/meta-qcom-robotics-sdk	34916088202	2	104224760686	build-pr / iq-8275-evk/debug_base_linux-qcom-next	foundri-prd-u2404-x64-od-eph-i-07aad453a8cb275ee	ip-10-185-117-112	2026-09-15T02:15:02.2157459Z	B	suitesparse-config-7.7.0-r0:do_unpack	/downloads/git2/github.com.DrTimothyAldenDavis.SuiteSparse.git;	/efsx	ERROR: suitesparse-config-7.7.0-r0 do_unpack: Bitbake Fetcher Error: UnpackError('No up to date source found: clone directory not available or not up to date: /downloads/git2/github.com.DrTimothyAldenDavis.SuiteSparse.git; shallow clone not enabled', 'git://github.com/DrTimothyAldenDavis/SuiteSparse.git;branch=stable;protocol=https')
qualcomm-linux/meta-qcom-robotics-sdk	34916088202	2	104224760686	build-pr / iq-8275-evk/debug_base_linux-qcom-next	foundri-prd-u2404-x64-od-eph-i-07aad453a8cb275ee	ip-10-185-117-112	2026-09-15T02:15:02.2157459Z	B	suitesparse-config-7.7.0-r0:do_unpack	/downloads/git2/github.com.DrTimothyAldenDavis.SuiteSparse.git;	/efsx	ERROR: suitesparse-config-7.7.0-r0 do_unpack: Bitbake Fetcher Error: UnpackError('No up to date source found: clone directory not available or not up to date: /downloads/git2/github.com.DrTimothyAldenDavis.SuiteSparse.git; shallow clone not enabled', 'git://github.com/DrTimothyAldenDavis/SuiteSparse.git;branch=stable;protocol=https')
qualcomm-linux/meta-qcom-robotics-sdk	34916088202	2	104224760854	build-pr / iq-8275-evk/qcom-robotics-distro-catchall_full_linux-qcom-next	foundri-prd-u2404-x64-od-eph-i-094832ab78605d4b3	ip-10-185-116-105	2026-09-15T02:15:40.0348118Z	B	suitesparse-config-7.7.0-r0:do_unpack	/downloads/git2/github.com.DrTimothyAldenDavis.SuiteSparse.git;	/efsx	ERROR: suitesparse-config-7.7.0-r0 do_unpack: Bitbake Fetcher Error: UnpackError('No up to date source found: clone directory not available or not up to date: /downloads/git2/github.com.DrTimothyAldenDavis.SuiteSparse.git; shallow clone not enabled', 'git://github.com/DrTimothyAldenDavis/SuiteSparse.git;branch=stable;protocol=https')
qualcomm-linux/meta-qcom-robotics-sdk	34916088202	2	104224760854	build-pr / iq-8275-evk/qcom-robotics-distro-catchall_full_linux-qcom-next	foundri-prd-u2404-x64-od-eph-i-094832ab78605d4b3	ip-10-185-116-105	2026-09-15T02:15:40.0348118Z	B	suitesparse-config-7.7.0-r0:do_unpack	/downloads/git2/github.com.DrTimothyAldenDavis.SuiteSparse.git;	/efsx	ERROR: suitesparse-config-7.7.0-r0 do_unpack: Bitbake Fetcher Error: UnpackError('No up to date source found: clone directory not available or not up to date: /downloads/git2/github.com.DrTimothyAldenDavis.SuiteSparse.git; shallow clone not enabled', 'git://github.com/DrTimothyAldenDavis/SuiteSparse.git;branch=stable;protocol=https')
qualcomm-linux/meta-qcom-robotics-sdk	34916088202	2	104224760711	build-pr / iq-9075-evk/performance_base_linux-qcom-next	foundri-prd-u2404-x64-od-eph-i-025e9cbd99272ab33	ip-10-185-124-158	2026-09-15T02:15:40.0457166Z	B	suitesparse-colamd-3.3.3-r0:do_unpack	/downloads/git2/github.com.DrTimothyAldenDavis.SuiteSparse.git;	/efsx	ERROR: suitesparse-colamd-3.3.3-r0 do_unpack: Bitbake Fetcher Error: UnpackError('No up to date source found: clone directory not available or not up to date: /downloads/git2/github.com.DrTimothyAldenDavis.SuiteSparse.git; shallow clone not enabled', 'git://github.com/DrTimothyAldenDavis/SuiteSparse.git;branch=stable;protocol=https')
qualcomm-linux/meta-qcom-robotics-sdk	34916088202	2	104224760711	build-pr / iq-9075-evk/performance_base_linux-qcom-next	foundri-prd-u2404-x64-od-eph-i-025e9cbd99272ab33	ip-10-185-124-158	2026-09-15T02:15:40.0457166Z	B	suitesparse-colamd-3.3.3-r0:do_unpack	/downloads/git2/github.com.DrTimothyAldenDavis.SuiteSparse.git;	/efsx	ERROR: suitesparse-colamd-3.3.3-r0 do_unpack: Bitbake Fetcher Error: UnpackError('No up to date source found: clone directory not available or not up to date: /downloads/git2/github.com.DrTimothyAldenDavis.SuiteSparse.git; shallow clone not enabled', 'git://github.com/DrTimothyAldenDavis/SuiteSparse.git;branch=stable;protocol=https')
qualcomm-linux/meta-qcom-robotics-sdk	34916088202	2	104224760711	build-pr / iq-9075-evk/performance_base_linux-qcom-next	foundri-prd-u2404-x64-od-eph-i-025e9cbd99272ab33	ip-10-185-124-158	2026-09-15T02:15:40.0460690Z	B	suitesparse-config-7.7.0-r0:do_unpack	/downloads/git2/github.com.DrTimothyAldenDavis.SuiteSparse.git;	/efsx	ERROR: suitesparse-config-7.7.0-r0 do_unpack: Bitbake Fetcher Error: UnpackError('No up to date source found: clone directory not available or not up to date: /downloads/git2/github.com.DrTimothyAldenDavis.SuiteSparse.git; shallow clone not enabled', 'git://github.com/DrTimothyAldenDavis/SuiteSparse.git;branch=stable;protocol=https')
qualcomm-linux/meta-qcom-robotics-sdk	34916088202	2	104224760711	build-pr / iq-9075-evk/performance_base_linux-qcom-next	foundri-prd-u2404-x64-od-eph-i-025e9cbd99272ab33	ip-10-185-124-158	2026-09-15T02:15:40.0460690Z	B	suitesparse-config-7.7.0-r0:do_unpack	/downloads/git2/github.com.DrTimothyAldenDavis.SuiteSparse.git;	/efsx	ERROR: suitesparse-config-7.7.0-r0 do_unpack: Bitbake Fetcher Error: UnpackError('No up to date source found: clone directory not available or not up to date: /downloads/git2/github.com.DrTimothyAldenDavis.SuiteSparse.git; shallow clone not enabled', 'git://github.com/DrTimothyAldenDavis/SuiteSparse.git;branch=stable;protocol=https')
qualcomm-linux/meta-qcom-robotics-sdk	34916088202	2	104224760732	build-pr / iq-9075-evk/qcom-robotics-distro-catchall_base_linux-qcom-next	foundri-prd-u2404-x64-od-eph-i-089e29966db257617	ip-10-185-125-32	2026-09-15T02:15:40.0461241Z	B	suitesparse-amd-3.3.2-r0:do_unpack	/downloads/git2/github.com.DrTimothyAldenDavis.SuiteSparse.git;	/efsx	ERROR: suitesparse-amd-3.3.2-r0 do_unpack: Bitbake Fetcher Error: UnpackError('No up to date source found: clone directory not available or not up to date: /downloads/git2/github.com.DrTimothyAldenDavis.SuiteSparse.git; shallow clone not enabled', 'git://github.com/DrTimothyAldenDavis/SuiteSparse.git;branch=stable;protocol=https')
qualcomm-linux/meta-qcom-robotics-sdk	34916088202	2	104224760732	build-pr / iq-9075-evk/qcom-robotics-distro-catchall_base_linux-qcom-next	foundri-prd-u2404-x64-od-eph-i-089e29966db257617	ip-10-185-125-32	2026-09-15T02:15:40.0461241Z	B	suitesparse-amd-3.3.2-r0:do_unpack	/downloads/git2/github.com.DrTimothyAldenDavis.SuiteSparse.git;	/efsx	ERROR: suitesparse-amd-3.3.2-r0 do_unpack: Bitbake Fetcher Error: UnpackError('No up to date source found: clone directory not available or not up to date: /downloads/git2/github.com.DrTimothyAldenDavis.SuiteSparse.git; shallow clone not enabled', 'git://github.com/DrTimothyAldenDavis/SuiteSparse.git;branch=stable;protocol=https')
qualcomm-linux/meta-qcom-robotics-sdk	34916088202	2	104224760732	build-pr / iq-9075-evk/qcom-robotics-distro-catchall_base_linux-qcom-next	foundri-prd-u2404-x64-od-eph-i-089e29966db257617	ip-10-185-125-32	2026-09-15T02:15:58.3152196Z	B	suitesparse-colamd-3.3.3-r0:do_unpack	/downloads/git2/github.com.DrTimothyAldenDavis.SuiteSparse.git;	/efsx	ERROR: suitesparse-colamd-3.3.3-r0 do_unpack: Bitbake Fetcher Error: UnpackError('No up to date source found: clone directory not available or not up to date: /downloads/git2/github.com.DrTimothyAldenDavis.SuiteSparse.git; shallow clone not enabled', 'git://github.com/DrTimothyAldenDavis/SuiteSparse.git;branch=stable;protocol=https')
qualcomm-linux/meta-qcom-robotics-sdk	34916088202	2	104224760732	build-pr / iq-9075-evk/qcom-robotics-distro-catchall_base_linux-qcom-next	foundri-prd-u2404-x64-od-eph-i-089e29966db257617	ip-10-185-125-32	2026-09-15T02:15:58.3152196Z	B	suitesparse-colamd-3.3.3-r0:do_unpack	/downloads/git2/github.com.DrTimothyAldenDavis.SuiteSparse.git;	/efsx	ERROR: suitesparse-colamd-3.3.3-r0 do_unpack: Bitbake Fetcher Error: UnpackError('No up to date source found: clone directory not available or not up to date: /downloads/git2/github.com.DrTimothyAldenDavis.SuiteSparse.git; shallow clone not enabled', 'git://github.com/DrTimothyAldenDavis/SuiteSparse.git;branch=stable;protocol=https')
qualcomm-linux/meta-qcom-robotics-sdk	34916088202	2	104224760832	build-pr / iq-8275-evk/qcom-robotics-distro_base_linux-qcom-next	foundri-prd-u2404-x64-od-eph-i-047416ccba37a7730	ip-10-185-126-59	2026-09-15T02:16:16.4199719Z	A	python3-maturin-native-1.15.0-r0:do_fetch	crate://crates.io/untrusted/0.9.0	/efsx	WARNING: python3-maturin-native-1.15.0-r0 do_fetch: Checksum failure encountered with download of crate://crates.io/untrusted/0.9.0 - will attempt other sources if available
qualcomm-linux/meta-qcom-robotics-sdk	34916088202	2	104224760832	build-pr / iq-8275-evk/qcom-robotics-distro_base_linux-qcom-next	foundri-prd-u2404-x64-od-eph-i-047416ccba37a7730	ip-10-185-126-59	2026-09-15T02:16:16.4199719Z	A	python3-maturin-native-1.15.0-r0:do_fetch	crate://crates.io/untrusted/0.9.0	/efsx	WARNING: python3-maturin-native-1.15.0-r0 do_fetch: Checksum failure encountered with download of crate://crates.io/untrusted/0.9.0 - will attempt other sources if available
qualcomm-linux/meta-qcom-robotics-sdk	34916088202	2	104224761035	build-pr / iq-9075-evk/qcom-robotics-distro_base_linux-qcom-next	foundri-prd-u2404-x64-od-eph-i-0f31887f68d949cb6	ip-10-185-122-200	2026-09-15T02:16:16.4305390Z	A	python3-maturin-native-1.15.0-r0:do_fetch	crate://crates.io/untrusted/0.9.0	/efsx	WARNING: python3-maturin-native-1.15.0-r0 do_fetch: Checksum failure encountered with download of crate://crates.io/untrusted/0.9.0 - will attempt other sources if available
qualcomm-linux/meta-qcom-robotics-sdk	34916088202	2	104224761035	build-pr / iq-9075-evk/qcom-robotics-distro_base_linux-qcom-next	foundri-prd-u2404-x64-od-eph-i-0f31887f68d949cb6	ip-10-185-122-200	2026-09-15T02:16:16.4305390Z	A	python3-maturin-native-1.15.0-r0:do_fetch	crate://crates.io/untrusted/0.9.0	/efsx	WARNING: python3-maturin-native-1.15.0-r0 do_fetch: Checksum failure encountered with download of crate://crates.io/untrusted/0.9.0 - will attempt other sources if available
qualcomm-linux/meta-qcom-robotics-sdk	34916088202	2	104224761035	build-pr / iq-9075-evk/qcom-robotics-distro_base_linux-qcom-next	foundri-prd-u2404-x64-od-eph-i-0f31887f68d949cb6	ip-10-185-122-200	2026-09-15T02:16:17.4485522Z	A	python3-maturin-native-1.15.0-r0:do_fetch	/downloads/untrusted-0.9.0.crate	/efsx	WARNING: python3-maturin-native-1.15.0-r0 do_fetch: Checksum mismatch for local file /downloads/untrusted-0.9.0.crate
qualcomm-linux/meta-qcom-robotics-sdk	34916088202	2	104224761035	build-pr / iq-9075-evk/qcom-robotics-distro_base_linux-qcom-next	foundri-prd-u2404-x64-od-eph-i-0f31887f68d949cb6	ip-10-185-122-200	2026-09-15T02:16:17.4485522Z	A	python3-maturin-native-1.15.0-r0:do_fetch	/downloads/untrusted-0.9.0.crate	/efsx	WARNING: python3-maturin-native-1.15.0-r0 do_fetch: Checksum mismatch for local file /downloads/untrusted-0.9.0.crate
qualcomm-linux/meta-qcom-robotics-sdk	34916088202	2	104224761035	build-pr / iq-9075-evk/qcom-robotics-distro_base_linux-qcom-next	foundri-prd-u2404-x64-od-eph-i-0f31887f68d949cb6	ip-10-185-122-200	2026-09-15T02:16:17.4494100Z	A	python3-maturin-native-1.15.0-r0:do_fetch	/downloads/untrusted-0.9.0.crate	/efsx	WARNING: python3-maturin-native-1.15.0-r0 do_fetch: Renaming /downloads/untrusted-0.9.0.crate to /downloads/untrusted-0.9.0.crate_bad-checksum_5405d394dd789af13a6328310e15076bc341c2d9dd5ea6f09f15f4fbc712619f
qualcomm-linux/meta-qcom-robotics-sdk	34916088202	2	104224761035	build-pr / iq-9075-evk/qcom-robotics-distro_base_linux-qcom-next	foundri-prd-u2404-x64-od-eph-i-0f31887f68d949cb6	ip-10-185-122-200	2026-09-15T02:16:17.4494100Z	A	python3-maturin-native-1.15.0-r0:do_fetch	/downloads/untrusted-0.9.0.crate	/efsx	WARNING: python3-maturin-native-1.15.0-r0 do_fetch: Renaming /downloads/untrusted-0.9.0.crate to /downloads/untrusted-0.9.0.crate_bad-checksum_5405d394dd789af13a6328310e15076bc341c2d9dd5ea6f09f15f4fbc712619f
qualcomm-linux/meta-qcom-robotics-sdk	34916088202	2	104224761035	build-pr / iq-9075-evk/qcom-robotics-distro_base_linux-qcom-next	foundri-prd-u2404-x64-od-eph-i-0f31887f68d949cb6	ip-10-185-122-200	2026-09-15T02:16:17.4580202Z	A	python3-maturin-native-1.15.0-r0:do_fetch	crate://crates.io/untrusted/0.9.0	/efsx	ERROR: python3-maturin-native-1.15.0-r0 do_fetch: Checksum failure fetching crate://crates.io/untrusted/0.9.0
qualcomm-linux/meta-qcom-robotics-sdk	34916088202	2	104224761035	build-pr / iq-9075-evk/qcom-robotics-distro_base_linux-qcom-next	foundri-prd-u2404-x64-od-eph-i-0f31887f68d949cb6	ip-10-185-122-200	2026-09-15T02:16:17.4580202Z	A	python3-maturin-native-1.15.0-r0:do_fetch	crate://crates.io/untrusted/0.9.0	/efsx	ERROR: python3-maturin-native-1.15.0-r0 do_fetch: Checksum failure fetching crate://crates.io/untrusted/0.9.0
qualcomm-linux/meta-qcom-robotics-sdk	34916088202	2	104224761035	build-pr / iq-9075-evk/qcom-robotics-distro_base_linux-qcom-next	foundri-prd-u2404-x64-od-eph-i-0f31887f68d949cb6	ip-10-185-122-200	2026-09-15T02:16:17.4654229Z	A	python3-maturin-native-1.15.0-r0:do_fetch	/downloads/untrusted-0.9.0.crate\	/efsx	ERROR: python3-maturin-native-1.15.0-r0 do_fetch: Bitbake Fetcher Error: ChecksumError('Checksum mismatch!\nFile: \'/downloads/untrusted-0.9.0.crate\' has sha256 checksum \'5405d394dd789af13a6328310e15076bc341c2d9dd5ea6f09f15f4fbc712619f\' when \'8ecb6da28b8a351d773b68d5825ac39017e680750f980f3a1a85cd8dd28a47c1\' was expected\nIf this change is expected (e.g. you have upgraded to a new version with
qualcomm-linux/meta-qcom-robotics-sdk	34916088202	2	104224761035	build-pr / iq-9075-evk/qcom-robotics-distro_base_linux-qcom-next	foundri-prd-u2404-x64-od-eph-i-0f31887f68d949cb6	ip-10-185-122-200	2026-09-15T02:16:17.4654229Z	A	python3-maturin-native-1.15.0-r0:do_fetch	/downloads/untrusted-0.9.0.crate\	/efsx	ERROR: python3-maturin-native-1.15.0-r0 do_fetch: Bitbake Fetcher Error: ChecksumError('Checksum mismatch!\nFile: \'/downloads/untrusted-0.9.0.crate\' has sha256 checksum \'5405d394dd789af13a6328310e15076bc341c2d9dd5ea6f09f15f4fbc712619f\' when \'8ecb6da28b8a351d773b68d5825ac39017e680750f980f3a1a85cd8dd28a47c1\' was expected\nIf this change is expected (e.g. you have upgraded to a new version with
qualcomm-linux/meta-qcom-robotics-sdk	34916088202	2	104224760984	build-pr / iq-9075-evk/performance_full_linux-qcom-next	foundri-prd-u2404-x64-od-eph-i-0f087775efec7fb7f	ip-10-185-124-177	2026-09-15T02:16:34.3412239Z	B	suitesparse-colamd-3.3.3-r0:do_unpack	/downloads/git2/github.com.DrTimothyAldenDavis.SuiteSparse.git;	/efsx	ERROR: suitesparse-colamd-3.3.3-r0 do_unpack: Bitbake Fetcher Error: UnpackError('No up to date source found: clone directory not available or not up to date: /downloads/git2/github.com.DrTimothyAldenDavis.SuiteSparse.git; shallow clone not enabled', 'git://github.com/DrTimothyAldenDavis/SuiteSparse.git;branch=stable;protocol=https')
qualcomm-linux/meta-qcom-robotics-sdk	34916088202	2	104224760984	build-pr / iq-9075-evk/performance_full_linux-qcom-next	foundri-prd-u2404-x64-od-eph-i-0f087775efec7fb7f	ip-10-185-124-177	2026-09-15T02:16:34.3412239Z	B	suitesparse-colamd-3.3.3-r0:do_unpack	/downloads/git2/github.com.DrTimothyAldenDavis.SuiteSparse.git;	/efsx	ERROR: suitesparse-colamd-3.3.3-r0 do_unpack: Bitbake Fetcher Error: UnpackError('No up to date source found: clone directory not available or not up to date: /downloads/git2/github.com.DrTimothyAldenDavis.SuiteSparse.git; shallow clone not enabled', 'git://github.com/DrTimothyAldenDavis/SuiteSparse.git;branch=stable;protocol=https')
qualcomm-linux/meta-qcom-robotics-sdk	34916088202	2	104224760938	build-pr / iq-9075-evk/qcom-robotics-distro-catchall_full_linux-qcom-next	foundri-prd-u2404-x64-od-eph-i-01a5e10270eaa045d	ip-10-185-127-249	2026-09-15T02:17:15.4612697Z	B	suitesparse-config-7.7.0-r0:do_unpack	/downloads/git2/github.com.DrTimothyAldenDavis.SuiteSparse.git;	/efsx	ERROR: suitesparse-config-7.7.0-r0 do_unpack: Bitbake Fetcher Error: UnpackError('No up to date source found: clone directory not available or not up to date: /downloads/git2/github.com.DrTimothyAldenDavis.SuiteSparse.git; shallow clone not enabled', 'git://github.com/DrTimothyAldenDavis/SuiteSparse.git;branch=stable;protocol=https')
qualcomm-linux/meta-qcom-robotics-sdk	34916088202	2	104224760938	build-pr / iq-9075-evk/qcom-robotics-distro-catchall_full_linux-qcom-next	foundri-prd-u2404-x64-od-eph-i-01a5e10270eaa045d	ip-10-185-127-249	2026-09-15T02:17:15.4612697Z	B	suitesparse-config-7.7.0-r0:do_unpack	/downloads/git2/github.com.DrTimothyAldenDavis.SuiteSparse.git;	/efsx	ERROR: suitesparse-config-7.7.0-r0 do_unpack: Bitbake Fetcher Error: UnpackError('No up to date source found: clone directory not available or not up to date: /downloads/git2/github.com.DrTimothyAldenDavis.SuiteSparse.git; shallow clone not enabled', 'git://github.com/DrTimothyAldenDavis/SuiteSparse.git;branch=stable;protocol=https')
qualcomm-linux/meta-qcom-robotics-sdk	34916088202	2	104224760938	build-pr / iq-9075-evk/qcom-robotics-distro-catchall_full_linux-qcom-next	foundri-prd-u2404-x64-od-eph-i-01a5e10270eaa045d	ip-10-185-127-249	2026-09-15T02:17:15.4665911Z	B	suitesparse-colamd-3.3.3-r0:do_unpack	/downloads/git2/github.com.DrTimothyAldenDavis.SuiteSparse.git;	/efsx	ERROR: suitesparse-colamd-3.3.3-r0 do_unpack: Bitbake Fetcher Error: UnpackError('No up to date source found: clone directory not available or not up to date: /downloads/git2/github.com.DrTimothyAldenDavis.SuiteSparse.git; shallow clone not enabled', 'git://github.com/DrTimothyAldenDavis/SuiteSparse.git;branch=stable;protocol=https')
qualcomm-linux/meta-qcom-robotics-sdk	34916088202	2	104224760938	build-pr / iq-9075-evk/qcom-robotics-distro-catchall_full_linux-qcom-next	foundri-prd-u2404-x64-od-eph-i-01a5e10270eaa045d	ip-10-185-127-249	2026-09-15T02:17:15.4665911Z	B	suitesparse-colamd-3.3.3-r0:do_unpack	/downloads/git2/github.com.DrTimothyAldenDavis.SuiteSparse.git;	/efsx	ERROR: suitesparse-colamd-3.3.3-r0 do_unpack: Bitbake Fetcher Error: UnpackError('No up to date source found: clone directory not available or not up to date: /downloads/git2/github.com.DrTimothyAldenDavis.SuiteSparse.git; shallow clone not enabled', 'git://github.com/DrTimothyAldenDavis/SuiteSparse.git;branch=stable;protocol=https')
qualcomm-linux/meta-qcom-robotics-sdk	34916088202	2	104224760938	build-pr / iq-9075-evk/qcom-robotics-distro-catchall_full_linux-qcom-next	foundri-prd-u2404-x64-od-eph-i-01a5e10270eaa045d	ip-10-185-127-249	2026-09-15T02:17:34.1425029Z	B	suitesparse-amd-3.3.2-r0:do_unpack	/downloads/git2/github.com.DrTimothyAldenDavis.SuiteSparse.git;	/efsx	ERROR: suitesparse-amd-3.3.2-r0 do_unpack: Bitbake Fetcher Error: UnpackError('No up to date source found: clone directory not available or not up to date: /downloads/git2/github.com.DrTimothyAldenDavis.SuiteSparse.git; shallow clone not enabled', 'git://github.com/DrTimothyAldenDavis/SuiteSparse.git;branch=stable;protocol=https')
qualcomm-linux/meta-qcom-robotics-sdk	34916088202	2	104224760938	build-pr / iq-9075-evk/qcom-robotics-distro-catchall_full_linux-qcom-next	foundri-prd-u2404-x64-od-eph-i-01a5e10270eaa045d	ip-10-185-127-249	2026-09-15T02:17:34.1425029Z	B	suitesparse-amd-3.3.2-r0:do_unpack	/downloads/git2/github.com.DrTimothyAldenDavis.SuiteSparse.git;	/efsx	ERROR: suitesparse-amd-3.3.2-r0 do_unpack: Bitbake Fetcher Error: UnpackError('No up to date source found: clone directory not available or not up to date: /downloads/git2/github.com.DrTimothyAldenDavis.SuiteSparse.git; shallow clone not enabled', 'git://github.com/DrTimothyAldenDavis/SuiteSparse.git;branch=stable;protocol=https')
qualcomm-linux/meta-qcom-robotics-sdk	34916088202	2	104224760984	build-pr / iq-9075-evk/performance_full_linux-qcom-next	foundri-prd-u2404-x64-od-eph-i-0f087775efec7fb7f	ip-10-185-124-177	2026-09-15T02:17:34.1455391Z	B	suitesparse-config-7.7.0-r0:do_unpack	/downloads/git2/github.com.DrTimothyAldenDavis.SuiteSparse.git;	/efsx	ERROR: suitesparse-config-7.7.0-r0 do_unpack: Bitbake Fetcher Error: UnpackError('No up to date source found: clone directory not available or not up to date: /downloads/git2/github.com.DrTimothyAldenDavis.SuiteSparse.git; shallow clone not enabled', 'git://github.com/DrTimothyAldenDavis/SuiteSparse.git;branch=stable;protocol=https')
qualcomm-linux/meta-qcom-robotics-sdk	34916088202	2	104224760984	build-pr / iq-9075-evk/performance_full_linux-qcom-next	foundri-prd-u2404-x64-od-eph-i-0f087775efec7fb7f	ip-10-185-124-177	2026-09-15T02:17:34.1455391Z	B	suitesparse-config-7.7.0-r0:do_unpack	/downloads/git2/github.com.DrTimothyAldenDavis.SuiteSparse.git;	/efsx	ERROR: suitesparse-config-7.7.0-r0 do_unpack: Bitbake Fetcher Error: UnpackError('No up to date source found: clone directory not available or not up to date: /downloads/git2/github.com.DrTimothyAldenDavis.SuiteSparse.git; shallow clone not enabled', 'git://github.com/DrTimothyAldenDavis/SuiteSparse.git;branch=stable;protocol=https')
qualcomm-linux/meta-qcom-robotics-sdk	34916088202	2	104224760746	build-pr / iq-9075-evk/debug_base_linux-qcom-next	foundri-prd-u2404-x64-od-eph-i-08e7195c9d30a46de	ip-10-185-118-248	2026-09-15T02:18:08.2649059Z	B	suitesparse-config-7.7.0-r0:do_unpack	/downloads/git2/github.com.DrTimothyAldenDavis.SuiteSparse.git;	/efsx	ERROR: suitesparse-config-7.7.0-r0 do_unpack: Bitbake Fetcher Error: UnpackError('No up to date source found: clone directory not available or not up to date: /downloads/git2/github.com.DrTimothyAldenDavis.SuiteSparse.git; shallow clone not enabled', 'git://github.com/DrTimothyAldenDavis/SuiteSparse.git;branch=stable;protocol=https')
qualcomm-linux/meta-qcom-robotics-sdk	34916088202	2	104224760746	build-pr / iq-9075-evk/debug_base_linux-qcom-next	foundri-prd-u2404-x64-od-eph-i-08e7195c9d30a46de	ip-10-185-118-248	2026-09-15T02:18:08.2649059Z	B	suitesparse-config-7.7.0-r0:do_unpack	/downloads/git2/github.com.DrTimothyAldenDavis.SuiteSparse.git;	/efsx	ERROR: suitesparse-config-7.7.0-r0 do_unpack: Bitbake Fetcher Error: UnpackError('No up to date source found: clone directory not available or not up to date: /downloads/git2/github.com.DrTimothyAldenDavis.SuiteSparse.git; shallow clone not enabled', 'git://github.com/DrTimothyAldenDavis/SuiteSparse.git;branch=stable;protocol=https')
qualcomm-linux/meta-qcom-robotics-sdk	34916088202	2	104224760924	build-pr / iq-9075-evk/qcom-robotics-distro_full_linux-qcom-next	foundri-prd-u2404-x64-od-eph-i-0408f9ae46a7fad16	ip-10-185-125-185	2026-09-15T02:19:22.1432998Z	B	suitesparse-config-7.7.0-r0:do_unpack	/downloads/git2/github.com.DrTimothyAldenDavis.SuiteSparse.git;	/efsx	ERROR: suitesparse-config-7.7.0-r0 do_unpack: Bitbake Fetcher Error: UnpackError('No up to date source found: clone directory not available or not up to date: /downloads/git2/github.com.DrTimothyAldenDavis.SuiteSparse.git; shallow clone not enabled', 'git://github.com/DrTimothyAldenDavis/SuiteSparse.git;branch=stable;protocol=https')
qualcomm-linux/meta-qcom-robotics-sdk	34916088202	2	104224760924	build-pr / iq-9075-evk/qcom-robotics-distro_full_linux-qcom-next	foundri-prd-u2404-x64-od-eph-i-0408f9ae46a7fad16	ip-10-185-125-185	2026-09-15T02:19:22.1432998Z	B	suitesparse-config-7.7.0-r0:do_unpack	/downloads/git2/github.com.DrTimothyAldenDavis.SuiteSparse.git;	/efsx	ERROR: suitesparse-config-7.7.0-r0 do_unpack: Bitbake Fetcher Error: UnpackError('No up to date source found: clone directory not available or not up to date: /downloads/git2/github.com.DrTimothyAldenDavis.SuiteSparse.git; shallow clone not enabled', 'git://github.com/DrTimothyAldenDavis/SuiteSparse.git;branch=stable;protocol=https')
qualcomm-linux/meta-qcom-robotics-sdk	34916088202	2	104224760718	build-pr / iq-9075-evk/debug_full_linux-qcom-next	foundri-prd-u2404-x64-od-eph-i-09b46c58a963da654	ip-10-185-124-180	2026-09-15T02:19:23.1182573Z	B	suitesparse-config-7.7.0-r0:do_unpack	/downloads/git2/github.com.DrTimothyAldenDavis.SuiteSparse.git;	/efsx	ERROR: suitesparse-config-7.7.0-r0 do_unpack: Bitbake Fetcher Error: UnpackError('No up to date source found: clone directory not available or not up to date: /downloads/git2/github.com.DrTimothyAldenDavis.SuiteSparse.git; shallow clone not enabled', 'git://github.com/DrTimothyAldenDavis/SuiteSparse.git;branch=stable;protocol=https')
qualcomm-linux/meta-qcom-robotics-sdk	34916088202	2	104224760718	build-pr / iq-9075-evk/debug_full_linux-qcom-next	foundri-prd-u2404-x64-od-eph-i-09b46c58a963da654	ip-10-185-124-180	2026-09-15T02:19:23.1182573Z	B	suitesparse-config-7.7.0-r0:do_unpack	/downloads/git2/github.com.DrTimothyAldenDavis.SuiteSparse.git;	/efsx	ERROR: suitesparse-config-7.7.0-r0 do_unpack: Bitbake Fetcher Error: UnpackError('No up to date source found: clone directory not available or not up to date: /downloads/git2/github.com.DrTimothyAldenDavis.SuiteSparse.git; shallow clone not enabled', 'git://github.com/DrTimothyAldenDavis/SuiteSparse.git;branch=stable;protocol=https')
qualcomm-linux/meta-qcom-robotics-sdk	34916088202	2	104224760757	build-pr / iq-8275-evk/qcom-robotics-distro_full_linux-qcom-next	foundri-prd-u2404-x64-od-eph-i-07228f23607109a7d	ip-10-185-117-240	2026-09-15T02:20:09.5755912Z	B	suitesparse-config-7.7.0-r0:do_unpack	/downloads/git2/github.com.DrTimothyAldenDavis.SuiteSparse.git;	/efsx	ERROR: suitesparse-config-7.7.0-r0 do_unpack: Bitbake Fetcher Error: UnpackError('No up to date source found: clone directory not available or not up to date: /downloads/git2/github.com.DrTimothyAldenDavis.SuiteSparse.git; shallow clone not enabled', 'git://github.com/DrTimothyAldenDavis/SuiteSparse.git;branch=stable;protocol=https')
qualcomm-linux/meta-qcom-robotics-sdk	34916088202	2	104224760757	build-pr / iq-8275-evk/qcom-robotics-distro_full_linux-qcom-next	foundri-prd-u2404-x64-od-eph-i-07228f23607109a7d	ip-10-185-117-240	2026-09-15T02:20:09.5755912Z	B	suitesparse-config-7.7.0-r0:do_unpack	/downloads/git2/github.com.DrTimothyAldenDavis.SuiteSparse.git;	/efsx	ERROR: suitesparse-config-7.7.0-r0 do_unpack: Bitbake Fetcher Error: UnpackError('No up to date source found: clone directory not available or not up to date: /downloads/git2/github.com.DrTimothyAldenDavis.SuiteSparse.git; shallow clone not enabled', 'git://github.com/DrTimothyAldenDavis/SuiteSparse.git;branch=stable;protocol=https')
qualcomm-linux/meta-qcom-robotics-sdk	34916088202	2	104224761014	build-pr / iq-8275-evk/debug_full_linux-qcom-next	foundri-prd-u2404-x64-od-eph-i-0b1ca1e3346279c13	ip-10-185-117-203	2026-09-15T02:20:56.4708735Z	B	suitesparse-config-7.7.0-r0:do_unpack	/downloads/git2/github.com.DrTimothyAldenDavis.SuiteSparse.git;	/efsx	ERROR: suitesparse-config-7.7.0-r0 do_unpack: Bitbake Fetcher Error: UnpackError('No up to date source found: clone directory not available or not up to date: /downloads/git2/github.com.DrTimothyAldenDavis.SuiteSparse.git; shallow clone not enabled', 'git://github.com/DrTimothyAldenDavis/SuiteSparse.git;branch=stable;protocol=https')
qualcomm-linux/meta-qcom-robotics-sdk	34916088202	2	104224761014	build-pr / iq-8275-evk/debug_full_linux-qcom-next	foundri-prd-u2404-x64-od-eph-i-0b1ca1e3346279c13	ip-10-185-117-203	2026-09-15T02:20:56.4708735Z	B	suitesparse-config-7.7.0-r0:do_unpack	/downloads/git2/github.com.DrTimothyAldenDavis.SuiteSparse.git;	/efsx	ERROR: suitesparse-config-7.7.0-r0 do_unpack: Bitbake Fetcher Error: UnpackError('No up to date source found: clone directory not available or not up to date: /downloads/git2/github.com.DrTimothyAldenDavis.SuiteSparse.git; shallow clone not enabled', 'git://github.com/DrTimothyAldenDavis/SuiteSparse.git;branch=stable;protocol=https')
qualcomm-linux/meta-qcom-robotics-sdk	34916088202	3	104475120297	build-pr / iq-9075-evk/performance_base_linux-qcom-next	foundri-prd-u2404-x64-od-eph-i-0b90e97fe9d059be1	ip-10-185-114-248	2026-09-15T16:55:37.8306357Z	B	suitesparse-config-7.7.0-r0:do_unpack	/downloads/git2/github.com.DrTimothyAldenDavis.SuiteSparse.git;	/efsx	ERROR: suitesparse-config-7.7.0-r0 do_unpack: Bitbake Fetcher Error: UnpackError('No up to date source found: clone directory not available or not up to date: /downloads/git2/github.com.DrTimothyAldenDavis.SuiteSparse.git; shallow clone not enabled', 'git://github.com/DrTimothyAldenDavis/SuiteSparse.git;branch=stable;protocol=https')
qualcomm-linux/meta-qcom-robotics-sdk	34916088202	3	104475120297	build-pr / iq-9075-evk/performance_base_linux-qcom-next	foundri-prd-u2404-x64-od-eph-i-0b90e97fe9d059be1	ip-10-185-114-248	2026-09-15T16:55:37.8306357Z	B	suitesparse-config-7.7.0-r0:do_unpack	/downloads/git2/github.com.DrTimothyAldenDavis.SuiteSparse.git;	/efsx	ERROR: suitesparse-config-7.7.0-r0 do_unpack: Bitbake Fetcher Error: UnpackError('No up to date source found: clone directory not available or not up to date: /downloads/git2/github.com.DrTimothyAldenDavis.SuiteSparse.git; shallow clone not enabled', 'git://github.com/DrTimothyAldenDavis/SuiteSparse.git;branch=stable;protocol=https')
qualcomm-linux/meta-qcom-robotics-sdk	34916088202	3	104475120176	build-pr / iq-8275-evk/qcom-robotics-distro-catchall_full_linux-qcom-next	foundri-prd-u2404-x64-od-eph-i-00af22f1df8b2afbd	ip-10-185-115-17	2026-09-15T16:55:43.9142567Z	B	suitesparse-config-7.7.0-r0:do_unpack	/downloads/git2/github.com.DrTimothyAldenDavis.SuiteSparse.git;	/efsx	ERROR: suitesparse-config-7.7.0-r0 do_unpack: Bitbake Fetcher Error: UnpackError('No up to date source found: clone directory not available or not up to date: /downloads/git2/github.com.DrTimothyAldenDavis.SuiteSparse.git; shallow clone not enabled', 'git://github.com/DrTimothyAldenDavis/SuiteSparse.git;branch=stable;protocol=https')
qualcomm-linux/meta-qcom-robotics-sdk	34916088202	3	104475120176	build-pr / iq-8275-evk/qcom-robotics-distro-catchall_full_linux-qcom-next	foundri-prd-u2404-x64-od-eph-i-00af22f1df8b2afbd	ip-10-185-115-17	2026-09-15T16:55:43.9142567Z	B	suitesparse-config-7.7.0-r0:do_unpack	/downloads/git2/github.com.DrTimothyAldenDavis.SuiteSparse.git;	/efsx	ERROR: suitesparse-config-7.7.0-r0 do_unpack: Bitbake Fetcher Error: UnpackError('No up to date source found: clone directory not available or not up to date: /downloads/git2/github.com.DrTimothyAldenDavis.SuiteSparse.git; shallow clone not enabled', 'git://github.com/DrTimothyAldenDavis/SuiteSparse.git;branch=stable;protocol=https')
qualcomm-linux/meta-qcom-robotics-sdk	34916088202	3	104475120110	build-pr / iq-8275-evk/qcom-robotics-distro-catchall_base_linux-qcom-next	foundri-prd-u2404-x64-od-eph-i-0fbb0437fb91ddc5d	ip-10-185-119-9	2026-09-15T16:55:50.0976260Z	B	suitesparse-amd-3.3.2-r0:do_unpack	/downloads/git2/github.com.DrTimothyAldenDavis.SuiteSparse.git;	/efsx	ERROR: suitesparse-amd-3.3.2-r0 do_unpack: Bitbake Fetcher Error: UnpackError('No up to date source found: clone directory not available or not up to date: /downloads/git2/github.com.DrTimothyAldenDavis.SuiteSparse.git; shallow clone not enabled', 'git://github.com/DrTimothyAldenDavis/SuiteSparse.git;branch=stable;protocol=https')
qualcomm-linux/meta-qcom-robotics-sdk	34916088202	3	104475120110	build-pr / iq-8275-evk/qcom-robotics-distro-catchall_base_linux-qcom-next	foundri-prd-u2404-x64-od-eph-i-0fbb0437fb91ddc5d	ip-10-185-119-9	2026-09-15T16:55:50.0976260Z	B	suitesparse-amd-3.3.2-r0:do_unpack	/downloads/git2/github.com.DrTimothyAldenDavis.SuiteSparse.git;	/efsx	ERROR: suitesparse-amd-3.3.2-r0 do_unpack: Bitbake Fetcher Error: UnpackError('No up to date source found: clone directory not available or not up to date: /downloads/git2/github.com.DrTimothyAldenDavis.SuiteSparse.git; shallow clone not enabled', 'git://github.com/DrTimothyAldenDavis/SuiteSparse.git;branch=stable;protocol=https')
qualcomm-linux/meta-qcom-robotics-sdk	34916088202	3	104475120469	build-pr / iq-9075-evk/qcom-robotics-distro-catchall_base_linux-qcom-next	foundri-prd-u2404-x64-od-eph-i-097a7ef45f0f74572	ip-10-185-118-54	2026-09-15T16:57:06.7114915Z	B	suitesparse-amd-3.3.2-r0:do_unpack	/downloads/git2/github.com.DrTimothyAldenDavis.SuiteSparse.git;	/efsx	ERROR: suitesparse-amd-3.3.2-r0 do_unpack: Bitbake Fetcher Error: UnpackError('No up to date source found: clone directory not available or not up to date: /downloads/git2/github.com.DrTimothyAldenDavis.SuiteSparse.git; shallow clone not enabled', 'git://github.com/DrTimothyAldenDavis/SuiteSparse.git;branch=stable;protocol=https')
qualcomm-linux/meta-qcom-robotics-sdk	34916088202	3	104475120469	build-pr / iq-9075-evk/qcom-robotics-distro-catchall_base_linux-qcom-next	foundri-prd-u2404-x64-od-eph-i-097a7ef45f0f74572	ip-10-185-118-54	2026-09-15T16:57:06.7114915Z	B	suitesparse-amd-3.3.2-r0:do_unpack	/downloads/git2/github.com.DrTimothyAldenDavis.SuiteSparse.git;	/efsx	ERROR: suitesparse-amd-3.3.2-r0 do_unpack: Bitbake Fetcher Error: UnpackError('No up to date source found: clone directory not available or not up to date: /downloads/git2/github.com.DrTimothyAldenDavis.SuiteSparse.git; shallow clone not enabled', 'git://github.com/DrTimothyAldenDavis/SuiteSparse.git;branch=stable;protocol=https')
qualcomm-linux/meta-qcom-robotics-sdk	34916088202	3	104475120398	build-pr / iq-9075-evk/performance_full_linux-qcom-next	foundri-prd-u2404-x64-od-eph-i-081e52dd3a36ed9d1	ip-10-185-121-143	2026-09-15T16:57:32.3126027Z	B	suitesparse-amd-3.3.2-r0:do_unpack	/downloads/git2/github.com.DrTimothyAldenDavis.SuiteSparse.git;	/efsx	ERROR: suitesparse-amd-3.3.2-r0 do_unpack: Bitbake Fetcher Error: UnpackError('No up to date source found: clone directory not available or not up to date: /downloads/git2/github.com.DrTimothyAldenDavis.SuiteSparse.git; shallow clone not enabled', 'git://github.com/DrTimothyAldenDavis/SuiteSparse.git;branch=stable;protocol=https')
qualcomm-linux/meta-qcom-robotics-sdk	34916088202	3	104475120398	build-pr / iq-9075-evk/performance_full_linux-qcom-next	foundri-prd-u2404-x64-od-eph-i-081e52dd3a36ed9d1	ip-10-185-121-143	2026-09-15T16:57:32.3126027Z	B	suitesparse-amd-3.3.2-r0:do_unpack	/downloads/git2/github.com.DrTimothyAldenDavis.SuiteSparse.git;	/efsx	ERROR: suitesparse-amd-3.3.2-r0 do_unpack: Bitbake Fetcher Error: UnpackError('No up to date source found: clone directory not available or not up to date: /downloads/git2/github.com.DrTimothyAldenDavis.SuiteSparse.git; shallow clone not enabled', 'git://github.com/DrTimothyAldenDavis/SuiteSparse.git;branch=stable;protocol=https')
qualcomm-linux/meta-qcom-robotics-sdk	34916088202	3	104475120398	build-pr / iq-9075-evk/performance_full_linux-qcom-next	foundri-prd-u2404-x64-od-eph-i-081e52dd3a36ed9d1	ip-10-185-121-143	2026-09-15T16:57:32.4392304Z	B	suitesparse-colamd-3.3.3-r0:do_unpack	/downloads/git2/github.com.DrTimothyAldenDavis.SuiteSparse.git;	/efsx	ERROR: suitesparse-colamd-3.3.3-r0 do_unpack: Bitbake Fetcher Error: UnpackError('No up to date source found: clone directory not available or not up to date: /downloads/git2/github.com.DrTimothyAldenDavis.SuiteSparse.git; shallow clone not enabled', 'git://github.com/DrTimothyAldenDavis/SuiteSparse.git;branch=stable;protocol=https')
qualcomm-linux/meta-qcom-robotics-sdk	34916088202	3	104475120398	build-pr / iq-9075-evk/performance_full_linux-qcom-next	foundri-prd-u2404-x64-od-eph-i-081e52dd3a36ed9d1	ip-10-185-121-143	2026-09-15T16:57:32.4392304Z	B	suitesparse-colamd-3.3.3-r0:do_unpack	/downloads/git2/github.com.DrTimothyAldenDavis.SuiteSparse.git;	/efsx	ERROR: suitesparse-colamd-3.3.3-r0 do_unpack: Bitbake Fetcher Error: UnpackError('No up to date source found: clone directory not available or not up to date: /downloads/git2/github.com.DrTimothyAldenDavis.SuiteSparse.git; shallow clone not enabled', 'git://github.com/DrTimothyAldenDavis/SuiteSparse.git;branch=stable;protocol=https')
qualcomm-linux/meta-qcom-robotics-sdk	34916088202	3	104475120469	build-pr / iq-9075-evk/qcom-robotics-distro-catchall_base_linux-qcom-next	foundri-prd-u2404-x64-od-eph-i-097a7ef45f0f74572	ip-10-185-118-54	2026-09-15T16:58:01.4722126Z	B	suitesparse-colamd-3.3.3-r0:do_unpack	/downloads/git2/github.com.DrTimothyAldenDavis.SuiteSparse.git;	/efsx	ERROR: suitesparse-colamd-3.3.3-r0 do_unpack: Bitbake Fetcher Error: UnpackError('No up to date source found: clone directory not available or not up to date: /downloads/git2/github.com.DrTimothyAldenDavis.SuiteSparse.git; shallow clone not enabled', 'git://github.com/DrTimothyAldenDavis/SuiteSparse.git;branch=stable;protocol=https')
qualcomm-linux/meta-qcom-robotics-sdk	34916088202	3	104475120469	build-pr / iq-9075-evk/qcom-robotics-distro-catchall_base_linux-qcom-next	foundri-prd-u2404-x64-od-eph-i-097a7ef45f0f74572	ip-10-185-118-54	2026-09-15T16:58:01.4722126Z	B	suitesparse-colamd-3.3.3-r0:do_unpack	/downloads/git2/github.com.DrTimothyAldenDavis.SuiteSparse.git;	/efsx	ERROR: suitesparse-colamd-3.3.3-r0 do_unpack: Bitbake Fetcher Error: UnpackError('No up to date source found: clone directory not available or not up to date: /downloads/git2/github.com.DrTimothyAldenDavis.SuiteSparse.git; shallow clone not enabled', 'git://github.com/DrTimothyAldenDavis/SuiteSparse.git;branch=stable;protocol=https')
qualcomm-linux/meta-qcom-robotics-sdk	34916088202	3	104475120195	build-pr / iq-9075-evk/debug_full_linux-qcom-next	foundri-prd-u2404-x64-od-eph-i-0d94ae68f8daca4b0	ip-10-185-117-131	2026-09-15T16:58:01.5108765Z	B	suitesparse-config-7.7.0-r0:do_unpack	/downloads/git2/github.com.DrTimothyAldenDavis.SuiteSparse.git;	/efsx	ERROR: suitesparse-config-7.7.0-r0 do_unpack: Bitbake Fetcher Error: UnpackError('No up to date source found: clone directory not available or not up to date: /downloads/git2/github.com.DrTimothyAldenDavis.SuiteSparse.git; shallow clone not enabled', 'git://github.com/DrTimothyAldenDavis/SuiteSparse.git;branch=stable;protocol=https')
qualcomm-linux/meta-qcom-robotics-sdk	34916088202	3	104475120195	build-pr / iq-9075-evk/debug_full_linux-qcom-next	foundri-prd-u2404-x64-od-eph-i-0d94ae68f8daca4b0	ip-10-185-117-131	2026-09-15T16:58:01.5108765Z	B	suitesparse-config-7.7.0-r0:do_unpack	/downloads/git2/github.com.DrTimothyAldenDavis.SuiteSparse.git;	/efsx	ERROR: suitesparse-config-7.7.0-r0 do_unpack: Bitbake Fetcher Error: UnpackError('No up to date source found: clone directory not available or not up to date: /downloads/git2/github.com.DrTimothyAldenDavis.SuiteSparse.git; shallow clone not enabled', 'git://github.com/DrTimothyAldenDavis/SuiteSparse.git;branch=stable;protocol=https')
qualcomm-linux/meta-qcom-robotics-sdk	34916088202	3	104475120156	build-pr / iq-8275-evk/qcom-robotics-distro_base_linux-qcom-next	foundri-prd-u2404-x64-od-eph-i-0d52f44e0d81c369a	ip-10-185-119-33	2026-09-15T16:58:01.5170006Z	B	suitesparse-config-7.7.0-r0:do_unpack	/downloads/git2/github.com.DrTimothyAldenDavis.SuiteSparse.git;	/efsx	ERROR: suitesparse-config-7.7.0-r0 do_unpack: Bitbake Fetcher Error: UnpackError('No up to date source found: clone directory not available or not up to date: /downloads/git2/github.com.DrTimothyAldenDavis.SuiteSparse.git; shallow clone not enabled', 'git://github.com/DrTimothyAldenDavis/SuiteSparse.git;branch=stable;protocol=https')
qualcomm-linux/meta-qcom-robotics-sdk	34916088202	3	104475120156	build-pr / iq-8275-evk/qcom-robotics-distro_base_linux-qcom-next	foundri-prd-u2404-x64-od-eph-i-0d52f44e0d81c369a	ip-10-185-119-33	2026-09-15T16:58:01.5170006Z	B	suitesparse-config-7.7.0-r0:do_unpack	/downloads/git2/github.com.DrTimothyAldenDavis.SuiteSparse.git;	/efsx	ERROR: suitesparse-config-7.7.0-r0 do_unpack: Bitbake Fetcher Error: UnpackError('No up to date source found: clone directory not available or not up to date: /downloads/git2/github.com.DrTimothyAldenDavis.SuiteSparse.git; shallow clone not enabled', 'git://github.com/DrTimothyAldenDavis/SuiteSparse.git;branch=stable;protocol=https')
qualcomm-linux/meta-qcom-robotics-sdk	34916088202	3	104475120302	build-pr / iq-8275-evk/debug_base_linux-qcom-next	foundri-prd-u2404-x64-od-eph-i-0a188501c3179ab40	ip-10-185-118-157	2026-09-15T16:58:01.5226418Z	B	suitesparse-config-7.7.0-r0:do_unpack	/downloads/git2/github.com.DrTimothyAldenDavis.SuiteSparse.git;	/efsx	ERROR: suitesparse-config-7.7.0-r0 do_unpack: Bitbake Fetcher Error: UnpackError('No up to date source found: clone directory not available or not up to date: /downloads/git2/github.com.DrTimothyAldenDavis.SuiteSparse.git; shallow clone not enabled', 'git://github.com/DrTimothyAldenDavis/SuiteSparse.git;branch=stable;protocol=https')
qualcomm-linux/meta-qcom-robotics-sdk	34916088202	3	104475120302	build-pr / iq-8275-evk/debug_base_linux-qcom-next	foundri-prd-u2404-x64-od-eph-i-0a188501c3179ab40	ip-10-185-118-157	2026-09-15T16:58:01.5226418Z	B	suitesparse-config-7.7.0-r0:do_unpack	/downloads/git2/github.com.DrTimothyAldenDavis.SuiteSparse.git;	/efsx	ERROR: suitesparse-config-7.7.0-r0 do_unpack: Bitbake Fetcher Error: UnpackError('No up to date source found: clone directory not available or not up to date: /downloads/git2/github.com.DrTimothyAldenDavis.SuiteSparse.git; shallow clone not enabled', 'git://github.com/DrTimothyAldenDavis/SuiteSparse.git;branch=stable;protocol=https')
qualcomm-linux/meta-qcom-robotics-sdk	34916088202	3	104475120544	build-pr / iq-9075-evk/qcom-robotics-distro-catchall_full_linux-qcom-next	foundri-prd-u2404-x64-od-eph-i-052a5842c7e592f63	ip-10-185-121-248	2026-09-15T16:58:10.4058463Z	B	suitesparse-colamd-3.3.3-r0:do_unpack	/downloads/git2/github.com.DrTimothyAldenDavis.SuiteSparse.git;	/efsx	ERROR: suitesparse-colamd-3.3.3-r0 do_unpack: Bitbake Fetcher Error: UnpackError('No up to date source found: clone directory not available or not up to date: /downloads/git2/github.com.DrTimothyAldenDavis.SuiteSparse.git; shallow clone not enabled', 'git://github.com/DrTimothyAldenDavis/SuiteSparse.git;branch=stable;protocol=https')
qualcomm-linux/meta-qcom-robotics-sdk	34916088202	3	104475120544	build-pr / iq-9075-evk/qcom-robotics-distro-catchall_full_linux-qcom-next	foundri-prd-u2404-x64-od-eph-i-052a5842c7e592f63	ip-10-185-121-248	2026-09-15T16:58:10.4058463Z	B	suitesparse-colamd-3.3.3-r0:do_unpack	/downloads/git2/github.com.DrTimothyAldenDavis.SuiteSparse.git;	/efsx	ERROR: suitesparse-colamd-3.3.3-r0 do_unpack: Bitbake Fetcher Error: UnpackError('No up to date source found: clone directory not available or not up to date: /downloads/git2/github.com.DrTimothyAldenDavis.SuiteSparse.git; shallow clone not enabled', 'git://github.com/DrTimothyAldenDavis/SuiteSparse.git;branch=stable;protocol=https')
qualcomm-linux/meta-qcom-robotics-sdk	34916088202	3	104475120544	build-pr / iq-9075-evk/qcom-robotics-distro-catchall_full_linux-qcom-next	foundri-prd-u2404-x64-od-eph-i-052a5842c7e592f63	ip-10-185-121-248	2026-09-15T16:58:10.4169706Z	B	suitesparse-amd-3.3.2-r0:do_unpack	/downloads/git2/github.com.DrTimothyAldenDavis.SuiteSparse.git;	/efsx	ERROR: suitesparse-amd-3.3.2-r0 do_unpack: Bitbake Fetcher Error: UnpackError('No up to date source found: clone directory not available or not up to date: /downloads/git2/github.com.DrTimothyAldenDavis.SuiteSparse.git; shallow clone not enabled', 'git://github.com/DrTimothyAldenDavis/SuiteSparse.git;branch=stable;protocol=https')
qualcomm-linux/meta-qcom-robotics-sdk	34916088202	3	104475120544	build-pr / iq-9075-evk/qcom-robotics-distro-catchall_full_linux-qcom-next	foundri-prd-u2404-x64-od-eph-i-052a5842c7e592f63	ip-10-185-121-248	2026-09-15T16:58:10.4169706Z	B	suitesparse-amd-3.3.2-r0:do_unpack	/downloads/git2/github.com.DrTimothyAldenDavis.SuiteSparse.git;	/efsx	ERROR: suitesparse-amd-3.3.2-r0 do_unpack: Bitbake Fetcher Error: UnpackError('No up to date source found: clone directory not available or not up to date: /downloads/git2/github.com.DrTimothyAldenDavis.SuiteSparse.git; shallow clone not enabled', 'git://github.com/DrTimothyAldenDavis/SuiteSparse.git;branch=stable;protocol=https')
qualcomm-linux/meta-qcom-robotics-sdk	34916088202	3	104475120209	build-pr / iq-8275-evk/debug_full_linux-qcom-next	foundri-prd-u2404-x64-od-eph-i-012ed6a55bf1fcff8	ip-10-185-123-111	2026-09-15T16:58:10.5657815Z	B	suitesparse-config-7.7.0-r0:do_unpack	/downloads/git2/github.com.DrTimothyAldenDavis.SuiteSparse.git;	/efsx	ERROR: suitesparse-config-7.7.0-r0 do_unpack: Bitbake Fetcher Error: UnpackError('No up to date source found: clone directory not available or not up to date: /downloads/git2/github.com.DrTimothyAldenDavis.SuiteSparse.git; shallow clone not enabled', 'git://github.com/DrTimothyAldenDavis/SuiteSparse.git;branch=stable;protocol=https')
qualcomm-linux/meta-qcom-robotics-sdk	34916088202	3	104475120209	build-pr / iq-8275-evk/debug_full_linux-qcom-next	foundri-prd-u2404-x64-od-eph-i-012ed6a55bf1fcff8	ip-10-185-123-111	2026-09-15T16:58:10.5657815Z	B	suitesparse-config-7.7.0-r0:do_unpack	/downloads/git2/github.com.DrTimothyAldenDavis.SuiteSparse.git;	/efsx	ERROR: suitesparse-config-7.7.0-r0 do_unpack: Bitbake Fetcher Error: UnpackError('No up to date source found: clone directory not available or not up to date: /downloads/git2/github.com.DrTimothyAldenDavis.SuiteSparse.git; shallow clone not enabled', 'git://github.com/DrTimothyAldenDavis/SuiteSparse.git;branch=stable;protocol=https')
qualcomm-linux/meta-qcom-robotics-sdk	34916088202	3	104475120149	build-pr / iq-8275-evk/qcom-robotics-distro_full_linux-qcom-next	foundri-prd-u2404-x64-od-eph-i-028f98d02506b5292	ip-10-185-124-61	2026-09-15T16:58:25.3012314Z	B	suitesparse-config-7.7.0-r0:do_unpack	/downloads/git2/github.com.DrTimothyAldenDavis.SuiteSparse.git;	/efsx	ERROR: suitesparse-config-7.7.0-r0 do_unpack: Bitbake Fetcher Error: UnpackError('No up to date source found: clone directory not available or not up to date: /downloads/git2/github.com.DrTimothyAldenDavis.SuiteSparse.git; shallow clone not enabled', 'git://github.com/DrTimothyAldenDavis/SuiteSparse.git;branch=stable;protocol=https')
qualcomm-linux/meta-qcom-robotics-sdk	34916088202	3	104475120149	build-pr / iq-8275-evk/qcom-robotics-distro_full_linux-qcom-next	foundri-prd-u2404-x64-od-eph-i-028f98d02506b5292	ip-10-185-124-61	2026-09-15T16:58:25.3012314Z	B	suitesparse-config-7.7.0-r0:do_unpack	/downloads/git2/github.com.DrTimothyAldenDavis.SuiteSparse.git;	/efsx	ERROR: suitesparse-config-7.7.0-r0 do_unpack: Bitbake Fetcher Error: UnpackError('No up to date source found: clone directory not available or not up to date: /downloads/git2/github.com.DrTimothyAldenDavis.SuiteSparse.git; shallow clone not enabled', 'git://github.com/DrTimothyAldenDavis/SuiteSparse.git;branch=stable;protocol=https')
qualcomm-linux/meta-qcom-robotics-sdk	34916088202	3	104475120279	build-pr / iq-8275-evk/performance_full_linux-qcom-next	foundri-prd-u2404-x64-od-eph-i-01cc42ca7e7daf2e4	ip-10-185-126-27	2026-09-15T16:59:23.1096715Z	B	suitesparse-config-7.7.0-r0:do_unpack	/downloads/git2/github.com.DrTimothyAldenDavis.SuiteSparse.git;	/efsx	ERROR: suitesparse-config-7.7.0-r0 do_unpack: Bitbake Fetcher Error: UnpackError('No up to date source found: clone directory not available or not up to date: /downloads/git2/github.com.DrTimothyAldenDavis.SuiteSparse.git; shallow clone not enabled', 'git://github.com/DrTimothyAldenDavis/SuiteSparse.git;branch=stable;protocol=https')
qualcomm-linux/meta-qcom-robotics-sdk	34916088202	3	104475120279	build-pr / iq-8275-evk/performance_full_linux-qcom-next	foundri-prd-u2404-x64-od-eph-i-01cc42ca7e7daf2e4	ip-10-185-126-27	2026-09-15T16:59:23.1096715Z	B	suitesparse-config-7.7.0-r0:do_unpack	/downloads/git2/github.com.DrTimothyAldenDavis.SuiteSparse.git;	/efsx	ERROR: suitesparse-config-7.7.0-r0 do_unpack: Bitbake Fetcher Error: UnpackError('No up to date source found: clone directory not available or not up to date: /downloads/git2/github.com.DrTimothyAldenDavis.SuiteSparse.git; shallow clone not enabled', 'git://github.com/DrTimothyAldenDavis/SuiteSparse.git;branch=stable;protocol=https')
qualcomm-linux/meta-qcom-robotics-sdk	34916088202	3	104475120178	build-pr / iq-8275-evk/performance_base_linux-qcom-next	foundri-prd-u2404-x64-od-eph-i-0b54b407d35ec3398	ip-10-185-124-236	2026-09-15T16:59:23.1195419Z	B	suitesparse-config-7.7.0-r0:do_unpack	/downloads/git2/github.com.DrTimothyAldenDavis.SuiteSparse.git;	/efsx	ERROR: suitesparse-config-7.7.0-r0 do_unpack: Bitbake Fetcher Error: UnpackError('No up to date source found: clone directory not available or not up to date: /downloads/git2/github.com.DrTimothyAldenDavis.SuiteSparse.git; shallow clone not enabled', 'git://github.com/DrTimothyAldenDavis/SuiteSparse.git;branch=stable;protocol=https')
qualcomm-linux/meta-qcom-robotics-sdk	34916088202	3	104475120178	build-pr / iq-8275-evk/performance_base_linux-qcom-next	foundri-prd-u2404-x64-od-eph-i-0b54b407d35ec3398	ip-10-185-124-236	2026-09-15T16:59:23.1195419Z	B	suitesparse-config-7.7.0-r0:do_unpack	/downloads/git2/github.com.DrTimothyAldenDavis.SuiteSparse.git;	/efsx	ERROR: suitesparse-config-7.7.0-r0 do_unpack: Bitbake Fetcher Error: UnpackError('No up to date source found: clone directory not available or not up to date: /downloads/git2/github.com.DrTimothyAldenDavis.SuiteSparse.git; shallow clone not enabled', 'git://github.com/DrTimothyAldenDavis/SuiteSparse.git;branch=stable;protocol=https')
qualcomm-linux/meta-qcom-robotics-sdk	34916088202	3	104475120178	build-pr / iq-8275-evk/performance_base_linux-qcom-next	foundri-prd-u2404-x64-od-eph-i-0b54b407d35ec3398	ip-10-185-124-236	2026-09-15T16:59:23.1200999Z	B	suitesparse-colamd-3.3.3-r0:do_unpack	/downloads/git2/github.com.DrTimothyAldenDavis.SuiteSparse.git;	/efsx	ERROR: suitesparse-colamd-3.3.3-r0 do_unpack: Bitbake Fetcher Error: UnpackError('No up to date source found: clone directory not available or not up to date: /downloads/git2/github.com.DrTimothyAldenDavis.SuiteSparse.git; shallow clone not enabled', 'git://github.com/DrTimothyAldenDavis/SuiteSparse.git;branch=stable;protocol=https')
qualcomm-linux/meta-qcom-robotics-sdk	34916088202	3	104475120178	build-pr / iq-8275-evk/performance_base_linux-qcom-next	foundri-prd-u2404-x64-od-eph-i-0b54b407d35ec3398	ip-10-185-124-236	2026-09-15T16:59:23.1200999Z	B	suitesparse-colamd-3.3.3-r0:do_unpack	/downloads/git2/github.com.DrTimothyAldenDavis.SuiteSparse.git;	/efsx	ERROR: suitesparse-colamd-3.3.3-r0 do_unpack: Bitbake Fetcher Error: UnpackError('No up to date source found: clone directory not available or not up to date: /downloads/git2/github.com.DrTimothyAldenDavis.SuiteSparse.git; shallow clone not enabled', 'git://github.com/DrTimothyAldenDavis/SuiteSparse.git;branch=stable;protocol=https')
qualcomm-linux/meta-qcom-robotics-sdk	34916088202	3	104475120279	build-pr / iq-8275-evk/performance_full_linux-qcom-next	foundri-prd-u2404-x64-od-eph-i-01cc42ca7e7daf2e4	ip-10-185-126-27	2026-09-15T16:59:23.1232573Z	B	suitesparse-colamd-3.3.3-r0:do_unpack	/downloads/git2/github.com.DrTimothyAldenDavis.SuiteSparse.git;	/efsx	ERROR: suitesparse-colamd-3.3.3-r0 do_unpack: Bitbake Fetcher Error: UnpackError('No up to date source found: clone directory not available or not up to date: /downloads/git2/github.com.DrTimothyAldenDavis.SuiteSparse.git; shallow clone not enabled', 'git://github.com/DrTimothyAldenDavis/SuiteSparse.git;branch=stable;protocol=https')
qualcomm-linux/meta-qcom-robotics-sdk	34916088202	3	104475120279	build-pr / iq-8275-evk/performance_full_linux-qcom-next	foundri-prd-u2404-x64-od-eph-i-01cc42ca7e7daf2e4	ip-10-185-126-27	2026-09-15T16:59:23.1232573Z	B	suitesparse-colamd-3.3.3-r0:do_unpack	/downloads/git2/github.com.DrTimothyAldenDavis.SuiteSparse.git;	/efsx	ERROR: suitesparse-colamd-3.3.3-r0 do_unpack: Bitbake Fetcher Error: UnpackError('No up to date source found: clone directory not available or not up to date: /downloads/git2/github.com.DrTimothyAldenDavis.SuiteSparse.git; shallow clone not enabled', 'git://github.com/DrTimothyAldenDavis/SuiteSparse.git;branch=stable;protocol=https')
qualcomm-linux/meta-qcom-robotics-sdk	34916088202	3	104475120261	build-pr / iq-9075-evk/qcom-robotics-distro_full_linux-qcom-next	foundri-prd-u2404-x64-od-eph-i-01b2fc04f3da66857	ip-10-185-124-178	2026-09-15T16:59:23.1596335Z	B	suitesparse-config-7.7.0-r0:do_unpack	/downloads/git2/github.com.DrTimothyAldenDavis.SuiteSparse.git;	/efsx	ERROR: suitesparse-config-7.7.0-r0 do_unpack: Bitbake Fetcher Error: UnpackError('No up to date source found: clone directory not available or not up to date: /downloads/git2/github.com.DrTimothyAldenDavis.SuiteSparse.git; shallow clone not enabled', 'git://github.com/DrTimothyAldenDavis/SuiteSparse.git;branch=stable;protocol=https')
qualcomm-linux/meta-qcom-robotics-sdk	34916088202	3	104475120261	build-pr / iq-9075-evk/qcom-robotics-distro_full_linux-qcom-next	foundri-prd-u2404-x64-od-eph-i-01b2fc04f3da66857	ip-10-185-124-178	2026-09-15T16:59:23.1596335Z	B	suitesparse-config-7.7.0-r0:do_unpack	/downloads/git2/github.com.DrTimothyAldenDavis.SuiteSparse.git;	/efsx	ERROR: suitesparse-config-7.7.0-r0 do_unpack: Bitbake Fetcher Error: UnpackError('No up to date source found: clone directory not available or not up to date: /downloads/git2/github.com.DrTimothyAldenDavis.SuiteSparse.git; shallow clone not enabled', 'git://github.com/DrTimothyAldenDavis/SuiteSparse.git;branch=stable;protocol=https')
qualcomm-linux/meta-qcom-robotics-sdk	34916088202	3	104475120279	build-pr / iq-8275-evk/performance_full_linux-qcom-next	foundri-prd-u2404-x64-od-eph-i-01cc42ca7e7daf2e4	ip-10-185-126-27	2026-09-15T16:59:41.6832361Z	B	suitesparse-amd-3.3.2-r0:do_unpack	/downloads/git2/github.com.DrTimothyAldenDavis.SuiteSparse.git;	/efsx	ERROR: suitesparse-amd-3.3.2-r0 do_unpack: Bitbake Fetcher Error: UnpackError('No up to date source found: clone directory not available or not up to date: /downloads/git2/github.com.DrTimothyAldenDavis.SuiteSparse.git; shallow clone not enabled', 'git://github.com/DrTimothyAldenDavis/SuiteSparse.git;branch=stable;protocol=https')
qualcomm-linux/meta-qcom-robotics-sdk	34916088202	3	104475120279	build-pr / iq-8275-evk/performance_full_linux-qcom-next	foundri-prd-u2404-x64-od-eph-i-01cc42ca7e7daf2e4	ip-10-185-126-27	2026-09-15T16:59:41.6832361Z	B	suitesparse-amd-3.3.2-r0:do_unpack	/downloads/git2/github.com.DrTimothyAldenDavis.SuiteSparse.git;	/efsx	ERROR: suitesparse-amd-3.3.2-r0 do_unpack: Bitbake Fetcher Error: UnpackError('No up to date source found: clone directory not available or not up to date: /downloads/git2/github.com.DrTimothyAldenDavis.SuiteSparse.git; shallow clone not enabled', 'git://github.com/DrTimothyAldenDavis/SuiteSparse.git;branch=stable;protocol=https')
qualcomm-linux/meta-qcom-robotics-sdk	34916088202	3	104475120240	build-pr / iq-9075-evk/debug_base_linux-qcom-next	foundri-prd-u2404-x64-od-eph-i-046cf2f9ec237e181	ip-10-185-120-149	2026-09-15T17:00:39.1222378Z	B	suitesparse-config-7.7.0-r0:do_unpack	/downloads/git2/github.com.DrTimothyAldenDavis.SuiteSparse.git;	/efsx	ERROR: suitesparse-config-7.7.0-r0 do_unpack: Bitbake Fetcher Error: UnpackError('No up to date source found: clone directory not available or not up to date: /downloads/git2/github.com.DrTimothyAldenDavis.SuiteSparse.git; shallow clone not enabled', 'git://github.com/DrTimothyAldenDavis/SuiteSparse.git;branch=stable;protocol=https')
qualcomm-linux/meta-qcom-robotics-sdk	34916088202	3	104475120240	build-pr / iq-9075-evk/debug_base_linux-qcom-next	foundri-prd-u2404-x64-od-eph-i-046cf2f9ec237e181	ip-10-185-120-149	2026-09-15T17:00:39.1222378Z	B	suitesparse-config-7.7.0-r0:do_unpack	/downloads/git2/github.com.DrTimothyAldenDavis.SuiteSparse.git;	/efsx	ERROR: suitesparse-config-7.7.0-r0 do_unpack: Bitbake Fetcher Error: UnpackError('No up to date source found: clone directory not available or not up to date: /downloads/git2/github.com.DrTimothyAldenDavis.SuiteSparse.git; shallow clone not enabled', 'git://github.com/DrTimothyAldenDavis/SuiteSparse.git;branch=stable;protocol=https')
qualcomm-linux/meta-qcom-robotics-sdk	34916088202	3	104475120423	build-pr / iq-9075-evk/qcom-robotics-distro_base_linux-qcom-next	foundri-prd-u2404-x64-od-eph-i-0f3502f1eb051ca0a	ip-10-185-123-138	2026-09-15T17:01:31.3050107Z	B	suitesparse-config-7.7.0-r0:do_unpack	/downloads/git2/github.com.DrTimothyAldenDavis.SuiteSparse.git;	/efsx	ERROR: suitesparse-config-7.7.0-r0 do_unpack: Bitbake Fetcher Error: UnpackError('No up to date source found: clone directory not available or not up to date: /downloads/git2/github.com.DrTimothyAldenDavis.SuiteSparse.git; shallow clone not enabled', 'git://github.com/DrTimothyAldenDavis/SuiteSparse.git;branch=stable;protocol=https')
qualcomm-linux/meta-qcom-robotics-sdk	34916088202	3	104475120423	build-pr / iq-9075-evk/qcom-robotics-distro_base_linux-qcom-next	foundri-prd-u2404-x64-od-eph-i-0f3502f1eb051ca0a	ip-10-185-123-138	2026-09-15T17:01:31.3050107Z	B	suitesparse-config-7.7.0-r0:do_unpack	/downloads/git2/github.com.DrTimothyAldenDavis.SuiteSparse.git;	/efsx	ERROR: suitesparse-config-7.7.0-r0 do_unpack: Bitbake Fetcher Error: UnpackError('No up to date source found: clone directory not available or not up to date: /downloads/git2/github.com.DrTimothyAldenDavis.SuiteSparse.git; shallow clone not enabled', 'git://github.com/DrTimothyAldenDavis/SuiteSparse.git;branch=stable;protocol=https')
qualcomm-linux/meta-qcom-robotics-sdk	34916088202	3	104475120297	build-pr / iq-9075-evk/performance_base_linux-qcom-next	foundri-prd-u2404-x64-od-eph-i-0b90e97fe9d059be1	ip-10-185-114-248	2026-09-15T18:25:32.7346710Z	B	opencv-4.14.0-r0:do_fetch		/efsx	ERROR: opencv-4.14.0-r0 do_fetch: Fetcher failure: Unable to find revision 34e4206aef44d50e6bbcd0ab06354b52e7466d26 in branch contrib_xfeatures2d_boostdesc_20161012 even from upstream
qualcomm-linux/meta-qcom-robotics-sdk	34916088202	3	104475120297	build-pr / iq-9075-evk/performance_base_linux-qcom-next	foundri-prd-u2404-x64-od-eph-i-0b90e97fe9d059be1	ip-10-185-114-248	2026-09-15T18:25:32.7346710Z	B	opencv-4.14.0-r0:do_fetch		/efsx	ERROR: opencv-4.14.0-r0 do_fetch: Fetcher failure: Unable to find revision 34e4206aef44d50e6bbcd0ab06354b52e7466d26 in branch contrib_xfeatures2d_boostdesc_20161012 even from upstream
qualcomm-linux/meta-qcom-robotics-sdk	34916088202	4	104516455262	build-pr / iq-9075-evk/qcom-robotics-distro-catchall_base_linux-qcom-next	foundri-prd-u2404-x64-od-eph-i-0e7c942d9492e0e08	ip-10-185-125-143	2026-09-15T18:54:11.6518860Z	B	suitesparse-config-7.7.0-r0:do_unpack	/downloads/git2/github.com.DrTimothyAldenDavis.SuiteSparse.git;	/efsx	ERROR: suitesparse-config-7.7.0-r0 do_unpack: Bitbake Fetcher Error: UnpackError('No up to date source found: clone directory not available or not up to date: /downloads/git2/github.com.DrTimothyAldenDavis.SuiteSparse.git; shallow clone not enabled', 'git://github.com/DrTimothyAldenDavis/SuiteSparse.git;branch=stable;protocol=https')
qualcomm-linux/meta-qcom-robotics-sdk	34916088202	4	104516455262	build-pr / iq-9075-evk/qcom-robotics-distro-catchall_base_linux-qcom-next	foundri-prd-u2404-x64-od-eph-i-0e7c942d9492e0e08	ip-10-185-125-143	2026-09-15T18:54:11.6518860Z	B	suitesparse-config-7.7.0-r0:do_unpack	/downloads/git2/github.com.DrTimothyAldenDavis.SuiteSparse.git;	/efsx	ERROR: suitesparse-config-7.7.0-r0 do_unpack: Bitbake Fetcher Error: UnpackError('No up to date source found: clone directory not available or not up to date: /downloads/git2/github.com.DrTimothyAldenDavis.SuiteSparse.git; shallow clone not enabled', 'git://github.com/DrTimothyAldenDavis/SuiteSparse.git;branch=stable;protocol=https')
qualcomm-linux/meta-qcom-robotics-sdk	34916088202	4	104516455277	build-pr / iq-9075-evk/performance_full_linux-qcom-next	foundri-prd-u2404-x64-od-eph-i-0a6b92fcca0cac368	ip-10-185-114-6	2026-09-15T18:54:44.2752594Z	B	suitesparse-colamd-3.3.3-r0:do_unpack	/downloads/git2/github.com.DrTimothyAldenDavis.SuiteSparse.git;	/efsx	ERROR: suitesparse-colamd-3.3.3-r0 do_unpack: Bitbake Fetcher Error: UnpackError('No up to date source found: clone directory not available or not up to date: /downloads/git2/github.com.DrTimothyAldenDavis.SuiteSparse.git; shallow clone not enabled', 'git://github.com/DrTimothyAldenDavis/SuiteSparse.git;branch=stable;protocol=https')
qualcomm-linux/meta-qcom-robotics-sdk	34916088202	4	104516455277	build-pr / iq-9075-evk/performance_full_linux-qcom-next	foundri-prd-u2404-x64-od-eph-i-0a6b92fcca0cac368	ip-10-185-114-6	2026-09-15T18:54:44.2752594Z	B	suitesparse-colamd-3.3.3-r0:do_unpack	/downloads/git2/github.com.DrTimothyAldenDavis.SuiteSparse.git;	/efsx	ERROR: suitesparse-colamd-3.3.3-r0 do_unpack: Bitbake Fetcher Error: UnpackError('No up to date source found: clone directory not available or not up to date: /downloads/git2/github.com.DrTimothyAldenDavis.SuiteSparse.git; shallow clone not enabled', 'git://github.com/DrTimothyAldenDavis/SuiteSparse.git;branch=stable;protocol=https')
qualcomm-linux/meta-qcom-robotics-sdk	34916088202	4	104516455277	build-pr / iq-9075-evk/performance_full_linux-qcom-next	foundri-prd-u2404-x64-od-eph-i-0a6b92fcca0cac368	ip-10-185-114-6	2026-09-15T18:54:44.2758257Z	B	suitesparse-config-7.7.0-r0:do_unpack	/downloads/git2/github.com.DrTimothyAldenDavis.SuiteSparse.git;	/efsx	ERROR: suitesparse-config-7.7.0-r0 do_unpack: Bitbake Fetcher Error: UnpackError('No up to date source found: clone directory not available or not up to date: /downloads/git2/github.com.DrTimothyAldenDavis.SuiteSparse.git; shallow clone not enabled', 'git://github.com/DrTimothyAldenDavis/SuiteSparse.git;branch=stable;protocol=https')
qualcomm-linux/meta-qcom-robotics-sdk	34916088202	4	104516455277	build-pr / iq-9075-evk/performance_full_linux-qcom-next	foundri-prd-u2404-x64-od-eph-i-0a6b92fcca0cac368	ip-10-185-114-6	2026-09-15T18:54:44.2758257Z	B	suitesparse-config-7.7.0-r0:do_unpack	/downloads/git2/github.com.DrTimothyAldenDavis.SuiteSparse.git;	/efsx	ERROR: suitesparse-config-7.7.0-r0 do_unpack: Bitbake Fetcher Error: UnpackError('No up to date source found: clone directory not available or not up to date: /downloads/git2/github.com.DrTimothyAldenDavis.SuiteSparse.git; shallow clone not enabled', 'git://github.com/DrTimothyAldenDavis/SuiteSparse.git;branch=stable;protocol=https')
qualcomm-linux/meta-qcom-robotics-sdk	34916088202	4	104516455277	build-pr / iq-9075-evk/performance_full_linux-qcom-next	foundri-prd-u2404-x64-od-eph-i-0a6b92fcca0cac368	ip-10-185-114-6	2026-09-15T18:54:50.6669011Z	B	suitesparse-amd-3.3.2-r0:do_unpack	/downloads/git2/github.com.DrTimothyAldenDavis.SuiteSparse.git;	/efsx	ERROR: suitesparse-amd-3.3.2-r0 do_unpack: Bitbake Fetcher Error: UnpackError('No up to date source found: clone directory not available or not up to date: /downloads/git2/github.com.DrTimothyAldenDavis.SuiteSparse.git; shallow clone not enabled', 'git://github.com/DrTimothyAldenDavis/SuiteSparse.git;branch=stable;protocol=https')
qualcomm-linux/meta-qcom-robotics-sdk	34916088202	4	104516455277	build-pr / iq-9075-evk/performance_full_linux-qcom-next	foundri-prd-u2404-x64-od-eph-i-0a6b92fcca0cac368	ip-10-185-114-6	2026-09-15T18:54:50.6669011Z	B	suitesparse-amd-3.3.2-r0:do_unpack	/downloads/git2/github.com.DrTimothyAldenDavis.SuiteSparse.git;	/efsx	ERROR: suitesparse-amd-3.3.2-r0 do_unpack: Bitbake Fetcher Error: UnpackError('No up to date source found: clone directory not available or not up to date: /downloads/git2/github.com.DrTimothyAldenDavis.SuiteSparse.git; shallow clone not enabled', 'git://github.com/DrTimothyAldenDavis/SuiteSparse.git;branch=stable;protocol=https')
qualcomm-linux/meta-qcom-robotics-sdk	34916088202	4	104516454993	build-pr / iq-8275-evk/qcom-robotics-distro-catchall_base_linux-qcom-next	foundri-prd-u2404-x64-od-eph-i-0983d5dbef76f639b	ip-10-185-120-50	2026-09-15T18:55:08.8450931Z	B	suitesparse-config-7.7.0-r0:do_unpack	/downloads/git2/github.com.DrTimothyAldenDavis.SuiteSparse.git;	/efsx	ERROR: suitesparse-config-7.7.0-r0 do_unpack: Bitbake Fetcher Error: UnpackError('No up to date source found: clone directory not available or not up to date: /downloads/git2/github.com.DrTimothyAldenDavis.SuiteSparse.git; shallow clone not enabled', 'git://github.com/DrTimothyAldenDavis/SuiteSparse.git;branch=stable;protocol=https')
qualcomm-linux/meta-qcom-robotics-sdk	34916088202	4	104516454993	build-pr / iq-8275-evk/qcom-robotics-distro-catchall_base_linux-qcom-next	foundri-prd-u2404-x64-od-eph-i-0983d5dbef76f639b	ip-10-185-120-50	2026-09-15T18:55:08.8450931Z	B	suitesparse-config-7.7.0-r0:do_unpack	/downloads/git2/github.com.DrTimothyAldenDavis.SuiteSparse.git;	/efsx	ERROR: suitesparse-config-7.7.0-r0 do_unpack: Bitbake Fetcher Error: UnpackError('No up to date source found: clone directory not available or not up to date: /downloads/git2/github.com.DrTimothyAldenDavis.SuiteSparse.git; shallow clone not enabled', 'git://github.com/DrTimothyAldenDavis/SuiteSparse.git;branch=stable;protocol=https')
qualcomm-linux/meta-qcom-robotics-sdk	34916088202	4	104516454958	build-pr / iq-8275-evk/debug_full_linux-qcom-next	foundri-prd-u2404-x64-od-eph-i-0cff908855353023a	ip-10-185-112-144	2026-09-15T18:55:52.4862030Z	B	suitesparse-config-7.7.0-r0:do_unpack	/downloads/git2/github.com.DrTimothyAldenDavis.SuiteSparse.git;	/efsx	ERROR: suitesparse-config-7.7.0-r0 do_unpack: Bitbake Fetcher Error: UnpackError('No up to date source found: clone directory not available or not up to date: /downloads/git2/github.com.DrTimothyAldenDavis.SuiteSparse.git; shallow clone not enabled', 'git://github.com/DrTimothyAldenDavis/SuiteSparse.git;branch=stable;protocol=https')
qualcomm-linux/meta-qcom-robotics-sdk	34916088202	4	104516454958	build-pr / iq-8275-evk/debug_full_linux-qcom-next	foundri-prd-u2404-x64-od-eph-i-0cff908855353023a	ip-10-185-112-144	2026-09-15T18:55:52.4862030Z	B	suitesparse-config-7.7.0-r0:do_unpack	/downloads/git2/github.com.DrTimothyAldenDavis.SuiteSparse.git;	/efsx	ERROR: suitesparse-config-7.7.0-r0 do_unpack: Bitbake Fetcher Error: UnpackError('No up to date source found: clone directory not available or not up to date: /downloads/git2/github.com.DrTimothyAldenDavis.SuiteSparse.git; shallow clone not enabled', 'git://github.com/DrTimothyAldenDavis/SuiteSparse.git;branch=stable;protocol=https')
qualcomm-linux/meta-qcom-robotics-sdk	34916088202	4	104516454918	build-pr / iq-8275-evk/qcom-robotics-distro_base_linux-qcom-next	foundri-prd-u2404-x64-od-eph-i-0b9214cb50b1d46ce	ip-10-185-119-47	2026-09-15T18:55:52.5228604Z	B	suitesparse-config-7.7.0-r0:do_unpack	/downloads/git2/github.com.DrTimothyAldenDavis.SuiteSparse.git;	/efsx	ERROR: suitesparse-config-7.7.0-r0 do_unpack: Bitbake Fetcher Error: UnpackError('No up to date source found: clone directory not available or not up to date: /downloads/git2/github.com.DrTimothyAldenDavis.SuiteSparse.git; shallow clone not enabled', 'git://github.com/DrTimothyAldenDavis/SuiteSparse.git;branch=stable;protocol=https')
qualcomm-linux/meta-qcom-robotics-sdk	34916088202	4	104516454918	build-pr / iq-8275-evk/qcom-robotics-distro_base_linux-qcom-next	foundri-prd-u2404-x64-od-eph-i-0b9214cb50b1d46ce	ip-10-185-119-47	2026-09-15T18:55:52.5228604Z	B	suitesparse-config-7.7.0-r0:do_unpack	/downloads/git2/github.com.DrTimothyAldenDavis.SuiteSparse.git;	/efsx	ERROR: suitesparse-config-7.7.0-r0 do_unpack: Bitbake Fetcher Error: UnpackError('No up to date source found: clone directory not available or not up to date: /downloads/git2/github.com.DrTimothyAldenDavis.SuiteSparse.git; shallow clone not enabled', 'git://github.com/DrTimothyAldenDavis/SuiteSparse.git;branch=stable;protocol=https')
qualcomm-linux/meta-qcom-robotics-sdk	34916088202	4	104516455191	build-pr / iq-8275-evk/performance_full_linux-qcom-next	foundri-prd-u2404-x64-od-eph-i-0c3ad34587091e977	ip-10-185-118-194	2026-09-15T18:55:52.5947311Z	B	suitesparse-config-7.7.0-r0:do_unpack	/downloads/git2/github.com.DrTimothyAldenDavis.SuiteSparse.git;	/efsx	ERROR: suitesparse-config-7.7.0-r0 do_unpack: Bitbake Fetcher Error: UnpackError('No up to date source found: clone directory not available or not up to date: /downloads/git2/github.com.DrTimothyAldenDavis.SuiteSparse.git; shallow clone not enabled', 'git://github.com/DrTimothyAldenDavis/SuiteSparse.git;branch=stable;protocol=https')
qualcomm-linux/meta-qcom-robotics-sdk	34916088202	4	104516455191	build-pr / iq-8275-evk/performance_full_linux-qcom-next	foundri-prd-u2404-x64-od-eph-i-0c3ad34587091e977	ip-10-185-118-194	2026-09-15T18:55:52.5947311Z	B	suitesparse-config-7.7.0-r0:do_unpack	/downloads/git2/github.com.DrTimothyAldenDavis.SuiteSparse.git;	/efsx	ERROR: suitesparse-config-7.7.0-r0 do_unpack: Bitbake Fetcher Error: UnpackError('No up to date source found: clone directory not available or not up to date: /downloads/git2/github.com.DrTimothyAldenDavis.SuiteSparse.git; shallow clone not enabled', 'git://github.com/DrTimothyAldenDavis/SuiteSparse.git;branch=stable;protocol=https')
qualcomm-linux/meta-qcom-robotics-sdk	34916088202	4	104516455093	build-pr / iq-9075-evk/qcom-robotics-distro-catchall_full_linux-qcom-next	foundri-prd-u2404-x64-od-eph-i-054e411a12828c7c9	ip-10-185-116-187	2026-09-15T18:56:48.4252921Z	B	suitesparse-amd-3.3.2-r0:do_unpack	/downloads/git2/github.com.DrTimothyAldenDavis.SuiteSparse.git;	/efsx	ERROR: suitesparse-amd-3.3.2-r0 do_unpack: Bitbake Fetcher Error: UnpackError('No up to date source found: clone directory not available or not up to date: /downloads/git2/github.com.DrTimothyAldenDavis.SuiteSparse.git; shallow clone not enabled', 'git://github.com/DrTimothyAldenDavis/SuiteSparse.git;branch=stable;protocol=https')
qualcomm-linux/meta-qcom-robotics-sdk	34916088202	4	104516455093	build-pr / iq-9075-evk/qcom-robotics-distro-catchall_full_linux-qcom-next	foundri-prd-u2404-x64-od-eph-i-054e411a12828c7c9	ip-10-185-116-187	2026-09-15T18:56:48.4252921Z	B	suitesparse-amd-3.3.2-r0:do_unpack	/downloads/git2/github.com.DrTimothyAldenDavis.SuiteSparse.git;	/efsx	ERROR: suitesparse-amd-3.3.2-r0 do_unpack: Bitbake Fetcher Error: UnpackError('No up to date source found: clone directory not available or not up to date: /downloads/git2/github.com.DrTimothyAldenDavis.SuiteSparse.git; shallow clone not enabled', 'git://github.com/DrTimothyAldenDavis/SuiteSparse.git;branch=stable;protocol=https')
qualcomm-linux/meta-qcom-robotics-sdk	34916088202	4	104516455202	build-pr / iq-9075-evk/performance_base_linux-qcom-next	foundri-prd-u2404-x64-od-eph-i-0f2d796ea1f789c03	ip-10-185-117-12	2026-09-15T18:57:26.4979494Z	B	suitesparse-config-7.7.0-r0:do_unpack	/downloads/git2/github.com.DrTimothyAldenDavis.SuiteSparse.git;	/efsx	ERROR: suitesparse-config-7.7.0-r0 do_unpack: Bitbake Fetcher Error: UnpackError('No up to date source found: clone directory not available or not up to date: /downloads/git2/github.com.DrTimothyAldenDavis.SuiteSparse.git; shallow clone not enabled', 'git://github.com/DrTimothyAldenDavis/SuiteSparse.git;branch=stable;protocol=https')
qualcomm-linux/meta-qcom-robotics-sdk	34916088202	4	104516455202	build-pr / iq-9075-evk/performance_base_linux-qcom-next	foundri-prd-u2404-x64-od-eph-i-0f2d796ea1f789c03	ip-10-185-117-12	2026-09-15T18:57:26.4979494Z	B	suitesparse-config-7.7.0-r0:do_unpack	/downloads/git2/github.com.DrTimothyAldenDavis.SuiteSparse.git;	/efsx	ERROR: suitesparse-config-7.7.0-r0 do_unpack: Bitbake Fetcher Error: UnpackError('No up to date source found: clone directory not available or not up to date: /downloads/git2/github.com.DrTimothyAldenDavis.SuiteSparse.git; shallow clone not enabled', 'git://github.com/DrTimothyAldenDavis/SuiteSparse.git;branch=stable;protocol=https')
qualcomm-linux/meta-qcom-robotics-sdk	34916088202	4	104516455202	build-pr / iq-9075-evk/performance_base_linux-qcom-next	foundri-prd-u2404-x64-od-eph-i-0f2d796ea1f789c03	ip-10-185-117-12	2026-09-15T18:57:26.4983738Z	B	suitesparse-colamd-3.3.3-r0:do_unpack	/downloads/git2/github.com.DrTimothyAldenDavis.SuiteSparse.git;	/efsx	ERROR: suitesparse-colamd-3.3.3-r0 do_unpack: Bitbake Fetcher Error: UnpackError('No up to date source found: clone directory not available or not up to date: /downloads/git2/github.com.DrTimothyAldenDavis.SuiteSparse.git; shallow clone not enabled', 'git://github.com/DrTimothyAldenDavis/SuiteSparse.git;branch=stable;protocol=https')
qualcomm-linux/meta-qcom-robotics-sdk	34916088202	4	104516455202	build-pr / iq-9075-evk/performance_base_linux-qcom-next	foundri-prd-u2404-x64-od-eph-i-0f2d796ea1f789c03	ip-10-185-117-12	2026-09-15T18:57:26.4983738Z	B	suitesparse-colamd-3.3.3-r0:do_unpack	/downloads/git2/github.com.DrTimothyAldenDavis.SuiteSparse.git;	/efsx	ERROR: suitesparse-colamd-3.3.3-r0 do_unpack: Bitbake Fetcher Error: UnpackError('No up to date source found: clone directory not available or not up to date: /downloads/git2/github.com.DrTimothyAldenDavis.SuiteSparse.git; shallow clone not enabled', 'git://github.com/DrTimothyAldenDavis/SuiteSparse.git;branch=stable;protocol=https')
qualcomm-linux/meta-qcom-robotics-sdk	34916088202	4	104516455093	build-pr / iq-9075-evk/qcom-robotics-distro-catchall_full_linux-qcom-next	foundri-prd-u2404-x64-od-eph-i-054e411a12828c7c9	ip-10-185-116-187	2026-09-15T18:57:26.6010820Z	B	suitesparse-config-7.7.0-r0:do_unpack	/downloads/git2/github.com.DrTimothyAldenDavis.SuiteSparse.git;	/efsx	ERROR: suitesparse-config-7.7.0-r0 do_unpack: Bitbake Fetcher Error: UnpackError('No up to date source found: clone directory not available or not up to date: /downloads/git2/github.com.DrTimothyAldenDavis.SuiteSparse.git; shallow clone not enabled', 'git://github.com/DrTimothyAldenDavis/SuiteSparse.git;branch=stable;protocol=https')
qualcomm-linux/meta-qcom-robotics-sdk	34916088202	4	104516455093	build-pr / iq-9075-evk/qcom-robotics-distro-catchall_full_linux-qcom-next	foundri-prd-u2404-x64-od-eph-i-054e411a12828c7c9	ip-10-185-116-187	2026-09-15T18:57:26.6010820Z	B	suitesparse-config-7.7.0-r0:do_unpack	/downloads/git2/github.com.DrTimothyAldenDavis.SuiteSparse.git;	/efsx	ERROR: suitesparse-config-7.7.0-r0 do_unpack: Bitbake Fetcher Error: UnpackError('No up to date source found: clone directory not available or not up to date: /downloads/git2/github.com.DrTimothyAldenDavis.SuiteSparse.git; shallow clone not enabled', 'git://github.com/DrTimothyAldenDavis/SuiteSparse.git;branch=stable;protocol=https')
qualcomm-linux/meta-qcom-robotics-sdk	34916088202	4	104516455093	build-pr / iq-9075-evk/qcom-robotics-distro-catchall_full_linux-qcom-next	foundri-prd-u2404-x64-od-eph-i-054e411a12828c7c9	ip-10-185-116-187	2026-09-15T18:57:37.1492610Z	B	suitesparse-colamd-3.3.3-r0:do_unpack	/downloads/git2/github.com.DrTimothyAldenDavis.SuiteSparse.git;	/efsx	ERROR: suitesparse-colamd-3.3.3-r0 do_unpack: Bitbake Fetcher Error: UnpackError('No up to date source found: clone directory not available or not up to date: /downloads/git2/github.com.DrTimothyAldenDavis.SuiteSparse.git; shallow clone not enabled', 'git://github.com/DrTimothyAldenDavis/SuiteSparse.git;branch=stable;protocol=https')
qualcomm-linux/meta-qcom-robotics-sdk	34916088202	4	104516455093	build-pr / iq-9075-evk/qcom-robotics-distro-catchall_full_linux-qcom-next	foundri-prd-u2404-x64-od-eph-i-054e411a12828c7c9	ip-10-185-116-187	2026-09-15T18:57:37.1492610Z	B	suitesparse-colamd-3.3.3-r0:do_unpack	/downloads/git2/github.com.DrTimothyAldenDavis.SuiteSparse.git;	/efsx	ERROR: suitesparse-colamd-3.3.3-r0 do_unpack: Bitbake Fetcher Error: UnpackError('No up to date source found: clone directory not available or not up to date: /downloads/git2/github.com.DrTimothyAldenDavis.SuiteSparse.git; shallow clone not enabled', 'git://github.com/DrTimothyAldenDavis/SuiteSparse.git;branch=stable;protocol=https')
qualcomm-linux/meta-qcom-robotics-sdk	34916088202	4	104516455355	build-pr / iq-8275-evk/qcom-robotics-distro-catchall_full_linux-qcom-next	foundri-prd-u2404-x64-od-eph-i-085dccdf8161713d1	ip-10-185-124-69	2026-09-15T18:58:54.0371067Z	B	suitesparse-config-7.7.0-r0:do_unpack	/downloads/git2/github.com.DrTimothyAldenDavis.SuiteSparse.git;	/efsx	ERROR: suitesparse-config-7.7.0-r0 do_unpack: Bitbake Fetcher Error: UnpackError('No up to date source found: clone directory not available or not up to date: /downloads/git2/github.com.DrTimothyAldenDavis.SuiteSparse.git; shallow clone not enabled', 'git://github.com/DrTimothyAldenDavis/SuiteSparse.git;branch=stable;protocol=https')
qualcomm-linux/meta-qcom-robotics-sdk	34916088202	4	104516455355	build-pr / iq-8275-evk/qcom-robotics-distro-catchall_full_linux-qcom-next	foundri-prd-u2404-x64-od-eph-i-085dccdf8161713d1	ip-10-185-124-69	2026-09-15T18:58:54.0371067Z	B	suitesparse-config-7.7.0-r0:do_unpack	/downloads/git2/github.com.DrTimothyAldenDavis.SuiteSparse.git;	/efsx	ERROR: suitesparse-config-7.7.0-r0 do_unpack: Bitbake Fetcher Error: UnpackError('No up to date source found: clone directory not available or not up to date: /downloads/git2/github.com.DrTimothyAldenDavis.SuiteSparse.git; shallow clone not enabled', 'git://github.com/DrTimothyAldenDavis/SuiteSparse.git;branch=stable;protocol=https')
qualcomm-linux/meta-qcom-robotics-sdk	34916088202	4	104516455112	build-pr / iq-9075-evk/debug_base_linux-qcom-next	foundri-prd-u2404-x64-od-eph-i-0785642f1c472e616	ip-10-185-127-82	2026-09-15T18:59:17.0335686Z	B	suitesparse-config-7.7.0-r0:do_unpack	/downloads/git2/github.com.DrTimothyAldenDavis.SuiteSparse.git;	/efsx	ERROR: suitesparse-config-7.7.0-r0 do_unpack: Bitbake Fetcher Error: UnpackError('No up to date source found: clone directory not available or not up to date: /downloads/git2/github.com.DrTimothyAldenDavis.SuiteSparse.git; shallow clone not enabled', 'git://github.com/DrTimothyAldenDavis/SuiteSparse.git;branch=stable;protocol=https')
qualcomm-linux/meta-qcom-robotics-sdk	34916088202	4	104516455112	build-pr / iq-9075-evk/debug_base_linux-qcom-next	foundri-prd-u2404-x64-od-eph-i-0785642f1c472e616	ip-10-185-127-82	2026-09-15T18:59:17.0335686Z	B	suitesparse-config-7.7.0-r0:do_unpack	/downloads/git2/github.com.DrTimothyAldenDavis.SuiteSparse.git;	/efsx	ERROR: suitesparse-config-7.7.0-r0 do_unpack: Bitbake Fetcher Error: UnpackError('No up to date source found: clone directory not available or not up to date: /downloads/git2/github.com.DrTimothyAldenDavis.SuiteSparse.git; shallow clone not enabled', 'git://github.com/DrTimothyAldenDavis/SuiteSparse.git;branch=stable;protocol=https')
qualcomm-linux/meta-qcom-robotics-sdk	34916088202	4	104516455109	build-pr / iq-9075-evk/qcom-robotics-distro_full_linux-qcom-next	foundri-prd-u2404-x64-od-eph-i-0ada2836e0c35c231	ip-10-185-119-20	2026-09-15T18:59:17.0497033Z	B	suitesparse-config-7.7.0-r0:do_unpack	/downloads/git2/github.com.DrTimothyAldenDavis.SuiteSparse.git;	/efsx	ERROR: suitesparse-config-7.7.0-r0 do_unpack: Bitbake Fetcher Error: UnpackError('No up to date source found: clone directory not available or not up to date: /downloads/git2/github.com.DrTimothyAldenDavis.SuiteSparse.git; shallow clone not enabled', 'git://github.com/DrTimothyAldenDavis/SuiteSparse.git;branch=stable;protocol=https')
qualcomm-linux/meta-qcom-robotics-sdk	34916088202	4	104516455109	build-pr / iq-9075-evk/qcom-robotics-distro_full_linux-qcom-next	foundri-prd-u2404-x64-od-eph-i-0ada2836e0c35c231	ip-10-185-119-20	2026-09-15T18:59:17.0497033Z	B	suitesparse-config-7.7.0-r0:do_unpack	/downloads/git2/github.com.DrTimothyAldenDavis.SuiteSparse.git;	/efsx	ERROR: suitesparse-config-7.7.0-r0 do_unpack: Bitbake Fetcher Error: UnpackError('No up to date source found: clone directory not available or not up to date: /downloads/git2/github.com.DrTimothyAldenDavis.SuiteSparse.git; shallow clone not enabled', 'git://github.com/DrTimothyAldenDavis/SuiteSparse.git;branch=stable;protocol=https')
qualcomm-linux/meta-qcom-robotics-sdk	34916088202	4	104516455257	build-pr / iq-9075-evk/qcom-robotics-distro_base_linux-qcom-next	foundri-prd-u2404-x64-od-eph-i-080dc317689bbb21a	ip-10-185-127-183	2026-09-15T18:59:55.3307958Z	B	suitesparse-config-7.7.0-r0:do_unpack	/downloads/git2/github.com.DrTimothyAldenDavis.SuiteSparse.git;	/efsx	ERROR: suitesparse-config-7.7.0-r0 do_unpack: Bitbake Fetcher Error: UnpackError('No up to date source found: clone directory not available or not up to date: /downloads/git2/github.com.DrTimothyAldenDavis.SuiteSparse.git; shallow clone not enabled', 'git://github.com/DrTimothyAldenDavis/SuiteSparse.git;branch=stable;protocol=https')
qualcomm-linux/meta-qcom-robotics-sdk	34916088202	4	104516455257	build-pr / iq-9075-evk/qcom-robotics-distro_base_linux-qcom-next	foundri-prd-u2404-x64-od-eph-i-080dc317689bbb21a	ip-10-185-127-183	2026-09-15T18:59:55.3307958Z	B	suitesparse-config-7.7.0-r0:do_unpack	/downloads/git2/github.com.DrTimothyAldenDavis.SuiteSparse.git;	/efsx	ERROR: suitesparse-config-7.7.0-r0 do_unpack: Bitbake Fetcher Error: UnpackError('No up to date source found: clone directory not available or not up to date: /downloads/git2/github.com.DrTimothyAldenDavis.SuiteSparse.git; shallow clone not enabled', 'git://github.com/DrTimothyAldenDavis/SuiteSparse.git;branch=stable;protocol=https')
qualcomm-linux/meta-qcom-robotics-sdk	34916088202	4	104516454944	build-pr / iq-8275-evk/debug_base_linux-qcom-next	foundri-prd-u2404-x64-od-eph-i-0b534a0b531bc4996	ip-10-185-118-233	2026-09-15T19:01:10.7641727Z	B	suitesparse-config-7.7.0-r0:do_unpack	/downloads/git2/github.com.DrTimothyAldenDavis.SuiteSparse.git;	/efsx	ERROR: suitesparse-config-7.7.0-r0 do_unpack: Bitbake Fetcher Error: UnpackError('No up to date source found: clone directory not available or not up to date: /downloads/git2/github.com.DrTimothyAldenDavis.SuiteSparse.git; shallow clone not enabled', 'git://github.com/DrTimothyAldenDavis/SuiteSparse.git;branch=stable;protocol=https')
qualcomm-linux/meta-qcom-robotics-sdk	34916088202	4	104516454944	build-pr / iq-8275-evk/debug_base_linux-qcom-next	foundri-prd-u2404-x64-od-eph-i-0b534a0b531bc4996	ip-10-185-118-233	2026-09-15T19:01:10.7641727Z	B	suitesparse-config-7.7.0-r0:do_unpack	/downloads/git2/github.com.DrTimothyAldenDavis.SuiteSparse.git;	/efsx	ERROR: suitesparse-config-7.7.0-r0 do_unpack: Bitbake Fetcher Error: UnpackError('No up to date source found: clone directory not available or not up to date: /downloads/git2/github.com.DrTimothyAldenDavis.SuiteSparse.git; shallow clone not enabled', 'git://github.com/DrTimothyAldenDavis/SuiteSparse.git;branch=stable;protocol=https')
qualcomm-linux/meta-qcom-robotics-sdk	34916088202	4	104516455361	build-pr / iq-8275-evk/qcom-robotics-distro_full_linux-qcom-next	foundri-prd-u2404-x64-od-eph-i-0613ecc832e0668b3	ip-10-185-126-252	2026-09-15T19:01:31.8906575Z	B	suitesparse-config-7.7.0-r0:do_unpack	/downloads/git2/github.com.DrTimothyAldenDavis.SuiteSparse.git;	/efsx	ERROR: suitesparse-config-7.7.0-r0 do_unpack: Bitbake Fetcher Error: UnpackError('No up to date source found: clone directory not available or not up to date: /downloads/git2/github.com.DrTimothyAldenDavis.SuiteSparse.git; shallow clone not enabled', 'git://github.com/DrTimothyAldenDavis/SuiteSparse.git;branch=stable;protocol=https')
qualcomm-linux/meta-qcom-robotics-sdk	34916088202	4	104516455361	build-pr / iq-8275-evk/qcom-robotics-distro_full_linux-qcom-next	foundri-prd-u2404-x64-od-eph-i-0613ecc832e0668b3	ip-10-185-126-252	2026-09-15T19:01:31.8906575Z	B	suitesparse-config-7.7.0-r0:do_unpack	/downloads/git2/github.com.DrTimothyAldenDavis.SuiteSparse.git;	/efsx	ERROR: suitesparse-config-7.7.0-r0 do_unpack: Bitbake Fetcher Error: UnpackError('No up to date source found: clone directory not available or not up to date: /downloads/git2/github.com.DrTimothyAldenDavis.SuiteSparse.git; shallow clone not enabled', 'git://github.com/DrTimothyAldenDavis/SuiteSparse.git;branch=stable;protocol=https')
qualcomm-linux/meta-qcom-robotics-sdk	34916088202	4	104516455122	build-pr / iq-8275-evk/performance_base_linux-qcom-next	foundri-prd-u2404-x64-od-eph-i-0c2e62a9bd1e63d96	ip-10-185-121-174	2026-09-15T19:01:56.2981085Z	B	suitesparse-config-7.7.0-r0:do_unpack	/downloads/git2/github.com.DrTimothyAldenDavis.SuiteSparse.git;	/efsx	ERROR: suitesparse-config-7.7.0-r0 do_unpack: Bitbake Fetcher Error: UnpackError('No up to date source found: clone directory not available or not up to date: /downloads/git2/github.com.DrTimothyAldenDavis.SuiteSparse.git; shallow clone not enabled', 'git://github.com/DrTimothyAldenDavis/SuiteSparse.git;branch=stable;protocol=https')
qualcomm-linux/meta-qcom-robotics-sdk	34916088202	4	104516455122	build-pr / iq-8275-evk/performance_base_linux-qcom-next	foundri-prd-u2404-x64-od-eph-i-0c2e62a9bd1e63d96	ip-10-185-121-174	2026-09-15T19:01:56.2981085Z	B	suitesparse-config-7.7.0-r0:do_unpack	/downloads/git2/github.com.DrTimothyAldenDavis.SuiteSparse.git;	/efsx	ERROR: suitesparse-config-7.7.0-r0 do_unpack: Bitbake Fetcher Error: UnpackError('No up to date source found: clone directory not available or not up to date: /downloads/git2/github.com.DrTimothyAldenDavis.SuiteSparse.git; shallow clone not enabled', 'git://github.com/DrTimothyAldenDavis/SuiteSparse.git;branch=stable;protocol=https')
qualcomm-linux/meta-qcom-robotics-sdk	34916088202	4	104516455122	build-pr / iq-8275-evk/performance_base_linux-qcom-next	foundri-prd-u2404-x64-od-eph-i-0c2e62a9bd1e63d96	ip-10-185-121-174	2026-09-15T19:01:56.7391906Z	B	suitesparse-amd-3.3.2-r0:do_unpack	/downloads/git2/github.com.DrTimothyAldenDavis.SuiteSparse.git;	/efsx	ERROR: suitesparse-amd-3.3.2-r0 do_unpack: Bitbake Fetcher Error: UnpackError('No up to date source found: clone directory not available or not up to date: /downloads/git2/github.com.DrTimothyAldenDavis.SuiteSparse.git; shallow clone not enabled', 'git://github.com/DrTimothyAldenDavis/SuiteSparse.git;branch=stable;protocol=https')
qualcomm-linux/meta-qcom-robotics-sdk	34916088202	4	104516455122	build-pr / iq-8275-evk/performance_base_linux-qcom-next	foundri-prd-u2404-x64-od-eph-i-0c2e62a9bd1e63d96	ip-10-185-121-174	2026-09-15T19:01:56.7391906Z	B	suitesparse-amd-3.3.2-r0:do_unpack	/downloads/git2/github.com.DrTimothyAldenDavis.SuiteSparse.git;	/efsx	ERROR: suitesparse-amd-3.3.2-r0 do_unpack: Bitbake Fetcher Error: UnpackError('No up to date source found: clone directory not available or not up to date: /downloads/git2/github.com.DrTimothyAldenDavis.SuiteSparse.git; shallow clone not enabled', 'git://github.com/DrTimothyAldenDavis/SuiteSparse.git;branch=stable;protocol=https')
qualcomm-linux/meta-qcom-robotics-sdk	34916088202	4	104516455239	build-pr / iq-9075-evk/debug_full_linux-qcom-next	foundri-prd-u2404-x64-od-eph-i-0f7830ffa5550c24e	ip-10-185-120-206	2026-09-15T19:01:56.7702917Z	B	suitesparse-config-7.7.0-r0:do_unpack	/downloads/git2/github.com.DrTimothyAldenDavis.SuiteSparse.git;	/efsx	ERROR: suitesparse-config-7.7.0-r0 do_unpack: Bitbake Fetcher Error: UnpackError('No up to date source found: clone directory not available or not up to date: /downloads/git2/github.com.DrTimothyAldenDavis.SuiteSparse.git; shallow clone not enabled', 'git://github.com/DrTimothyAldenDavis/SuiteSparse.git;branch=stable;protocol=https')
qualcomm-linux/meta-qcom-robotics-sdk	34916088202	4	104516455239	build-pr / iq-9075-evk/debug_full_linux-qcom-next	foundri-prd-u2404-x64-od-eph-i-0f7830ffa5550c24e	ip-10-185-120-206	2026-09-15T19:01:56.7702917Z	B	suitesparse-config-7.7.0-r0:do_unpack	/downloads/git2/github.com.DrTimothyAldenDavis.SuiteSparse.git;	/efsx	ERROR: suitesparse-config-7.7.0-r0 do_unpack: Bitbake Fetcher Error: UnpackError('No up to date source found: clone directory not available or not up to date: /downloads/git2/github.com.DrTimothyAldenDavis.SuiteSparse.git; shallow clone not enabled', 'git://github.com/DrTimothyAldenDavis/SuiteSparse.git;branch=stable;protocol=https')
qualcomm-linux/meta-qcom-robotics-sdk	34916088202	4	104516455093	build-pr / iq-9075-evk/qcom-robotics-distro-catchall_full_linux-qcom-next	foundri-prd-u2404-x64-od-eph-i-054e411a12828c7c9	ip-10-185-116-187	2026-09-15T19:26:50.9549995Z	B	vulkan-headers-1.4.357.0-r0:do_unpack	/downloads/git2/github.com.KhronosGroup.Vulkan-Headers.git;	/efsx	ERROR: vulkan-headers-1.4.357.0-r0 do_unpack: Bitbake Fetcher Error: UnpackError('No up to date source found: clone directory not available or not up to date: /downloads/git2/github.com.KhronosGroup.Vulkan-Headers.git; shallow clone not enabled', 'git://github.com/KhronosGroup/Vulkan-Headers.git;branch=main;protocol=https;tag=vulkan-sdk-1.4.357.0')
qualcomm-linux/meta-qcom-robotics-sdk	34916088202	4	104516455093	build-pr / iq-9075-evk/qcom-robotics-distro-catchall_full_linux-qcom-next	foundri-prd-u2404-x64-od-eph-i-054e411a12828c7c9	ip-10-185-116-187	2026-09-15T19:26:50.9549995Z	B	vulkan-headers-1.4.357.0-r0:do_unpack	/downloads/git2/github.com.KhronosGroup.Vulkan-Headers.git;	/efsx	ERROR: vulkan-headers-1.4.357.0-r0 do_unpack: Bitbake Fetcher Error: UnpackError('No up to date source found: clone directory not available or not up to date: /downloads/git2/github.com.KhronosGroup.Vulkan-Headers.git; shallow clone not enabled', 'git://github.com/KhronosGroup/Vulkan-Headers.git;branch=main;protocol=https;tag=vulkan-sdk-1.4.357.0')
qualcomm-linux/meta-qcom-robotics-sdk	34916088202	5	104555178326	build-pr / iq-8275-evk/debug_base_linux-qcom-next	foundri-prd-u2404-x64-od-eph-i-066e7f93cab8ed7df	ip-10-185-124-104	2026-09-15T20:48:18.7210821Z	B	suitesparse-config-7.7.0-r0:do_unpack	/downloads/git2/github.com.DrTimothyAldenDavis.SuiteSparse.git;	/efsx	ERROR: suitesparse-config-7.7.0-r0 do_unpack: Bitbake Fetcher Error: UnpackError('No up to date source found: clone directory not available or not up to date: /downloads/git2/github.com.DrTimothyAldenDavis.SuiteSparse.git; shallow clone not enabled', 'git://github.com/DrTimothyAldenDavis/SuiteSparse.git;branch=stable;protocol=https')
qualcomm-linux/meta-qcom-robotics-sdk	34916088202	5	104555178326	build-pr / iq-8275-evk/debug_base_linux-qcom-next	foundri-prd-u2404-x64-od-eph-i-066e7f93cab8ed7df	ip-10-185-124-104	2026-09-15T20:48:18.7210821Z	B	suitesparse-config-7.7.0-r0:do_unpack	/downloads/git2/github.com.DrTimothyAldenDavis.SuiteSparse.git;	/efsx	ERROR: suitesparse-config-7.7.0-r0 do_unpack: Bitbake Fetcher Error: UnpackError('No up to date source found: clone directory not available or not up to date: /downloads/git2/github.com.DrTimothyAldenDavis.SuiteSparse.git; shallow clone not enabled', 'git://github.com/DrTimothyAldenDavis/SuiteSparse.git;branch=stable;protocol=https')
qualcomm-linux/meta-qcom-robotics-sdk	34916088202	5	104555178540	build-pr / iq-8275-evk/qcom-robotics-distro-catchall_full_linux-qcom-next	foundri-prd-u2404-x64-od-eph-i-0e5970d4d22dbd040	ip-10-185-112-167	2026-09-15T20:48:38.7341080Z	B	suitesparse-config-7.7.0-r0:do_unpack	/downloads/git2/github.com.DrTimothyAldenDavis.SuiteSparse.git;	/efsx	ERROR: suitesparse-config-7.7.0-r0 do_unpack: Bitbake Fetcher Error: UnpackError('No up to date source found: clone directory not available or not up to date: /downloads/git2/github.com.DrTimothyAldenDavis.SuiteSparse.git; shallow clone not enabled', 'git://github.com/DrTimothyAldenDavis/SuiteSparse.git;branch=stable;protocol=https')
qualcomm-linux/meta-qcom-robotics-sdk	34916088202	5	104555178540	build-pr / iq-8275-evk/qcom-robotics-distro-catchall_full_linux-qcom-next	foundri-prd-u2404-x64-od-eph-i-0e5970d4d22dbd040	ip-10-185-112-167	2026-09-15T20:48:38.7341080Z	B	suitesparse-config-7.7.0-r0:do_unpack	/downloads/git2/github.com.DrTimothyAldenDavis.SuiteSparse.git;	/efsx	ERROR: suitesparse-config-7.7.0-r0 do_unpack: Bitbake Fetcher Error: UnpackError('No up to date source found: clone directory not available or not up to date: /downloads/git2/github.com.DrTimothyAldenDavis.SuiteSparse.git; shallow clone not enabled', 'git://github.com/DrTimothyAldenDavis/SuiteSparse.git;branch=stable;protocol=https')
qualcomm-linux/meta-qcom-robotics-sdk	34916088202	6	104573204211	build-pr / iq-8275-evk/qcom-robotics-distro-catchall_full_linux-qcom-next	foundri-prd-u2404-x64-od-eph-i-0e5970d4d22dbd040	ip-10-185-112-167	2026-09-15T20:48:38.7341080Z	B	suitesparse-config-7.7.0-r0:do_unpack	/downloads/git2/github.com.DrTimothyAldenDavis.SuiteSparse.git;	/efsx	ERROR: suitesparse-config-7.7.0-r0 do_unpack: Bitbake Fetcher Error: UnpackError('No up to date source found: clone directory not available or not up to date: /downloads/git2/github.com.DrTimothyAldenDavis.SuiteSparse.git; shallow clone not enabled', 'git://github.com/DrTimothyAldenDavis/SuiteSparse.git;branch=stable;protocol=https')
qualcomm-linux/meta-qcom-robotics-sdk	34916088202	7	105113164746	build-pr / iq-8275-evk/qcom-robotics-distro-catchall_full_linux-qcom-next	foundri-prd-u2404-x64-od-eph-i-0e5970d4d22dbd040	ip-10-185-112-167	2026-09-15T20:48:38.7341080Z	B	suitesparse-config-7.7.0-r0:do_unpack	/downloads/git2/github.com.DrTimothyAldenDavis.SuiteSparse.git;	/efsx	ERROR: suitesparse-config-7.7.0-r0 do_unpack: Bitbake Fetcher Error: UnpackError('No up to date source found: clone directory not available or not up to date: /downloads/git2/github.com.DrTimothyAldenDavis.SuiteSparse.git; shallow clone not enabled', 'git://github.com/DrTimothyAldenDavis/SuiteSparse.git;branch=stable;protocol=https')
qualcomm-linux/meta-qcom-robotics-sdk	34916088202	8	105456390402	build-pr / iq-8275-evk/qcom-robotics-distro-catchall_full_linux-qcom-next	foundri-prd-u2404-x64-od-eph-i-0e5970d4d22dbd040	ip-10-185-112-167	2026-09-15T20:48:38.7341080Z	B	suitesparse-config-7.7.0-r0:do_unpack	/downloads/git2/github.com.DrTimothyAldenDavis.SuiteSparse.git;	/efsx	ERROR: suitesparse-config-7.7.0-r0 do_unpack: Bitbake Fetcher Error: UnpackError('No up to date source found: clone directory not available or not up to date: /downloads/git2/github.com.DrTimothyAldenDavis.SuiteSparse.git; shallow clone not enabled', 'git://github.com/DrTimothyAldenDavis/SuiteSparse.git;branch=stable;protocol=https')
qualcomm-linux/meta-qcom-robotics-sdk	34916088202	9	106196148017	build-pr / iq-8275-evk/qcom-robotics-distro-catchall_full_linux-qcom-next	foundri-prd-u2404-x64-od-eph-i-0e5970d4d22dbd040	ip-10-185-112-167	2026-09-15T20:48:38.7341080Z	B	suitesparse-config-7.7.0-r0:do_unpack	/downloads/git2/github.com.DrTimothyAldenDavis.SuiteSparse.git;	/efsx	ERROR: suitesparse-config-7.7.0-r0 do_unpack: Bitbake Fetcher Error: UnpackError('No up to date source found: clone directory not available or not up to date: /downloads/git2/github.com.DrTimothyAldenDavis.SuiteSparse.git; shallow clone not enabled', 'git://github.com/DrTimothyAldenDavis/SuiteSparse.git;branch=stable;protocol=https')
qualcomm-linux/meta-qcom-robotics-sdk	34916088202	10	106621053950	build-pr / iq-8275-evk/qcom-robotics-distro-catchall_full_linux-qcom-next	foundri-prd-u2404-x64-od-eph-i-0e5970d4d22dbd040	ip-10-185-112-167	2026-09-15T20:48:38.7341080Z	B	suitesparse-config-7.7.0-r0:do_unpack	/downloads/git2/github.com.DrTimothyAldenDavis.SuiteSparse.git;	/efsx	ERROR: suitesparse-config-7.7.0-r0 do_unpack: Bitbake Fetcher Error: UnpackError('No up to date source found: clone directory not available or not up to date: /downloads/git2/github.com.DrTimothyAldenDavis.SuiteSparse.git; shallow clone not enabled', 'git://github.com/DrTimothyAldenDavis/SuiteSparse.git;branch=stable;protocol=https')
qualcomm-linux/meta-qcom-robotics-sdk	34916088202	5	104555178587	build-pr / iq-8275-evk/debug_full_linux-qcom-next	foundri-prd-u2404-x64-od-eph-i-0cb1b626769900318	ip-10-185-114-137	2026-09-15T20:48:39.1580520Z	B	suitesparse-config-7.7.0-r0:do_unpack	/downloads/git2/github.com.DrTimothyAldenDavis.SuiteSparse.git;	/efsx	ERROR: suitesparse-config-7.7.0-r0 do_unpack: Bitbake Fetcher Error: UnpackError('No up to date source found: clone directory not available or not up to date: /downloads/git2/github.com.DrTimothyAldenDavis.SuiteSparse.git; shallow clone not enabled', 'git://github.com/DrTimothyAldenDavis/SuiteSparse.git;branch=stable;protocol=https')
qualcomm-linux/meta-qcom-robotics-sdk	34916088202	5	104555178587	build-pr / iq-8275-evk/debug_full_linux-qcom-next	foundri-prd-u2404-x64-od-eph-i-0cb1b626769900318	ip-10-185-114-137	2026-09-15T20:48:39.1580520Z	B	suitesparse-config-7.7.0-r0:do_unpack	/downloads/git2/github.com.DrTimothyAldenDavis.SuiteSparse.git;	/efsx	ERROR: suitesparse-config-7.7.0-r0 do_unpack: Bitbake Fetcher Error: UnpackError('No up to date source found: clone directory not available or not up to date: /downloads/git2/github.com.DrTimothyAldenDavis.SuiteSparse.git; shallow clone not enabled', 'git://github.com/DrTimothyAldenDavis/SuiteSparse.git;branch=stable;protocol=https')
qualcomm-linux/meta-qcom-robotics-sdk	34916088202	6	104573204547	build-pr / iq-8275-evk/debug_full_linux-qcom-next	foundri-prd-u2404-x64-od-eph-i-0cb1b626769900318	ip-10-185-114-137	2026-09-15T20:48:39.1580520Z	B	suitesparse-config-7.7.0-r0:do_unpack	/downloads/git2/github.com.DrTimothyAldenDavis.SuiteSparse.git;	/efsx	ERROR: suitesparse-config-7.7.0-r0 do_unpack: Bitbake Fetcher Error: UnpackError('No up to date source found: clone directory not available or not up to date: /downloads/git2/github.com.DrTimothyAldenDavis.SuiteSparse.git; shallow clone not enabled', 'git://github.com/DrTimothyAldenDavis/SuiteSparse.git;branch=stable;protocol=https')
qualcomm-linux/meta-qcom-robotics-sdk	34916088202	7	105113165030	build-pr / iq-8275-evk/debug_full_linux-qcom-next	foundri-prd-u2404-x64-od-eph-i-0cb1b626769900318	ip-10-185-114-137	2026-09-15T20:48:39.1580520Z	B	suitesparse-config-7.7.0-r0:do_unpack	/downloads/git2/github.com.DrTimothyAldenDavis.SuiteSparse.git;	/efsx	ERROR: suitesparse-config-7.7.0-r0 do_unpack: Bitbake Fetcher Error: UnpackError('No up to date source found: clone directory not available or not up to date: /downloads/git2/github.com.DrTimothyAldenDavis.SuiteSparse.git; shallow clone not enabled', 'git://github.com/DrTimothyAldenDavis/SuiteSparse.git;branch=stable;protocol=https')
qualcomm-linux/meta-qcom-robotics-sdk	34916088202	8	105456390780	build-pr / iq-8275-evk/debug_full_linux-qcom-next	foundri-prd-u2404-x64-od-eph-i-0cb1b626769900318	ip-10-185-114-137	2026-09-15T20:48:39.1580520Z	B	suitesparse-config-7.7.0-r0:do_unpack	/downloads/git2/github.com.DrTimothyAldenDavis.SuiteSparse.git;	/efsx	ERROR: suitesparse-config-7.7.0-r0 do_unpack: Bitbake Fetcher Error: UnpackError('No up to date source found: clone directory not available or not up to date: /downloads/git2/github.com.DrTimothyAldenDavis.SuiteSparse.git; shallow clone not enabled', 'git://github.com/DrTimothyAldenDavis/SuiteSparse.git;branch=stable;protocol=https')
qualcomm-linux/meta-qcom-robotics-sdk	34916088202	9	106196148339	build-pr / iq-8275-evk/debug_full_linux-qcom-next	foundri-prd-u2404-x64-od-eph-i-0cb1b626769900318	ip-10-185-114-137	2026-09-15T20:48:39.1580520Z	B	suitesparse-config-7.7.0-r0:do_unpack	/downloads/git2/github.com.DrTimothyAldenDavis.SuiteSparse.git;	/efsx	ERROR: suitesparse-config-7.7.0-r0 do_unpack: Bitbake Fetcher Error: UnpackError('No up to date source found: clone directory not available or not up to date: /downloads/git2/github.com.DrTimothyAldenDavis.SuiteSparse.git; shallow clone not enabled', 'git://github.com/DrTimothyAldenDavis/SuiteSparse.git;branch=stable;protocol=https')
qualcomm-linux/meta-qcom-robotics-sdk	34916088202	10	106621053871	build-pr / iq-8275-evk/debug_full_linux-qcom-next	foundri-prd-u2404-x64-od-eph-i-0cb1b626769900318	ip-10-185-114-137	2026-09-15T20:48:39.1580520Z	B	suitesparse-config-7.7.0-r0:do_unpack	/downloads/git2/github.com.DrTimothyAldenDavis.SuiteSparse.git;	/efsx	ERROR: suitesparse-config-7.7.0-r0 do_unpack: Bitbake Fetcher Error: UnpackError('No up to date source found: clone directory not available or not up to date: /downloads/git2/github.com.DrTimothyAldenDavis.SuiteSparse.git; shallow clone not enabled', 'git://github.com/DrTimothyAldenDavis/SuiteSparse.git;branch=stable;protocol=https')
qualcomm-linux/meta-qcom-robotics-sdk	34916088202	5	104555178469	build-pr / iq-9075-evk/debug_full_linux-qcom-next	foundri-prd-u2404-x64-od-eph-i-0cb4593ecf2b0c362	ip-10-185-127-33	2026-09-15T20:48:40.9060794Z	B	suitesparse-config-7.7.0-r0:do_unpack	/downloads/git2/github.com.DrTimothyAldenDavis.SuiteSparse.git;	/efsx	ERROR: suitesparse-config-7.7.0-r0 do_unpack: Bitbake Fetcher Error: UnpackError('No up to date source found: clone directory not available or not up to date: /downloads/git2/github.com.DrTimothyAldenDavis.SuiteSparse.git; shallow clone not enabled', 'git://github.com/DrTimothyAldenDavis/SuiteSparse.git;branch=stable;protocol=https')
qualcomm-linux/meta-qcom-robotics-sdk	34916088202	5	104555178469	build-pr / iq-9075-evk/debug_full_linux-qcom-next	foundri-prd-u2404-x64-od-eph-i-0cb4593ecf2b0c362	ip-10-185-127-33	2026-09-15T20:48:40.9060794Z	B	suitesparse-config-7.7.0-r0:do_unpack	/downloads/git2/github.com.DrTimothyAldenDavis.SuiteSparse.git;	/efsx	ERROR: suitesparse-config-7.7.0-r0 do_unpack: Bitbake Fetcher Error: UnpackError('No up to date source found: clone directory not available or not up to date: /downloads/git2/github.com.DrTimothyAldenDavis.SuiteSparse.git; shallow clone not enabled', 'git://github.com/DrTimothyAldenDavis/SuiteSparse.git;branch=stable;protocol=https')
qualcomm-linux/meta-qcom-robotics-sdk	34916088202	6	104573205408	build-pr / iq-9075-evk/debug_full_linux-qcom-next	foundri-prd-u2404-x64-od-eph-i-0cb4593ecf2b0c362	ip-10-185-127-33	2026-09-15T20:48:40.9060794Z	B	suitesparse-config-7.7.0-r0:do_unpack	/downloads/git2/github.com.DrTimothyAldenDavis.SuiteSparse.git;	/efsx	ERROR: suitesparse-config-7.7.0-r0 do_unpack: Bitbake Fetcher Error: UnpackError('No up to date source found: clone directory not available or not up to date: /downloads/git2/github.com.DrTimothyAldenDavis.SuiteSparse.git; shallow clone not enabled', 'git://github.com/DrTimothyAldenDavis/SuiteSparse.git;branch=stable;protocol=https')
qualcomm-linux/meta-qcom-robotics-sdk	34916088202	7	105113165869	build-pr / iq-9075-evk/debug_full_linux-qcom-next	foundri-prd-u2404-x64-od-eph-i-0cb4593ecf2b0c362	ip-10-185-127-33	2026-09-15T20:48:40.9060794Z	B	suitesparse-config-7.7.0-r0:do_unpack	/downloads/git2/github.com.DrTimothyAldenDavis.SuiteSparse.git;	/efsx	ERROR: suitesparse-config-7.7.0-r0 do_unpack: Bitbake Fetcher Error: UnpackError('No up to date source found: clone directory not available or not up to date: /downloads/git2/github.com.DrTimothyAldenDavis.SuiteSparse.git; shallow clone not enabled', 'git://github.com/DrTimothyAldenDavis/SuiteSparse.git;branch=stable;protocol=https')
qualcomm-linux/meta-qcom-robotics-sdk	34916088202	8	105456391564	build-pr / iq-9075-evk/debug_full_linux-qcom-next	foundri-prd-u2404-x64-od-eph-i-0cb4593ecf2b0c362	ip-10-185-127-33	2026-09-15T20:48:40.9060794Z	B	suitesparse-config-7.7.0-r0:do_unpack	/downloads/git2/github.com.DrTimothyAldenDavis.SuiteSparse.git;	/efsx	ERROR: suitesparse-config-7.7.0-r0 do_unpack: Bitbake Fetcher Error: UnpackError('No up to date source found: clone directory not available or not up to date: /downloads/git2/github.com.DrTimothyAldenDavis.SuiteSparse.git; shallow clone not enabled', 'git://github.com/DrTimothyAldenDavis/SuiteSparse.git;branch=stable;protocol=https')
qualcomm-linux/meta-qcom-robotics-sdk	34916088202	9	106196148662	build-pr / iq-9075-evk/debug_full_linux-qcom-next	foundri-prd-u2404-x64-od-eph-i-0cb4593ecf2b0c362	ip-10-185-127-33	2026-09-15T20:48:40.9060794Z	B	suitesparse-config-7.7.0-r0:do_unpack	/downloads/git2/github.com.DrTimothyAldenDavis.SuiteSparse.git;	/efsx	ERROR: suitesparse-config-7.7.0-r0 do_unpack: Bitbake Fetcher Error: UnpackError('No up to date source found: clone directory not available or not up to date: /downloads/git2/github.com.DrTimothyAldenDavis.SuiteSparse.git; shallow clone not enabled', 'git://github.com/DrTimothyAldenDavis/SuiteSparse.git;branch=stable;protocol=https')
qualcomm-linux/meta-qcom-robotics-sdk	34916088202	10	106621054743	build-pr / iq-9075-evk/debug_full_linux-qcom-next	foundri-prd-u2404-x64-od-eph-i-0cb4593ecf2b0c362	ip-10-185-127-33	2026-09-15T20:48:40.9060794Z	B	suitesparse-config-7.7.0-r0:do_unpack	/downloads/git2/github.com.DrTimothyAldenDavis.SuiteSparse.git;	/efsx	ERROR: suitesparse-config-7.7.0-r0 do_unpack: Bitbake Fetcher Error: UnpackError('No up to date source found: clone directory not available or not up to date: /downloads/git2/github.com.DrTimothyAldenDavis.SuiteSparse.git; shallow clone not enabled', 'git://github.com/DrTimothyAldenDavis/SuiteSparse.git;branch=stable;protocol=https')
qualcomm-linux/meta-qcom-robotics-sdk	34916088202	5	104555178625	build-pr / iq-9075-evk/qcom-robotics-distro-catchall_full_linux-qcom-next	foundri-prd-u2404-x64-od-eph-i-0dc85e07c27b9217b	ip-10-185-115-44	2026-09-15T20:50:13.6564186Z	B	suitesparse-config-7.7.0-r0:do_unpack	/downloads/git2/github.com.DrTimothyAldenDavis.SuiteSparse.git;	/efsx	ERROR: suitesparse-config-7.7.0-r0 do_unpack: Bitbake Fetcher Error: UnpackError('No up to date source found: clone directory not available or not up to date: /downloads/git2/github.com.DrTimothyAldenDavis.SuiteSparse.git; shallow clone not enabled', 'git://github.com/DrTimothyAldenDavis/SuiteSparse.git;branch=stable;protocol=https')
qualcomm-linux/meta-qcom-robotics-sdk	34916088202	5	104555178625	build-pr / iq-9075-evk/qcom-robotics-distro-catchall_full_linux-qcom-next	foundri-prd-u2404-x64-od-eph-i-0dc85e07c27b9217b	ip-10-185-115-44	2026-09-15T20:50:13.6564186Z	B	suitesparse-config-7.7.0-r0:do_unpack	/downloads/git2/github.com.DrTimothyAldenDavis.SuiteSparse.git;	/efsx	ERROR: suitesparse-config-7.7.0-r0 do_unpack: Bitbake Fetcher Error: UnpackError('No up to date source found: clone directory not available or not up to date: /downloads/git2/github.com.DrTimothyAldenDavis.SuiteSparse.git; shallow clone not enabled', 'git://github.com/DrTimothyAldenDavis/SuiteSparse.git;branch=stable;protocol=https')
qualcomm-linux/meta-qcom-robotics-sdk	34916088202	6	104573205335	build-pr / iq-9075-evk/qcom-robotics-distro-catchall_full_linux-qcom-next	foundri-prd-u2404-x64-od-eph-i-0dc85e07c27b9217b	ip-10-185-115-44	2026-09-15T20:50:13.6564186Z	B	suitesparse-config-7.7.0-r0:do_unpack	/downloads/git2/github.com.DrTimothyAldenDavis.SuiteSparse.git;	/efsx	ERROR: suitesparse-config-7.7.0-r0 do_unpack: Bitbake Fetcher Error: UnpackError('No up to date source found: clone directory not available or not up to date: /downloads/git2/github.com.DrTimothyAldenDavis.SuiteSparse.git; shallow clone not enabled', 'git://github.com/DrTimothyAldenDavis/SuiteSparse.git;branch=stable;protocol=https')
qualcomm-linux/meta-qcom-robotics-sdk	34916088202	7	105113166157	build-pr / iq-9075-evk/qcom-robotics-distro-catchall_full_linux-qcom-next	foundri-prd-u2404-x64-od-eph-i-0dc85e07c27b9217b	ip-10-185-115-44	2026-09-15T20:50:13.6564186Z	B	suitesparse-config-7.7.0-r0:do_unpack	/downloads/git2/github.com.DrTimothyAldenDavis.SuiteSparse.git;	/efsx	ERROR: suitesparse-config-7.7.0-r0 do_unpack: Bitbake Fetcher Error: UnpackError('No up to date source found: clone directory not available or not up to date: /downloads/git2/github.com.DrTimothyAldenDavis.SuiteSparse.git; shallow clone not enabled', 'git://github.com/DrTimothyAldenDavis/SuiteSparse.git;branch=stable;protocol=https')
qualcomm-linux/meta-qcom-robotics-sdk	34916088202	8	105456390890	build-pr / iq-9075-evk/qcom-robotics-distro-catchall_full_linux-qcom-next	foundri-prd-u2404-x64-od-eph-i-0dc85e07c27b9217b	ip-10-185-115-44	2026-09-15T20:50:13.6564186Z	B	suitesparse-config-7.7.0-r0:do_unpack	/downloads/git2/github.com.DrTimothyAldenDavis.SuiteSparse.git;	/efsx	ERROR: suitesparse-config-7.7.0-r0 do_unpack: Bitbake Fetcher Error: UnpackError('No up to date source found: clone directory not available or not up to date: /downloads/git2/github.com.DrTimothyAldenDavis.SuiteSparse.git; shallow clone not enabled', 'git://github.com/DrTimothyAldenDavis/SuiteSparse.git;branch=stable;protocol=https')
qualcomm-linux/meta-qcom-robotics-sdk	34916088202	9	106196148199	build-pr / iq-9075-evk/qcom-robotics-distro-catchall_full_linux-qcom-next	foundri-prd-u2404-x64-od-eph-i-0dc85e07c27b9217b	ip-10-185-115-44	2026-09-15T20:50:13.6564186Z	B	suitesparse-config-7.7.0-r0:do_unpack	/downloads/git2/github.com.DrTimothyAldenDavis.SuiteSparse.git;	/efsx	ERROR: suitesparse-config-7.7.0-r0 do_unpack: Bitbake Fetcher Error: UnpackError('No up to date source found: clone directory not available or not up to date: /downloads/git2/github.com.DrTimothyAldenDavis.SuiteSparse.git; shallow clone not enabled', 'git://github.com/DrTimothyAldenDavis/SuiteSparse.git;branch=stable;protocol=https')
qualcomm-linux/meta-qcom-robotics-sdk	34916088202	10	106621054131	build-pr / iq-9075-evk/qcom-robotics-distro-catchall_full_linux-qcom-next	foundri-prd-u2404-x64-od-eph-i-0dc85e07c27b9217b	ip-10-185-115-44	2026-09-15T20:50:13.6564186Z	B	suitesparse-config-7.7.0-r0:do_unpack	/downloads/git2/github.com.DrTimothyAldenDavis.SuiteSparse.git;	/efsx	ERROR: suitesparse-config-7.7.0-r0 do_unpack: Bitbake Fetcher Error: UnpackError('No up to date source found: clone directory not available or not up to date: /downloads/git2/github.com.DrTimothyAldenDavis.SuiteSparse.git; shallow clone not enabled', 'git://github.com/DrTimothyAldenDavis/SuiteSparse.git;branch=stable;protocol=https')
qualcomm-linux/meta-qcom-robotics-sdk	34916088202	5	104555178656	build-pr / iq-8275-evk/performance_base_linux-qcom-next	foundri-prd-u2404-x64-od-eph-i-0fc4c3d38616fa022	ip-10-185-124-231	2026-09-15T20:50:37.8773099Z	B	suitesparse-config-7.7.0-r0:do_unpack	/downloads/git2/github.com.DrTimothyAldenDavis.SuiteSparse.git;	/efsx	ERROR: suitesparse-config-7.7.0-r0 do_unpack: Bitbake Fetcher Error: UnpackError('No up to date source found: clone directory not available or not up to date: /downloads/git2/github.com.DrTimothyAldenDavis.SuiteSparse.git; shallow clone not enabled', 'git://github.com/DrTimothyAldenDavis/SuiteSparse.git;branch=stable;protocol=https')
qualcomm-linux/meta-qcom-robotics-sdk	34916088202	5	104555178656	build-pr / iq-8275-evk/performance_base_linux-qcom-next	foundri-prd-u2404-x64-od-eph-i-0fc4c3d38616fa022	ip-10-185-124-231	2026-09-15T20:50:37.8773099Z	B	suitesparse-config-7.7.0-r0:do_unpack	/downloads/git2/github.com.DrTimothyAldenDavis.SuiteSparse.git;	/efsx	ERROR: suitesparse-config-7.7.0-r0 do_unpack: Bitbake Fetcher Error: UnpackError('No up to date source found: clone directory not available or not up to date: /downloads/git2/github.com.DrTimothyAldenDavis.SuiteSparse.git; shallow clone not enabled', 'git://github.com/DrTimothyAldenDavis/SuiteSparse.git;branch=stable;protocol=https')
qualcomm-linux/meta-qcom-robotics-sdk	34916088202	6	104573203966	build-pr / iq-8275-evk/performance_base_linux-qcom-next	foundri-prd-u2404-x64-od-eph-i-0fc4c3d38616fa022	ip-10-185-124-231	2026-09-15T20:50:37.8773099Z	B	suitesparse-config-7.7.0-r0:do_unpack	/downloads/git2/github.com.DrTimothyAldenDavis.SuiteSparse.git;	/efsx	ERROR: suitesparse-config-7.7.0-r0 do_unpack: Bitbake Fetcher Error: UnpackError('No up to date source found: clone directory not available or not up to date: /downloads/git2/github.com.DrTimothyAldenDavis.SuiteSparse.git; shallow clone not enabled', 'git://github.com/DrTimothyAldenDavis/SuiteSparse.git;branch=stable;protocol=https')
qualcomm-linux/meta-qcom-robotics-sdk	34916088202	7	105113164770	build-pr / iq-8275-evk/performance_base_linux-qcom-next	foundri-prd-u2404-x64-od-eph-i-0fc4c3d38616fa022	ip-10-185-124-231	2026-09-15T20:50:37.8773099Z	B	suitesparse-config-7.7.0-r0:do_unpack	/downloads/git2/github.com.DrTimothyAldenDavis.SuiteSparse.git;	/efsx	ERROR: suitesparse-config-7.7.0-r0 do_unpack: Bitbake Fetcher Error: UnpackError('No up to date source found: clone directory not available or not up to date: /downloads/git2/github.com.DrTimothyAldenDavis.SuiteSparse.git; shallow clone not enabled', 'git://github.com/DrTimothyAldenDavis/SuiteSparse.git;branch=stable;protocol=https')
qualcomm-linux/meta-qcom-robotics-sdk	34916088202	8	105456391017	build-pr / iq-8275-evk/performance_base_linux-qcom-next	foundri-prd-u2404-x64-od-eph-i-0fc4c3d38616fa022	ip-10-185-124-231	2026-09-15T20:50:37.8773099Z	B	suitesparse-config-7.7.0-r0:do_unpack	/downloads/git2/github.com.DrTimothyAldenDavis.SuiteSparse.git;	/efsx	ERROR: suitesparse-config-7.7.0-r0 do_unpack: Bitbake Fetcher Error: UnpackError('No up to date source found: clone directory not available or not up to date: /downloads/git2/github.com.DrTimothyAldenDavis.SuiteSparse.git; shallow clone not enabled', 'git://github.com/DrTimothyAldenDavis/SuiteSparse.git;branch=stable;protocol=https')
qualcomm-linux/meta-qcom-robotics-sdk	34916088202	9	106196148484	build-pr / iq-8275-evk/performance_base_linux-qcom-next	foundri-prd-u2404-x64-od-eph-i-0fc4c3d38616fa022	ip-10-185-124-231	2026-09-15T20:50:37.8773099Z	B	suitesparse-config-7.7.0-r0:do_unpack	/downloads/git2/github.com.DrTimothyAldenDavis.SuiteSparse.git;	/efsx	ERROR: suitesparse-config-7.7.0-r0 do_unpack: Bitbake Fetcher Error: UnpackError('No up to date source found: clone directory not available or not up to date: /downloads/git2/github.com.DrTimothyAldenDavis.SuiteSparse.git; shallow clone not enabled', 'git://github.com/DrTimothyAldenDavis/SuiteSparse.git;branch=stable;protocol=https')
qualcomm-linux/meta-qcom-robotics-sdk	34916088202	10	106621053618	build-pr / iq-8275-evk/performance_base_linux-qcom-next	foundri-prd-u2404-x64-od-eph-i-0fc4c3d38616fa022	ip-10-185-124-231	2026-09-15T20:50:37.8773099Z	B	suitesparse-config-7.7.0-r0:do_unpack	/downloads/git2/github.com.DrTimothyAldenDavis.SuiteSparse.git;	/efsx	ERROR: suitesparse-config-7.7.0-r0 do_unpack: Bitbake Fetcher Error: UnpackError('No up to date source found: clone directory not available or not up to date: /downloads/git2/github.com.DrTimothyAldenDavis.SuiteSparse.git; shallow clone not enabled', 'git://github.com/DrTimothyAldenDavis/SuiteSparse.git;branch=stable;protocol=https')
qualcomm-linux/meta-qcom-robotics-sdk	34916088202	5	104555178483	build-pr / iq-9075-evk/qcom-robotics-distro_base_linux-qcom-next	foundri-prd-u2404-x64-od-eph-i-0dd1311cff2da6f48	ip-10-185-127-248	2026-09-15T20:50:37.9664531Z	B	suitesparse-config-7.7.0-r0:do_unpack	/downloads/git2/github.com.DrTimothyAldenDavis.SuiteSparse.git;	/efsx	ERROR: suitesparse-config-7.7.0-r0 do_unpack: Bitbake Fetcher Error: UnpackError('No up to date source found: clone directory not available or not up to date: /downloads/git2/github.com.DrTimothyAldenDavis.SuiteSparse.git; shallow clone not enabled', 'git://github.com/DrTimothyAldenDavis/SuiteSparse.git;branch=stable;protocol=https')
qualcomm-linux/meta-qcom-robotics-sdk	34916088202	5	104555178483	build-pr / iq-9075-evk/qcom-robotics-distro_base_linux-qcom-next	foundri-prd-u2404-x64-od-eph-i-0dd1311cff2da6f48	ip-10-185-127-248	2026-09-15T20:50:37.9664531Z	B	suitesparse-config-7.7.0-r0:do_unpack	/downloads/git2/github.com.DrTimothyAldenDavis.SuiteSparse.git;	/efsx	ERROR: suitesparse-config-7.7.0-r0 do_unpack: Bitbake Fetcher Error: UnpackError('No up to date source found: clone directory not available or not up to date: /downloads/git2/github.com.DrTimothyAldenDavis.SuiteSparse.git; shallow clone not enabled', 'git://github.com/DrTimothyAldenDavis/SuiteSparse.git;branch=stable;protocol=https')
qualcomm-linux/meta-qcom-robotics-sdk	34916088202	6	104573204639	build-pr / iq-9075-evk/qcom-robotics-distro_base_linux-qcom-next	foundri-prd-u2404-x64-od-eph-i-0dd1311cff2da6f48	ip-10-185-127-248	2026-09-15T20:50:37.9664531Z	B	suitesparse-config-7.7.0-r0:do_unpack	/downloads/git2/github.com.DrTimothyAldenDavis.SuiteSparse.git;	/efsx	ERROR: suitesparse-config-7.7.0-r0 do_unpack: Bitbake Fetcher Error: UnpackError('No up to date source found: clone directory not available or not up to date: /downloads/git2/github.com.DrTimothyAldenDavis.SuiteSparse.git; shallow clone not enabled', 'git://github.com/DrTimothyAldenDavis/SuiteSparse.git;branch=stable;protocol=https')
qualcomm-linux/meta-qcom-robotics-sdk	34916088202	7	105113164880	build-pr / iq-9075-evk/qcom-robotics-distro_base_linux-qcom-next	foundri-prd-u2404-x64-od-eph-i-0dd1311cff2da6f48	ip-10-185-127-248	2026-09-15T20:50:37.9664531Z	B	suitesparse-config-7.7.0-r0:do_unpack	/downloads/git2/github.com.DrTimothyAldenDavis.SuiteSparse.git;	/efsx	ERROR: suitesparse-config-7.7.0-r0 do_unpack: Bitbake Fetcher Error: UnpackError('No up to date source found: clone directory not available or not up to date: /downloads/git2/github.com.DrTimothyAldenDavis.SuiteSparse.git; shallow clone not enabled', 'git://github.com/DrTimothyAldenDavis/SuiteSparse.git;branch=stable;protocol=https')
qualcomm-linux/meta-qcom-robotics-sdk	34916088202	8	105456390719	build-pr / iq-9075-evk/qcom-robotics-distro_base_linux-qcom-next	foundri-prd-u2404-x64-od-eph-i-0dd1311cff2da6f48	ip-10-185-127-248	2026-09-15T20:50:37.9664531Z	B	suitesparse-config-7.7.0-r0:do_unpack	/downloads/git2/github.com.DrTimothyAldenDavis.SuiteSparse.git;	/efsx	ERROR: suitesparse-config-7.7.0-r0 do_unpack: Bitbake Fetcher Error: UnpackError('No up to date source found: clone directory not available or not up to date: /downloads/git2/github.com.DrTimothyAldenDavis.SuiteSparse.git; shallow clone not enabled', 'git://github.com/DrTimothyAldenDavis/SuiteSparse.git;branch=stable;protocol=https')
qualcomm-linux/meta-qcom-robotics-sdk	34916088202	9	106196148100	build-pr / iq-9075-evk/qcom-robotics-distro_base_linux-qcom-next	foundri-prd-u2404-x64-od-eph-i-0dd1311cff2da6f48	ip-10-185-127-248	2026-09-15T20:50:37.9664531Z	B	suitesparse-config-7.7.0-r0:do_unpack	/downloads/git2/github.com.DrTimothyAldenDavis.SuiteSparse.git;	/efsx	ERROR: suitesparse-config-7.7.0-r0 do_unpack: Bitbake Fetcher Error: UnpackError('No up to date source found: clone directory not available or not up to date: /downloads/git2/github.com.DrTimothyAldenDavis.SuiteSparse.git; shallow clone not enabled', 'git://github.com/DrTimothyAldenDavis/SuiteSparse.git;branch=stable;protocol=https')
qualcomm-linux/meta-qcom-robotics-sdk	34916088202	10	106621053637	build-pr / iq-9075-evk/qcom-robotics-distro_base_linux-qcom-next	foundri-prd-u2404-x64-od-eph-i-0dd1311cff2da6f48	ip-10-185-127-248	2026-09-15T20:50:37.9664531Z	B	suitesparse-config-7.7.0-r0:do_unpack	/downloads/git2/github.com.DrTimothyAldenDavis.SuiteSparse.git;	/efsx	ERROR: suitesparse-config-7.7.0-r0 do_unpack: Bitbake Fetcher Error: UnpackError('No up to date source found: clone directory not available or not up to date: /downloads/git2/github.com.DrTimothyAldenDavis.SuiteSparse.git; shallow clone not enabled', 'git://github.com/DrTimothyAldenDavis/SuiteSparse.git;branch=stable;protocol=https')
qualcomm-linux/meta-qcom-robotics-sdk	34916088202	5	104555178661	build-pr / iq-9075-evk/qcom-robotics-distro_full_linux-qcom-next	foundri-prd-u2404-x64-od-eph-i-058eb1e9949e6bad4	ip-10-185-115-225	2026-09-15T20:50:38.1724891Z	B	suitesparse-config-7.7.0-r0:do_unpack	/downloads/git2/github.com.DrTimothyAldenDavis.SuiteSparse.git;	/efsx	ERROR: suitesparse-config-7.7.0-r0 do_unpack: Bitbake Fetcher Error: UnpackError('No up to date source found: clone directory not available or not up to date: /downloads/git2/github.com.DrTimothyAldenDavis.SuiteSparse.git; shallow clone not enabled', 'git://github.com/DrTimothyAldenDavis/SuiteSparse.git;branch=stable;protocol=https')
qualcomm-linux/meta-qcom-robotics-sdk	34916088202	5	104555178661	build-pr / iq-9075-evk/qcom-robotics-distro_full_linux-qcom-next	foundri-prd-u2404-x64-od-eph-i-058eb1e9949e6bad4	ip-10-185-115-225	2026-09-15T20:50:38.1724891Z	B	suitesparse-config-7.7.0-r0:do_unpack	/downloads/git2/github.com.DrTimothyAldenDavis.SuiteSparse.git;	/efsx	ERROR: suitesparse-config-7.7.0-r0 do_unpack: Bitbake Fetcher Error: UnpackError('No up to date source found: clone directory not available or not up to date: /downloads/git2/github.com.DrTimothyAldenDavis.SuiteSparse.git; shallow clone not enabled', 'git://github.com/DrTimothyAldenDavis/SuiteSparse.git;branch=stable;protocol=https')
qualcomm-linux/meta-qcom-robotics-sdk	34916088202	6	104573204468	build-pr / iq-9075-evk/qcom-robotics-distro_full_linux-qcom-next	foundri-prd-u2404-x64-od-eph-i-058eb1e9949e6bad4	ip-10-185-115-225	2026-09-15T20:50:38.1724891Z	B	suitesparse-config-7.7.0-r0:do_unpack	/downloads/git2/github.com.DrTimothyAldenDavis.SuiteSparse.git;	/efsx	ERROR: suitesparse-config-7.7.0-r0 do_unpack: Bitbake Fetcher Error: UnpackError('No up to date source found: clone directory not available or not up to date: /downloads/git2/github.com.DrTimothyAldenDavis.SuiteSparse.git; shallow clone not enabled', 'git://github.com/DrTimothyAldenDavis/SuiteSparse.git;branch=stable;protocol=https')
qualcomm-linux/meta-qcom-robotics-sdk	34916088202	7	105113164955	build-pr / iq-9075-evk/qcom-robotics-distro_full_linux-qcom-next	foundri-prd-u2404-x64-od-eph-i-058eb1e9949e6bad4	ip-10-185-115-225	2026-09-15T20:50:38.1724891Z	B	suitesparse-config-7.7.0-r0:do_unpack	/downloads/git2/github.com.DrTimothyAldenDavis.SuiteSparse.git;	/efsx	ERROR: suitesparse-config-7.7.0-r0 do_unpack: Bitbake Fetcher Error: UnpackError('No up to date source found: clone directory not available or not up to date: /downloads/git2/github.com.DrTimothyAldenDavis.SuiteSparse.git; shallow clone not enabled', 'git://github.com/DrTimothyAldenDavis/SuiteSparse.git;branch=stable;protocol=https')
qualcomm-linux/meta-qcom-robotics-sdk	34916088202	8	105456391161	build-pr / iq-9075-evk/qcom-robotics-distro_full_linux-qcom-next	foundri-prd-u2404-x64-od-eph-i-058eb1e9949e6bad4	ip-10-185-115-225	2026-09-15T20:50:38.1724891Z	B	suitesparse-config-7.7.0-r0:do_unpack	/downloads/git2/github.com.DrTimothyAldenDavis.SuiteSparse.git;	/efsx	ERROR: suitesparse-config-7.7.0-r0 do_unpack: Bitbake Fetcher Error: UnpackError('No up to date source found: clone directory not available or not up to date: /downloads/git2/github.com.DrTimothyAldenDavis.SuiteSparse.git; shallow clone not enabled', 'git://github.com/DrTimothyAldenDavis/SuiteSparse.git;branch=stable;protocol=https')
qualcomm-linux/meta-qcom-robotics-sdk	34916088202	9	106196148185	build-pr / iq-9075-evk/qcom-robotics-distro_full_linux-qcom-next	foundri-prd-u2404-x64-od-eph-i-058eb1e9949e6bad4	ip-10-185-115-225	2026-09-15T20:50:38.1724891Z	B	suitesparse-config-7.7.0-r0:do_unpack	/downloads/git2/github.com.DrTimothyAldenDavis.SuiteSparse.git;	/efsx	ERROR: suitesparse-config-7.7.0-r0 do_unpack: Bitbake Fetcher Error: UnpackError('No up to date source found: clone directory not available or not up to date: /downloads/git2/github.com.DrTimothyAldenDavis.SuiteSparse.git; shallow clone not enabled', 'git://github.com/DrTimothyAldenDavis/SuiteSparse.git;branch=stable;protocol=https')
qualcomm-linux/meta-qcom-robotics-sdk	34916088202	10	106621053883	build-pr / iq-9075-evk/qcom-robotics-distro_full_linux-qcom-next	foundri-prd-u2404-x64-od-eph-i-058eb1e9949e6bad4	ip-10-185-115-225	2026-09-15T20:50:38.1724891Z	B	suitesparse-config-7.7.0-r0:do_unpack	/downloads/git2/github.com.DrTimothyAldenDavis.SuiteSparse.git;	/efsx	ERROR: suitesparse-config-7.7.0-r0 do_unpack: Bitbake Fetcher Error: UnpackError('No up to date source found: clone directory not available or not up to date: /downloads/git2/github.com.DrTimothyAldenDavis.SuiteSparse.git; shallow clone not enabled', 'git://github.com/DrTimothyAldenDavis/SuiteSparse.git;branch=stable;protocol=https')
qualcomm-linux/meta-qcom-robotics-sdk	34916088202	5	104555178656	build-pr / iq-8275-evk/performance_base_linux-qcom-next	foundri-prd-u2404-x64-od-eph-i-0fc4c3d38616fa022	ip-10-185-124-231	2026-09-15T20:50:38.3138410Z	B	suitesparse-amd-3.3.2-r0:do_unpack	/downloads/git2/github.com.DrTimothyAldenDavis.SuiteSparse.git;	/efsx	ERROR: suitesparse-amd-3.3.2-r0 do_unpack: Bitbake Fetcher Error: UnpackError('No up to date source found: clone directory not available or not up to date: /downloads/git2/github.com.DrTimothyAldenDavis.SuiteSparse.git; shallow clone not enabled', 'git://github.com/DrTimothyAldenDavis/SuiteSparse.git;branch=stable;protocol=https')
qualcomm-linux/meta-qcom-robotics-sdk	34916088202	5	104555178656	build-pr / iq-8275-evk/performance_base_linux-qcom-next	foundri-prd-u2404-x64-od-eph-i-0fc4c3d38616fa022	ip-10-185-124-231	2026-09-15T20:50:38.3138410Z	B	suitesparse-amd-3.3.2-r0:do_unpack	/downloads/git2/github.com.DrTimothyAldenDavis.SuiteSparse.git;	/efsx	ERROR: suitesparse-amd-3.3.2-r0 do_unpack: Bitbake Fetcher Error: UnpackError('No up to date source found: clone directory not available or not up to date: /downloads/git2/github.com.DrTimothyAldenDavis.SuiteSparse.git; shallow clone not enabled', 'git://github.com/DrTimothyAldenDavis/SuiteSparse.git;branch=stable;protocol=https')
qualcomm-linux/meta-qcom-robotics-sdk	34916088202	6	104573203966	build-pr / iq-8275-evk/performance_base_linux-qcom-next	foundri-prd-u2404-x64-od-eph-i-0fc4c3d38616fa022	ip-10-185-124-231	2026-09-15T20:50:38.3138410Z	B	suitesparse-amd-3.3.2-r0:do_unpack	/downloads/git2/github.com.DrTimothyAldenDavis.SuiteSparse.git;	/efsx	ERROR: suitesparse-amd-3.3.2-r0 do_unpack: Bitbake Fetcher Error: UnpackError('No up to date source found: clone directory not available or not up to date: /downloads/git2/github.com.DrTimothyAldenDavis.SuiteSparse.git; shallow clone not enabled', 'git://github.com/DrTimothyAldenDavis/SuiteSparse.git;branch=stable;protocol=https')
qualcomm-linux/meta-qcom-robotics-sdk	34916088202	7	105113164770	build-pr / iq-8275-evk/performance_base_linux-qcom-next	foundri-prd-u2404-x64-od-eph-i-0fc4c3d38616fa022	ip-10-185-124-231	2026-09-15T20:50:38.3138410Z	B	suitesparse-amd-3.3.2-r0:do_unpack	/downloads/git2/github.com.DrTimothyAldenDavis.SuiteSparse.git;	/efsx	ERROR: suitesparse-amd-3.3.2-r0 do_unpack: Bitbake Fetcher Error: UnpackError('No up to date source found: clone directory not available or not up to date: /downloads/git2/github.com.DrTimothyAldenDavis.SuiteSparse.git; shallow clone not enabled', 'git://github.com/DrTimothyAldenDavis/SuiteSparse.git;branch=stable;protocol=https')
qualcomm-linux/meta-qcom-robotics-sdk	34916088202	8	105456391017	build-pr / iq-8275-evk/performance_base_linux-qcom-next	foundri-prd-u2404-x64-od-eph-i-0fc4c3d38616fa022	ip-10-185-124-231	2026-09-15T20:50:38.3138410Z	B	suitesparse-amd-3.3.2-r0:do_unpack	/downloads/git2/github.com.DrTimothyAldenDavis.SuiteSparse.git;	/efsx	ERROR: suitesparse-amd-3.3.2-r0 do_unpack: Bitbake Fetcher Error: UnpackError('No up to date source found: clone directory not available or not up to date: /downloads/git2/github.com.DrTimothyAldenDavis.SuiteSparse.git; shallow clone not enabled', 'git://github.com/DrTimothyAldenDavis/SuiteSparse.git;branch=stable;protocol=https')
qualcomm-linux/meta-qcom-robotics-sdk	34916088202	9	106196148484	build-pr / iq-8275-evk/performance_base_linux-qcom-next	foundri-prd-u2404-x64-od-eph-i-0fc4c3d38616fa022	ip-10-185-124-231	2026-09-15T20:50:38.3138410Z	B	suitesparse-amd-3.3.2-r0:do_unpack	/downloads/git2/github.com.DrTimothyAldenDavis.SuiteSparse.git;	/efsx	ERROR: suitesparse-amd-3.3.2-r0 do_unpack: Bitbake Fetcher Error: UnpackError('No up to date source found: clone directory not available or not up to date: /downloads/git2/github.com.DrTimothyAldenDavis.SuiteSparse.git; shallow clone not enabled', 'git://github.com/DrTimothyAldenDavis/SuiteSparse.git;branch=stable;protocol=https')
qualcomm-linux/meta-qcom-robotics-sdk	34916088202	10	106621053618	build-pr / iq-8275-evk/performance_base_linux-qcom-next	foundri-prd-u2404-x64-od-eph-i-0fc4c3d38616fa022	ip-10-185-124-231	2026-09-15T20:50:38.3138410Z	B	suitesparse-amd-3.3.2-r0:do_unpack	/downloads/git2/github.com.DrTimothyAldenDavis.SuiteSparse.git;	/efsx	ERROR: suitesparse-amd-3.3.2-r0 do_unpack: Bitbake Fetcher Error: UnpackError('No up to date source found: clone directory not available or not up to date: /downloads/git2/github.com.DrTimothyAldenDavis.SuiteSparse.git; shallow clone not enabled', 'git://github.com/DrTimothyAldenDavis/SuiteSparse.git;branch=stable;protocol=https')
qualcomm-linux/meta-qcom-robotics-sdk	34916088202	5	104555178656	build-pr / iq-8275-evk/performance_base_linux-qcom-next	foundri-prd-u2404-x64-od-eph-i-0fc4c3d38616fa022	ip-10-185-124-231	2026-09-15T20:50:38.3230943Z	B	suitesparse-colamd-3.3.3-r0:do_unpack	/downloads/git2/github.com.DrTimothyAldenDavis.SuiteSparse.git;	/efsx	ERROR: suitesparse-colamd-3.3.3-r0 do_unpack: Bitbake Fetcher Error: UnpackError('No up to date source found: clone directory not available or not up to date: /downloads/git2/github.com.DrTimothyAldenDavis.SuiteSparse.git; shallow clone not enabled', 'git://github.com/DrTimothyAldenDavis/SuiteSparse.git;branch=stable;protocol=https')
qualcomm-linux/meta-qcom-robotics-sdk	34916088202	5	104555178656	build-pr / iq-8275-evk/performance_base_linux-qcom-next	foundri-prd-u2404-x64-od-eph-i-0fc4c3d38616fa022	ip-10-185-124-231	2026-09-15T20:50:38.3230943Z	B	suitesparse-colamd-3.3.3-r0:do_unpack	/downloads/git2/github.com.DrTimothyAldenDavis.SuiteSparse.git;	/efsx	ERROR: suitesparse-colamd-3.3.3-r0 do_unpack: Bitbake Fetcher Error: UnpackError('No up to date source found: clone directory not available or not up to date: /downloads/git2/github.com.DrTimothyAldenDavis.SuiteSparse.git; shallow clone not enabled', 'git://github.com/DrTimothyAldenDavis/SuiteSparse.git;branch=stable;protocol=https')
qualcomm-linux/meta-qcom-robotics-sdk	34916088202	6	104573203966	build-pr / iq-8275-evk/performance_base_linux-qcom-next	foundri-prd-u2404-x64-od-eph-i-0fc4c3d38616fa022	ip-10-185-124-231	2026-09-15T20:50:38.3230943Z	B	suitesparse-colamd-3.3.3-r0:do_unpack	/downloads/git2/github.com.DrTimothyAldenDavis.SuiteSparse.git;	/efsx	ERROR: suitesparse-colamd-3.3.3-r0 do_unpack: Bitbake Fetcher Error: UnpackError('No up to date source found: clone directory not available or not up to date: /downloads/git2/github.com.DrTimothyAldenDavis.SuiteSparse.git; shallow clone not enabled', 'git://github.com/DrTimothyAldenDavis/SuiteSparse.git;branch=stable;protocol=https')
qualcomm-linux/meta-qcom-robotics-sdk	34916088202	7	105113164770	build-pr / iq-8275-evk/performance_base_linux-qcom-next	foundri-prd-u2404-x64-od-eph-i-0fc4c3d38616fa022	ip-10-185-124-231	2026-09-15T20:50:38.3230943Z	B	suitesparse-colamd-3.3.3-r0:do_unpack	/downloads/git2/github.com.DrTimothyAldenDavis.SuiteSparse.git;	/efsx	ERROR: suitesparse-colamd-3.3.3-r0 do_unpack: Bitbake Fetcher Error: UnpackError('No up to date source found: clone directory not available or not up to date: /downloads/git2/github.com.DrTimothyAldenDavis.SuiteSparse.git; shallow clone not enabled', 'git://github.com/DrTimothyAldenDavis/SuiteSparse.git;branch=stable;protocol=https')
qualcomm-linux/meta-qcom-robotics-sdk	34916088202	8	105456391017	build-pr / iq-8275-evk/performance_base_linux-qcom-next	foundri-prd-u2404-x64-od-eph-i-0fc4c3d38616fa022	ip-10-185-124-231	2026-09-15T20:50:38.3230943Z	B	suitesparse-colamd-3.3.3-r0:do_unpack	/downloads/git2/github.com.DrTimothyAldenDavis.SuiteSparse.git;	/efsx	ERROR: suitesparse-colamd-3.3.3-r0 do_unpack: Bitbake Fetcher Error: UnpackError('No up to date source found: clone directory not available or not up to date: /downloads/git2/github.com.DrTimothyAldenDavis.SuiteSparse.git; shallow clone not enabled', 'git://github.com/DrTimothyAldenDavis/SuiteSparse.git;branch=stable;protocol=https')
qualcomm-linux/meta-qcom-robotics-sdk	34916088202	9	106196148484	build-pr / iq-8275-evk/performance_base_linux-qcom-next	foundri-prd-u2404-x64-od-eph-i-0fc4c3d38616fa022	ip-10-185-124-231	2026-09-15T20:50:38.3230943Z	B	suitesparse-colamd-3.3.3-r0:do_unpack	/downloads/git2/github.com.DrTimothyAldenDavis.SuiteSparse.git;	/efsx	ERROR: suitesparse-colamd-3.3.3-r0 do_unpack: Bitbake Fetcher Error: UnpackError('No up to date source found: clone directory not available or not up to date: /downloads/git2/github.com.DrTimothyAldenDavis.SuiteSparse.git; shallow clone not enabled', 'git://github.com/DrTimothyAldenDavis/SuiteSparse.git;branch=stable;protocol=https')
qualcomm-linux/meta-qcom-robotics-sdk	34916088202	10	106621053618	build-pr / iq-8275-evk/performance_base_linux-qcom-next	foundri-prd-u2404-x64-od-eph-i-0fc4c3d38616fa022	ip-10-185-124-231	2026-09-15T20:50:38.3230943Z	B	suitesparse-colamd-3.3.3-r0:do_unpack	/downloads/git2/github.com.DrTimothyAldenDavis.SuiteSparse.git;	/efsx	ERROR: suitesparse-colamd-3.3.3-r0 do_unpack: Bitbake Fetcher Error: UnpackError('No up to date source found: clone directory not available or not up to date: /downloads/git2/github.com.DrTimothyAldenDavis.SuiteSparse.git; shallow clone not enabled', 'git://github.com/DrTimothyAldenDavis/SuiteSparse.git;branch=stable;protocol=https')
qualcomm-linux/meta-qcom-robotics-sdk	34916088202	5	104555178442	build-pr / iq-8275-evk/qcom-robotics-distro-catchall_base_linux-qcom-next	foundri-prd-u2404-x64-od-eph-i-0e7aeb40dd9bf6241	ip-10-185-121-61	2026-09-15T20:50:50.1609945Z	B	suitesparse-config-7.7.0-r0:do_unpack	/downloads/git2/github.com.DrTimothyAldenDavis.SuiteSparse.git;	/efsx	ERROR: suitesparse-config-7.7.0-r0 do_unpack: Bitbake Fetcher Error: UnpackError('No up to date source found: clone directory not available or not up to date: /downloads/git2/github.com.DrTimothyAldenDavis.SuiteSparse.git; shallow clone not enabled', 'git://github.com/DrTimothyAldenDavis/SuiteSparse.git;branch=stable;protocol=https')
qualcomm-linux/meta-qcom-robotics-sdk	34916088202	5	104555178442	build-pr / iq-8275-evk/qcom-robotics-distro-catchall_base_linux-qcom-next	foundri-prd-u2404-x64-od-eph-i-0e7aeb40dd9bf6241	ip-10-185-121-61	2026-09-15T20:50:50.1609945Z	B	suitesparse-config-7.7.0-r0:do_unpack	/downloads/git2/github.com.DrTimothyAldenDavis.SuiteSparse.git;	/efsx	ERROR: suitesparse-config-7.7.0-r0 do_unpack: Bitbake Fetcher Error: UnpackError('No up to date source found: clone directory not available or not up to date: /downloads/git2/github.com.DrTimothyAldenDavis.SuiteSparse.git; shallow clone not enabled', 'git://github.com/DrTimothyAldenDavis/SuiteSparse.git;branch=stable;protocol=https')
qualcomm-linux/meta-qcom-robotics-sdk	34916088202	6	104573204268	build-pr / iq-8275-evk/qcom-robotics-distro-catchall_base_linux-qcom-next	foundri-prd-u2404-x64-od-eph-i-0e7aeb40dd9bf6241	ip-10-185-121-61	2026-09-15T20:50:50.1609945Z	B	suitesparse-config-7.7.0-r0:do_unpack	/downloads/git2/github.com.DrTimothyAldenDavis.SuiteSparse.git;	/efsx	ERROR: suitesparse-config-7.7.0-r0 do_unpack: Bitbake Fetcher Error: UnpackError('No up to date source found: clone directory not available or not up to date: /downloads/git2/github.com.DrTimothyAldenDavis.SuiteSparse.git; shallow clone not enabled', 'git://github.com/DrTimothyAldenDavis/SuiteSparse.git;branch=stable;protocol=https')
qualcomm-linux/meta-qcom-robotics-sdk	34916088202	7	105113164814	build-pr / iq-8275-evk/qcom-robotics-distro-catchall_base_linux-qcom-next	foundri-prd-u2404-x64-od-eph-i-0e7aeb40dd9bf6241	ip-10-185-121-61	2026-09-15T20:50:50.1609945Z	B	suitesparse-config-7.7.0-r0:do_unpack	/downloads/git2/github.com.DrTimothyAldenDavis.SuiteSparse.git;	/efsx	ERROR: suitesparse-config-7.7.0-r0 do_unpack: Bitbake Fetcher Error: UnpackError('No up to date source found: clone directory not available or not up to date: /downloads/git2/github.com.DrTimothyAldenDavis.SuiteSparse.git; shallow clone not enabled', 'git://github.com/DrTimothyAldenDavis/SuiteSparse.git;branch=stable;protocol=https')
qualcomm-linux/meta-qcom-robotics-sdk	34916088202	8	105456390631	build-pr / iq-8275-evk/qcom-robotics-distro-catchall_base_linux-qcom-next	foundri-prd-u2404-x64-od-eph-i-0e7aeb40dd9bf6241	ip-10-185-121-61	2026-09-15T20:50:50.1609945Z	B	suitesparse-config-7.7.0-r0:do_unpack	/downloads/git2/github.com.DrTimothyAldenDavis.SuiteSparse.git;	/efsx	ERROR: suitesparse-config-7.7.0-r0 do_unpack: Bitbake Fetcher Error: UnpackError('No up to date source found: clone directory not available or not up to date: /downloads/git2/github.com.DrTimothyAldenDavis.SuiteSparse.git; shallow clone not enabled', 'git://github.com/DrTimothyAldenDavis/SuiteSparse.git;branch=stable;protocol=https')
qualcomm-linux/meta-qcom-robotics-sdk	34916088202	9	106196148129	build-pr / iq-8275-evk/qcom-robotics-distro-catchall_base_linux-qcom-next	foundri-prd-u2404-x64-od-eph-i-0e7aeb40dd9bf6241	ip-10-185-121-61	2026-09-15T20:50:50.1609945Z	B	suitesparse-config-7.7.0-r0:do_unpack	/downloads/git2/github.com.DrTimothyAldenDavis.SuiteSparse.git;	/efsx	ERROR: suitesparse-config-7.7.0-r0 do_unpack: Bitbake Fetcher Error: UnpackError('No up to date source found: clone directory not available or not up to date: /downloads/git2/github.com.DrTimothyAldenDavis.SuiteSparse.git; shallow clone not enabled', 'git://github.com/DrTimothyAldenDavis/SuiteSparse.git;branch=stable;protocol=https')
qualcomm-linux/meta-qcom-robotics-sdk	34916088202	10	106621053443	build-pr / iq-8275-evk/qcom-robotics-distro-catchall_base_linux-qcom-next	foundri-prd-u2404-x64-od-eph-i-0e7aeb40dd9bf6241	ip-10-185-121-61	2026-09-15T20:50:50.1609945Z	B	suitesparse-config-7.7.0-r0:do_unpack	/downloads/git2/github.com.DrTimothyAldenDavis.SuiteSparse.git;	/efsx	ERROR: suitesparse-config-7.7.0-r0 do_unpack: Bitbake Fetcher Error: UnpackError('No up to date source found: clone directory not available or not up to date: /downloads/git2/github.com.DrTimothyAldenDavis.SuiteSparse.git; shallow clone not enabled', 'git://github.com/DrTimothyAldenDavis/SuiteSparse.git;branch=stable;protocol=https')
qualcomm-linux/meta-qcom-robotics-sdk	34916088202	5	104555178584	build-pr / iq-9075-evk/debug_base_linux-qcom-next	foundri-prd-u2404-x64-od-eph-i-01755f8c2e9a3455a	ip-10-185-126-232	2026-09-15T20:50:50.1994774Z	B	suitesparse-config-7.7.0-r0:do_unpack	/downloads/git2/github.com.DrTimothyAldenDavis.SuiteSparse.git;	/efsx	ERROR: suitesparse-config-7.7.0-r0 do_unpack: Bitbake Fetcher Error: UnpackError('No up to date source found: clone directory not available or not up to date: /downloads/git2/github.com.DrTimothyAldenDavis.SuiteSparse.git; shallow clone not enabled', 'git://github.com/DrTimothyAldenDavis/SuiteSparse.git;branch=stable;protocol=https')
qualcomm-linux/meta-qcom-robotics-sdk	34916088202	5	104555178584	build-pr / iq-9075-evk/debug_base_linux-qcom-next	foundri-prd-u2404-x64-od-eph-i-01755f8c2e9a3455a	ip-10-185-126-232	2026-09-15T20:50:50.1994774Z	B	suitesparse-config-7.7.0-r0:do_unpack	/downloads/git2/github.com.DrTimothyAldenDavis.SuiteSparse.git;	/efsx	ERROR: suitesparse-config-7.7.0-r0 do_unpack: Bitbake Fetcher Error: UnpackError('No up to date source found: clone directory not available or not up to date: /downloads/git2/github.com.DrTimothyAldenDavis.SuiteSparse.git; shallow clone not enabled', 'git://github.com/DrTimothyAldenDavis/SuiteSparse.git;branch=stable;protocol=https')
qualcomm-linux/meta-qcom-robotics-sdk	34916088202	6	104573205061	build-pr / iq-9075-evk/debug_base_linux-qcom-next	foundri-prd-u2404-x64-od-eph-i-01755f8c2e9a3455a	ip-10-185-126-232	2026-09-15T20:50:50.1994774Z	B	suitesparse-config-7.7.0-r0:do_unpack	/downloads/git2/github.com.DrTimothyAldenDavis.SuiteSparse.git;	/efsx	ERROR: suitesparse-config-7.7.0-r0 do_unpack: Bitbake Fetcher Error: UnpackError('No up to date source found: clone directory not available or not up to date: /downloads/git2/github.com.DrTimothyAldenDavis.SuiteSparse.git; shallow clone not enabled', 'git://github.com/DrTimothyAldenDavis/SuiteSparse.git;branch=stable;protocol=https')
qualcomm-linux/meta-qcom-robotics-sdk	34916088202	7	105113166106	build-pr / iq-9075-evk/debug_base_linux-qcom-next	foundri-prd-u2404-x64-od-eph-i-01755f8c2e9a3455a	ip-10-185-126-232	2026-09-15T20:50:50.1994774Z	B	suitesparse-config-7.7.0-r0:do_unpack	/downloads/git2/github.com.DrTimothyAldenDavis.SuiteSparse.git;	/efsx	ERROR: suitesparse-config-7.7.0-r0 do_unpack: Bitbake Fetcher Error: UnpackError('No up to date source found: clone directory not available or not up to date: /downloads/git2/github.com.DrTimothyAldenDavis.SuiteSparse.git; shallow clone not enabled', 'git://github.com/DrTimothyAldenDavis/SuiteSparse.git;branch=stable;protocol=https')
qualcomm-linux/meta-qcom-robotics-sdk	34916088202	8	105456391604	build-pr / iq-9075-evk/debug_base_linux-qcom-next	foundri-prd-u2404-x64-od-eph-i-01755f8c2e9a3455a	ip-10-185-126-232	2026-09-15T20:50:50.1994774Z	B	suitesparse-config-7.7.0-r0:do_unpack	/downloads/git2/github.com.DrTimothyAldenDavis.SuiteSparse.git;	/efsx	ERROR: suitesparse-config-7.7.0-r0 do_unpack: Bitbake Fetcher Error: UnpackError('No up to date source found: clone directory not available or not up to date: /downloads/git2/github.com.DrTimothyAldenDavis.SuiteSparse.git; shallow clone not enabled', 'git://github.com/DrTimothyAldenDavis/SuiteSparse.git;branch=stable;protocol=https')
qualcomm-linux/meta-qcom-robotics-sdk	34916088202	9	106196148503	build-pr / iq-9075-evk/debug_base_linux-qcom-next	foundri-prd-u2404-x64-od-eph-i-01755f8c2e9a3455a	ip-10-185-126-232	2026-09-15T20:50:50.1994774Z	B	suitesparse-config-7.7.0-r0:do_unpack	/downloads/git2/github.com.DrTimothyAldenDavis.SuiteSparse.git;	/efsx	ERROR: suitesparse-config-7.7.0-r0 do_unpack: Bitbake Fetcher Error: UnpackError('No up to date source found: clone directory not available or not up to date: /downloads/git2/github.com.DrTimothyAldenDavis.SuiteSparse.git; shallow clone not enabled', 'git://github.com/DrTimothyAldenDavis/SuiteSparse.git;branch=stable;protocol=https')
qualcomm-linux/meta-qcom-robotics-sdk	34916088202	10	106621054262	build-pr / iq-9075-evk/debug_base_linux-qcom-next	foundri-prd-u2404-x64-od-eph-i-01755f8c2e9a3455a	ip-10-185-126-232	2026-09-15T20:50:50.1994774Z	B	suitesparse-config-7.7.0-r0:do_unpack	/downloads/git2/github.com.DrTimothyAldenDavis.SuiteSparse.git;	/efsx	ERROR: suitesparse-config-7.7.0-r0 do_unpack: Bitbake Fetcher Error: UnpackError('No up to date source found: clone directory not available or not up to date: /downloads/git2/github.com.DrTimothyAldenDavis.SuiteSparse.git; shallow clone not enabled', 'git://github.com/DrTimothyAldenDavis/SuiteSparse.git;branch=stable;protocol=https')
qualcomm-linux/meta-qcom-robotics-sdk	34916088202	5	104555178852	build-pr / iq-9075-evk/performance_base_linux-qcom-next	foundri-prd-u2404-x64-od-eph-i-0e4eabc7d4a8ca846	ip-10-185-118-137	2026-09-15T20:51:51.9224414Z	B	suitesparse-config-7.7.0-r0:do_unpack	/downloads/git2/github.com.DrTimothyAldenDavis.SuiteSparse.git;	/efsx	ERROR: suitesparse-config-7.7.0-r0 do_unpack: Bitbake Fetcher Error: UnpackError('No up to date source found: clone directory not available or not up to date: /downloads/git2/github.com.DrTimothyAldenDavis.SuiteSparse.git; shallow clone not enabled', 'git://github.com/DrTimothyAldenDavis/SuiteSparse.git;branch=stable;protocol=https')
qualcomm-linux/meta-qcom-robotics-sdk	34916088202	5	104555178852	build-pr / iq-9075-evk/performance_base_linux-qcom-next	foundri-prd-u2404-x64-od-eph-i-0e4eabc7d4a8ca846	ip-10-185-118-137	2026-09-15T20:51:51.9224414Z	B	suitesparse-config-7.7.0-r0:do_unpack	/downloads/git2/github.com.DrTimothyAldenDavis.SuiteSparse.git;	/efsx	ERROR: suitesparse-config-7.7.0-r0 do_unpack: Bitbake Fetcher Error: UnpackError('No up to date source found: clone directory not available or not up to date: /downloads/git2/github.com.DrTimothyAldenDavis.SuiteSparse.git; shallow clone not enabled', 'git://github.com/DrTimothyAldenDavis/SuiteSparse.git;branch=stable;protocol=https')
qualcomm-linux/meta-qcom-robotics-sdk	34916088202	6	104573205138	build-pr / iq-9075-evk/performance_base_linux-qcom-next	foundri-prd-u2404-x64-od-eph-i-0e4eabc7d4a8ca846	ip-10-185-118-137	2026-09-15T20:51:51.9224414Z	B	suitesparse-config-7.7.0-r0:do_unpack	/downloads/git2/github.com.DrTimothyAldenDavis.SuiteSparse.git;	/efsx	ERROR: suitesparse-config-7.7.0-r0 do_unpack: Bitbake Fetcher Error: UnpackError('No up to date source found: clone directory not available or not up to date: /downloads/git2/github.com.DrTimothyAldenDavis.SuiteSparse.git; shallow clone not enabled', 'git://github.com/DrTimothyAldenDavis/SuiteSparse.git;branch=stable;protocol=https')
qualcomm-linux/meta-qcom-robotics-sdk	34916088202	7	105113166614	build-pr / iq-9075-evk/performance_base_linux-qcom-next	foundri-prd-u2404-x64-od-eph-i-0e4eabc7d4a8ca846	ip-10-185-118-137	2026-09-15T20:51:51.9224414Z	B	suitesparse-config-7.7.0-r0:do_unpack	/downloads/git2/github.com.DrTimothyAldenDavis.SuiteSparse.git;	/efsx	ERROR: suitesparse-config-7.7.0-r0 do_unpack: Bitbake Fetcher Error: UnpackError('No up to date source found: clone directory not available or not up to date: /downloads/git2/github.com.DrTimothyAldenDavis.SuiteSparse.git; shallow clone not enabled', 'git://github.com/DrTimothyAldenDavis/SuiteSparse.git;branch=stable;protocol=https')
qualcomm-linux/meta-qcom-robotics-sdk	34916088202	8	105456391511	build-pr / iq-9075-evk/performance_base_linux-qcom-next	foundri-prd-u2404-x64-od-eph-i-0e4eabc7d4a8ca846	ip-10-185-118-137	2026-09-15T20:51:51.9224414Z	B	suitesparse-config-7.7.0-r0:do_unpack	/downloads/git2/github.com.DrTimothyAldenDavis.SuiteSparse.git;	/efsx	ERROR: suitesparse-config-7.7.0-r0 do_unpack: Bitbake Fetcher Error: UnpackError('No up to date source found: clone directory not available or not up to date: /downloads/git2/github.com.DrTimothyAldenDavis.SuiteSparse.git; shallow clone not enabled', 'git://github.com/DrTimothyAldenDavis/SuiteSparse.git;branch=stable;protocol=https')
qualcomm-linux/meta-qcom-robotics-sdk	34916088202	9	106196148664	build-pr / iq-9075-evk/performance_base_linux-qcom-next	foundri-prd-u2404-x64-od-eph-i-0e4eabc7d4a8ca846	ip-10-185-118-137	2026-09-15T20:51:51.9224414Z	B	suitesparse-config-7.7.0-r0:do_unpack	/downloads/git2/github.com.DrTimothyAldenDavis.SuiteSparse.git;	/efsx	ERROR: suitesparse-config-7.7.0-r0 do_unpack: Bitbake Fetcher Error: UnpackError('No up to date source found: clone directory not available or not up to date: /downloads/git2/github.com.DrTimothyAldenDavis.SuiteSparse.git; shallow clone not enabled', 'git://github.com/DrTimothyAldenDavis/SuiteSparse.git;branch=stable;protocol=https')
qualcomm-linux/meta-qcom-robotics-sdk	34916088202	10	106621054397	build-pr / iq-9075-evk/performance_base_linux-qcom-next	foundri-prd-u2404-x64-od-eph-i-0e4eabc7d4a8ca846	ip-10-185-118-137	2026-09-15T20:51:51.9224414Z	B	suitesparse-config-7.7.0-r0:do_unpack	/downloads/git2/github.com.DrTimothyAldenDavis.SuiteSparse.git;	/efsx	ERROR: suitesparse-config-7.7.0-r0 do_unpack: Bitbake Fetcher Error: UnpackError('No up to date source found: clone directory not available or not up to date: /downloads/git2/github.com.DrTimothyAldenDavis.SuiteSparse.git; shallow clone not enabled', 'git://github.com/DrTimothyAldenDavis/SuiteSparse.git;branch=stable;protocol=https')
qualcomm-linux/meta-qcom-robotics-sdk	34916088202	5	104555178539	build-pr / iq-8275-evk/performance_full_linux-qcom-next	foundri-prd-u2404-x64-od-eph-i-09fb5c9526bc20c1e	ip-10-185-123-200	2026-09-15T20:52:11.0765879Z	B	suitesparse-colamd-3.3.3-r0:do_unpack	/downloads/git2/github.com.DrTimothyAldenDavis.SuiteSparse.git;	/efsx	ERROR: suitesparse-colamd-3.3.3-r0 do_unpack: Bitbake Fetcher Error: UnpackError('No up to date source found: clone directory not available or not up to date: /downloads/git2/github.com.DrTimothyAldenDavis.SuiteSparse.git; shallow clone not enabled', 'git://github.com/DrTimothyAldenDavis/SuiteSparse.git;branch=stable;protocol=https')
qualcomm-linux/meta-qcom-robotics-sdk	34916088202	5	104555178539	build-pr / iq-8275-evk/performance_full_linux-qcom-next	foundri-prd-u2404-x64-od-eph-i-09fb5c9526bc20c1e	ip-10-185-123-200	2026-09-15T20:52:11.0765879Z	B	suitesparse-colamd-3.3.3-r0:do_unpack	/downloads/git2/github.com.DrTimothyAldenDavis.SuiteSparse.git;	/efsx	ERROR: suitesparse-colamd-3.3.3-r0 do_unpack: Bitbake Fetcher Error: UnpackError('No up to date source found: clone directory not available or not up to date: /downloads/git2/github.com.DrTimothyAldenDavis.SuiteSparse.git; shallow clone not enabled', 'git://github.com/DrTimothyAldenDavis/SuiteSparse.git;branch=stable;protocol=https')
qualcomm-linux/meta-qcom-robotics-sdk	34916088202	6	104573204128	build-pr / iq-8275-evk/performance_full_linux-qcom-next	foundri-prd-u2404-x64-od-eph-i-09fb5c9526bc20c1e	ip-10-185-123-200	2026-09-15T20:52:11.0765879Z	B	suitesparse-colamd-3.3.3-r0:do_unpack	/downloads/git2/github.com.DrTimothyAldenDavis.SuiteSparse.git;	/efsx	ERROR: suitesparse-colamd-3.3.3-r0 do_unpack: Bitbake Fetcher Error: UnpackError('No up to date source found: clone directory not available or not up to date: /downloads/git2/github.com.DrTimothyAldenDavis.SuiteSparse.git; shallow clone not enabled', 'git://github.com/DrTimothyAldenDavis/SuiteSparse.git;branch=stable;protocol=https')
qualcomm-linux/meta-qcom-robotics-sdk	34916088202	7	105113164910	build-pr / iq-8275-evk/performance_full_linux-qcom-next	foundri-prd-u2404-x64-od-eph-i-09fb5c9526bc20c1e	ip-10-185-123-200	2026-09-15T20:52:11.0765879Z	B	suitesparse-colamd-3.3.3-r0:do_unpack	/downloads/git2/github.com.DrTimothyAldenDavis.SuiteSparse.git;	/efsx	ERROR: suitesparse-colamd-3.3.3-r0 do_unpack: Bitbake Fetcher Error: UnpackError('No up to date source found: clone directory not available or not up to date: /downloads/git2/github.com.DrTimothyAldenDavis.SuiteSparse.git; shallow clone not enabled', 'git://github.com/DrTimothyAldenDavis/SuiteSparse.git;branch=stable;protocol=https')
qualcomm-linux/meta-qcom-robotics-sdk	34916088202	8	105456391069	build-pr / iq-8275-evk/performance_full_linux-qcom-next	foundri-prd-u2404-x64-od-eph-i-09fb5c9526bc20c1e	ip-10-185-123-200	2026-09-15T20:52:11.0765879Z	B	suitesparse-colamd-3.3.3-r0:do_unpack	/downloads/git2/github.com.DrTimothyAldenDavis.SuiteSparse.git;	/efsx	ERROR: suitesparse-colamd-3.3.3-r0 do_unpack: Bitbake Fetcher Error: UnpackError('No up to date source found: clone directory not available or not up to date: /downloads/git2/github.com.DrTimothyAldenDavis.SuiteSparse.git; shallow clone not enabled', 'git://github.com/DrTimothyAldenDavis/SuiteSparse.git;branch=stable;protocol=https')
qualcomm-linux/meta-qcom-robotics-sdk	34916088202	9	106196148283	build-pr / iq-8275-evk/performance_full_linux-qcom-next	foundri-prd-u2404-x64-od-eph-i-09fb5c9526bc20c1e	ip-10-185-123-200	2026-09-15T20:52:11.0765879Z	B	suitesparse-colamd-3.3.3-r0:do_unpack	/downloads/git2/github.com.DrTimothyAldenDavis.SuiteSparse.git;	/efsx	ERROR: suitesparse-colamd-3.3.3-r0 do_unpack: Bitbake Fetcher Error: UnpackError('No up to date source found: clone directory not available or not up to date: /downloads/git2/github.com.DrTimothyAldenDavis.SuiteSparse.git; shallow clone not enabled', 'git://github.com/DrTimothyAldenDavis/SuiteSparse.git;branch=stable;protocol=https')
qualcomm-linux/meta-qcom-robotics-sdk	34916088202	10	106621053828	build-pr / iq-8275-evk/performance_full_linux-qcom-next	foundri-prd-u2404-x64-od-eph-i-09fb5c9526bc20c1e	ip-10-185-123-200	2026-09-15T20:52:11.0765879Z	B	suitesparse-colamd-3.3.3-r0:do_unpack	/downloads/git2/github.com.DrTimothyAldenDavis.SuiteSparse.git;	/efsx	ERROR: suitesparse-colamd-3.3.3-r0 do_unpack: Bitbake Fetcher Error: UnpackError('No up to date source found: clone directory not available or not up to date: /downloads/git2/github.com.DrTimothyAldenDavis.SuiteSparse.git; shallow clone not enabled', 'git://github.com/DrTimothyAldenDavis/SuiteSparse.git;branch=stable;protocol=https')
qualcomm-linux/meta-qcom-robotics-sdk	34916088202	5	104555178500	build-pr / iq-9075-evk/qcom-robotics-distro-catchall_base_linux-qcom-next	foundri-prd-u2404-x64-od-eph-i-084ccc868c7be4649	ip-10-185-127-75	2026-09-15T20:52:11.0797210Z	B	suitesparse-colamd-3.3.3-r0:do_unpack	/downloads/git2/github.com.DrTimothyAldenDavis.SuiteSparse.git;	/efsx	ERROR: suitesparse-colamd-3.3.3-r0 do_unpack: Bitbake Fetcher Error: UnpackError('No up to date source found: clone directory not available or not up to date: /downloads/git2/github.com.DrTimothyAldenDavis.SuiteSparse.git; shallow clone not enabled', 'git://github.com/DrTimothyAldenDavis/SuiteSparse.git;branch=stable;protocol=https')
qualcomm-linux/meta-qcom-robotics-sdk	34916088202	5	104555178500	build-pr / iq-9075-evk/qcom-robotics-distro-catchall_base_linux-qcom-next	foundri-prd-u2404-x64-od-eph-i-084ccc868c7be4649	ip-10-185-127-75	2026-09-15T20:52:11.0797210Z	B	suitesparse-colamd-3.3.3-r0:do_unpack	/downloads/git2/github.com.DrTimothyAldenDavis.SuiteSparse.git;	/efsx	ERROR: suitesparse-colamd-3.3.3-r0 do_unpack: Bitbake Fetcher Error: UnpackError('No up to date source found: clone directory not available or not up to date: /downloads/git2/github.com.DrTimothyAldenDavis.SuiteSparse.git; shallow clone not enabled', 'git://github.com/DrTimothyAldenDavis/SuiteSparse.git;branch=stable;protocol=https')
qualcomm-linux/meta-qcom-robotics-sdk	34916088202	6	104573204322	build-pr / iq-9075-evk/qcom-robotics-distro-catchall_base_linux-qcom-next	foundri-prd-u2404-x64-od-eph-i-084ccc868c7be4649	ip-10-185-127-75	2026-09-15T20:52:11.0797210Z	B	suitesparse-colamd-3.3.3-r0:do_unpack	/downloads/git2/github.com.DrTimothyAldenDavis.SuiteSparse.git;	/efsx	ERROR: suitesparse-colamd-3.3.3-r0 do_unpack: Bitbake Fetcher Error: UnpackError('No up to date source found: clone directory not available or not up to date: /downloads/git2/github.com.DrTimothyAldenDavis.SuiteSparse.git; shallow clone not enabled', 'git://github.com/DrTimothyAldenDavis/SuiteSparse.git;branch=stable;protocol=https')
qualcomm-linux/meta-qcom-robotics-sdk	34916088202	7	105113165763	build-pr / iq-9075-evk/qcom-robotics-distro-catchall_base_linux-qcom-next	foundri-prd-u2404-x64-od-eph-i-084ccc868c7be4649	ip-10-185-127-75	2026-09-15T20:52:11.0797210Z	B	suitesparse-colamd-3.3.3-r0:do_unpack	/downloads/git2/github.com.DrTimothyAldenDavis.SuiteSparse.git;	/efsx	ERROR: suitesparse-colamd-3.3.3-r0 do_unpack: Bitbake Fetcher Error: UnpackError('No up to date source found: clone directory not available or not up to date: /downloads/git2/github.com.DrTimothyAldenDavis.SuiteSparse.git; shallow clone not enabled', 'git://github.com/DrTimothyAldenDavis/SuiteSparse.git;branch=stable;protocol=https')
qualcomm-linux/meta-qcom-robotics-sdk	34916088202	8	105456391466	build-pr / iq-9075-evk/qcom-robotics-distro-catchall_base_linux-qcom-next	foundri-prd-u2404-x64-od-eph-i-084ccc868c7be4649	ip-10-185-127-75	2026-09-15T20:52:11.0797210Z	B	suitesparse-colamd-3.3.3-r0:do_unpack	/downloads/git2/github.com.DrTimothyAldenDavis.SuiteSparse.git;	/efsx	ERROR: suitesparse-colamd-3.3.3-r0 do_unpack: Bitbake Fetcher Error: UnpackError('No up to date source found: clone directory not available or not up to date: /downloads/git2/github.com.DrTimothyAldenDavis.SuiteSparse.git; shallow clone not enabled', 'git://github.com/DrTimothyAldenDavis/SuiteSparse.git;branch=stable;protocol=https')
qualcomm-linux/meta-qcom-robotics-sdk	34916088202	9	106196148165	build-pr / iq-9075-evk/qcom-robotics-distro-catchall_base_linux-qcom-next	foundri-prd-u2404-x64-od-eph-i-084ccc868c7be4649	ip-10-185-127-75	2026-09-15T20:52:11.0797210Z	B	suitesparse-colamd-3.3.3-r0:do_unpack	/downloads/git2/github.com.DrTimothyAldenDavis.SuiteSparse.git;	/efsx	ERROR: suitesparse-colamd-3.3.3-r0 do_unpack: Bitbake Fetcher Error: UnpackError('No up to date source found: clone directory not available or not up to date: /downloads/git2/github.com.DrTimothyAldenDavis.SuiteSparse.git; shallow clone not enabled', 'git://github.com/DrTimothyAldenDavis/SuiteSparse.git;branch=stable;protocol=https')
qualcomm-linux/meta-qcom-robotics-sdk	34916088202	10	106621053846	build-pr / iq-9075-evk/qcom-robotics-distro-catchall_base_linux-qcom-next	foundri-prd-u2404-x64-od-eph-i-084ccc868c7be4649	ip-10-185-127-75	2026-09-15T20:52:11.0797210Z	B	suitesparse-colamd-3.3.3-r0:do_unpack	/downloads/git2/github.com.DrTimothyAldenDavis.SuiteSparse.git;	/efsx	ERROR: suitesparse-colamd-3.3.3-r0 do_unpack: Bitbake Fetcher Error: UnpackError('No up to date source found: clone directory not available or not up to date: /downloads/git2/github.com.DrTimothyAldenDavis.SuiteSparse.git; shallow clone not enabled', 'git://github.com/DrTimothyAldenDavis/SuiteSparse.git;branch=stable;protocol=https')
qualcomm-linux/meta-qcom-robotics-sdk	34916088202	5	104555178458	build-pr / iq-8275-evk/qcom-robotics-distro_base_linux-qcom-next	foundri-prd-u2404-x64-od-eph-i-05bb8049ce43feb62	ip-10-185-120-201	2026-09-15T20:52:11.0915710Z	B	suitesparse-config-7.7.0-r0:do_unpack	/downloads/git2/github.com.DrTimothyAldenDavis.SuiteSparse.git;	/efsx	ERROR: suitesparse-config-7.7.0-r0 do_unpack: Bitbake Fetcher Error: UnpackError('No up to date source found: clone directory not available or not up to date: /downloads/git2/github.com.DrTimothyAldenDavis.SuiteSparse.git; shallow clone not enabled', 'git://github.com/DrTimothyAldenDavis/SuiteSparse.git;branch=stable;protocol=https')
qualcomm-linux/meta-qcom-robotics-sdk	34916088202	5	104555178458	build-pr / iq-8275-evk/qcom-robotics-distro_base_linux-qcom-next	foundri-prd-u2404-x64-od-eph-i-05bb8049ce43feb62	ip-10-185-120-201	2026-09-15T20:52:11.0915710Z	B	suitesparse-config-7.7.0-r0:do_unpack	/downloads/git2/github.com.DrTimothyAldenDavis.SuiteSparse.git;	/efsx	ERROR: suitesparse-config-7.7.0-r0 do_unpack: Bitbake Fetcher Error: UnpackError('No up to date source found: clone directory not available or not up to date: /downloads/git2/github.com.DrTimothyAldenDavis.SuiteSparse.git; shallow clone not enabled', 'git://github.com/DrTimothyAldenDavis/SuiteSparse.git;branch=stable;protocol=https')
qualcomm-linux/meta-qcom-robotics-sdk	34916088202	6	104573204111	build-pr / iq-8275-evk/qcom-robotics-distro_base_linux-qcom-next	foundri-prd-u2404-x64-od-eph-i-05bb8049ce43feb62	ip-10-185-120-201	2026-09-15T20:52:11.0915710Z	B	suitesparse-config-7.7.0-r0:do_unpack	/downloads/git2/github.com.DrTimothyAldenDavis.SuiteSparse.git;	/efsx	ERROR: suitesparse-config-7.7.0-r0 do_unpack: Bitbake Fetcher Error: UnpackError('No up to date source found: clone directory not available or not up to date: /downloads/git2/github.com.DrTimothyAldenDavis.SuiteSparse.git; shallow clone not enabled', 'git://github.com/DrTimothyAldenDavis/SuiteSparse.git;branch=stable;protocol=https')
qualcomm-linux/meta-qcom-robotics-sdk	34916088202	7	105113164579	build-pr / iq-8275-evk/qcom-robotics-distro_base_linux-qcom-next	foundri-prd-u2404-x64-od-eph-i-05bb8049ce43feb62	ip-10-185-120-201	2026-09-15T20:52:11.0915710Z	B	suitesparse-config-7.7.0-r0:do_unpack	/downloads/git2/github.com.DrTimothyAldenDavis.SuiteSparse.git;	/efsx	ERROR: suitesparse-config-7.7.0-r0 do_unpack: Bitbake Fetcher Error: UnpackError('No up to date source found: clone directory not available or not up to date: /downloads/git2/github.com.DrTimothyAldenDavis.SuiteSparse.git; shallow clone not enabled', 'git://github.com/DrTimothyAldenDavis/SuiteSparse.git;branch=stable;protocol=https')
qualcomm-linux/meta-qcom-robotics-sdk	34916088202	8	105456389846	build-pr / iq-8275-evk/qcom-robotics-distro_base_linux-qcom-next	foundri-prd-u2404-x64-od-eph-i-05bb8049ce43feb62	ip-10-185-120-201	2026-09-15T20:52:11.0915710Z	B	suitesparse-config-7.7.0-r0:do_unpack	/downloads/git2/github.com.DrTimothyAldenDavis.SuiteSparse.git;	/efsx	ERROR: suitesparse-config-7.7.0-r0 do_unpack: Bitbake Fetcher Error: UnpackError('No up to date source found: clone directory not available or not up to date: /downloads/git2/github.com.DrTimothyAldenDavis.SuiteSparse.git; shallow clone not enabled', 'git://github.com/DrTimothyAldenDavis/SuiteSparse.git;branch=stable;protocol=https')
qualcomm-linux/meta-qcom-robotics-sdk	34916088202	9	106196147465	build-pr / iq-8275-evk/qcom-robotics-distro_base_linux-qcom-next	foundri-prd-u2404-x64-od-eph-i-05bb8049ce43feb62	ip-10-185-120-201	2026-09-15T20:52:11.0915710Z	B	suitesparse-config-7.7.0-r0:do_unpack	/downloads/git2/github.com.DrTimothyAldenDavis.SuiteSparse.git;	/efsx	ERROR: suitesparse-config-7.7.0-r0 do_unpack: Bitbake Fetcher Error: UnpackError('No up to date source found: clone directory not available or not up to date: /downloads/git2/github.com.DrTimothyAldenDavis.SuiteSparse.git; shallow clone not enabled', 'git://github.com/DrTimothyAldenDavis/SuiteSparse.git;branch=stable;protocol=https')
qualcomm-linux/meta-qcom-robotics-sdk	34916088202	10	106621053192	build-pr / iq-8275-evk/qcom-robotics-distro_base_linux-qcom-next	foundri-prd-u2404-x64-od-eph-i-05bb8049ce43feb62	ip-10-185-120-201	2026-09-15T20:52:11.0915710Z	B	suitesparse-config-7.7.0-r0:do_unpack	/downloads/git2/github.com.DrTimothyAldenDavis.SuiteSparse.git;	/efsx	ERROR: suitesparse-config-7.7.0-r0 do_unpack: Bitbake Fetcher Error: UnpackError('No up to date source found: clone directory not available or not up to date: /downloads/git2/github.com.DrTimothyAldenDavis.SuiteSparse.git; shallow clone not enabled', 'git://github.com/DrTimothyAldenDavis/SuiteSparse.git;branch=stable;protocol=https')
qualcomm-linux/meta-qcom-robotics-sdk	34916088202	5	104555178539	build-pr / iq-8275-evk/performance_full_linux-qcom-next	foundri-prd-u2404-x64-od-eph-i-09fb5c9526bc20c1e	ip-10-185-123-200	2026-09-15T20:52:11.0956740Z	B	suitesparse-config-7.7.0-r0:do_unpack	/downloads/git2/github.com.DrTimothyAldenDavis.SuiteSparse.git;	/efsx	ERROR: suitesparse-config-7.7.0-r0 do_unpack: Bitbake Fetcher Error: UnpackError('No up to date source found: clone directory not available or not up to date: /downloads/git2/github.com.DrTimothyAldenDavis.SuiteSparse.git; shallow clone not enabled', 'git://github.com/DrTimothyAldenDavis/SuiteSparse.git;branch=stable;protocol=https')
qualcomm-linux/meta-qcom-robotics-sdk	34916088202	5	104555178539	build-pr / iq-8275-evk/performance_full_linux-qcom-next	foundri-prd-u2404-x64-od-eph-i-09fb5c9526bc20c1e	ip-10-185-123-200	2026-09-15T20:52:11.0956740Z	B	suitesparse-config-7.7.0-r0:do_unpack	/downloads/git2/github.com.DrTimothyAldenDavis.SuiteSparse.git;	/efsx	ERROR: suitesparse-config-7.7.0-r0 do_unpack: Bitbake Fetcher Error: UnpackError('No up to date source found: clone directory not available or not up to date: /downloads/git2/github.com.DrTimothyAldenDavis.SuiteSparse.git; shallow clone not enabled', 'git://github.com/DrTimothyAldenDavis/SuiteSparse.git;branch=stable;protocol=https')
qualcomm-linux/meta-qcom-robotics-sdk	34916088202	6	104573204128	build-pr / iq-8275-evk/performance_full_linux-qcom-next	foundri-prd-u2404-x64-od-eph-i-09fb5c9526bc20c1e	ip-10-185-123-200	2026-09-15T20:52:11.0956740Z	B	suitesparse-config-7.7.0-r0:do_unpack	/downloads/git2/github.com.DrTimothyAldenDavis.SuiteSparse.git;	/efsx	ERROR: suitesparse-config-7.7.0-r0 do_unpack: Bitbake Fetcher Error: UnpackError('No up to date source found: clone directory not available or not up to date: /downloads/git2/github.com.DrTimothyAldenDavis.SuiteSparse.git; shallow clone not enabled', 'git://github.com/DrTimothyAldenDavis/SuiteSparse.git;branch=stable;protocol=https')
qualcomm-linux/meta-qcom-robotics-sdk	34916088202	7	105113164910	build-pr / iq-8275-evk/performance_full_linux-qcom-next	foundri-prd-u2404-x64-od-eph-i-09fb5c9526bc20c1e	ip-10-185-123-200	2026-09-15T20:52:11.0956740Z	B	suitesparse-config-7.7.0-r0:do_unpack	/downloads/git2/github.com.DrTimothyAldenDavis.SuiteSparse.git;	/efsx	ERROR: suitesparse-config-7.7.0-r0 do_unpack: Bitbake Fetcher Error: UnpackError('No up to date source found: clone directory not available or not up to date: /downloads/git2/github.com.DrTimothyAldenDavis.SuiteSparse.git; shallow clone not enabled', 'git://github.com/DrTimothyAldenDavis/SuiteSparse.git;branch=stable;protocol=https')
qualcomm-linux/meta-qcom-robotics-sdk	34916088202	8	105456391069	build-pr / iq-8275-evk/performance_full_linux-qcom-next	foundri-prd-u2404-x64-od-eph-i-09fb5c9526bc20c1e	ip-10-185-123-200	2026-09-15T20:52:11.0956740Z	B	suitesparse-config-7.7.0-r0:do_unpack	/downloads/git2/github.com.DrTimothyAldenDavis.SuiteSparse.git;	/efsx	ERROR: suitesparse-config-7.7.0-r0 do_unpack: Bitbake Fetcher Error: UnpackError('No up to date source found: clone directory not available or not up to date: /downloads/git2/github.com.DrTimothyAldenDavis.SuiteSparse.git; shallow clone not enabled', 'git://github.com/DrTimothyAldenDavis/SuiteSparse.git;branch=stable;protocol=https')
qualcomm-linux/meta-qcom-robotics-sdk	34916088202	9	106196148283	build-pr / iq-8275-evk/performance_full_linux-qcom-next	foundri-prd-u2404-x64-od-eph-i-09fb5c9526bc20c1e	ip-10-185-123-200	2026-09-15T20:52:11.0956740Z	B	suitesparse-config-7.7.0-r0:do_unpack	/downloads/git2/github.com.DrTimothyAldenDavis.SuiteSparse.git;	/efsx	ERROR: suitesparse-config-7.7.0-r0 do_unpack: Bitbake Fetcher Error: UnpackError('No up to date source found: clone directory not available or not up to date: /downloads/git2/github.com.DrTimothyAldenDavis.SuiteSparse.git; shallow clone not enabled', 'git://github.com/DrTimothyAldenDavis/SuiteSparse.git;branch=stable;protocol=https')
qualcomm-linux/meta-qcom-robotics-sdk	34916088202	10	106621053828	build-pr / iq-8275-evk/performance_full_linux-qcom-next	foundri-prd-u2404-x64-od-eph-i-09fb5c9526bc20c1e	ip-10-185-123-200	2026-09-15T20:52:11.0956740Z	B	suitesparse-config-7.7.0-r0:do_unpack	/downloads/git2/github.com.DrTimothyAldenDavis.SuiteSparse.git;	/efsx	ERROR: suitesparse-config-7.7.0-r0 do_unpack: Bitbake Fetcher Error: UnpackError('No up to date source found: clone directory not available or not up to date: /downloads/git2/github.com.DrTimothyAldenDavis.SuiteSparse.git; shallow clone not enabled', 'git://github.com/DrTimothyAldenDavis/SuiteSparse.git;branch=stable;protocol=https')
qualcomm-linux/meta-qcom-robotics-sdk	34916088202	5	104555178852	build-pr / iq-9075-evk/performance_base_linux-qcom-next	foundri-prd-u2404-x64-od-eph-i-0e4eabc7d4a8ca846	ip-10-185-118-137	2026-09-15T20:52:50.2851588Z	B	suitesparse-colamd-3.3.3-r0:do_unpack	/downloads/git2/github.com.DrTimothyAldenDavis.SuiteSparse.git;	/efsx	ERROR: suitesparse-colamd-3.3.3-r0 do_unpack: Bitbake Fetcher Error: UnpackError('No up to date source found: clone directory not available or not up to date: /downloads/git2/github.com.DrTimothyAldenDavis.SuiteSparse.git; shallow clone not enabled', 'git://github.com/DrTimothyAldenDavis/SuiteSparse.git;branch=stable;protocol=https')
qualcomm-linux/meta-qcom-robotics-sdk	34916088202	5	104555178852	build-pr / iq-9075-evk/performance_base_linux-qcom-next	foundri-prd-u2404-x64-od-eph-i-0e4eabc7d4a8ca846	ip-10-185-118-137	2026-09-15T20:52:50.2851588Z	B	suitesparse-colamd-3.3.3-r0:do_unpack	/downloads/git2/github.com.DrTimothyAldenDavis.SuiteSparse.git;	/efsx	ERROR: suitesparse-colamd-3.3.3-r0 do_unpack: Bitbake Fetcher Error: UnpackError('No up to date source found: clone directory not available or not up to date: /downloads/git2/github.com.DrTimothyAldenDavis.SuiteSparse.git; shallow clone not enabled', 'git://github.com/DrTimothyAldenDavis/SuiteSparse.git;branch=stable;protocol=https')
qualcomm-linux/meta-qcom-robotics-sdk	34916088202	6	104573205138	build-pr / iq-9075-evk/performance_base_linux-qcom-next	foundri-prd-u2404-x64-od-eph-i-0e4eabc7d4a8ca846	ip-10-185-118-137	2026-09-15T20:52:50.2851588Z	B	suitesparse-colamd-3.3.3-r0:do_unpack	/downloads/git2/github.com.DrTimothyAldenDavis.SuiteSparse.git;	/efsx	ERROR: suitesparse-colamd-3.3.3-r0 do_unpack: Bitbake Fetcher Error: UnpackError('No up to date source found: clone directory not available or not up to date: /downloads/git2/github.com.DrTimothyAldenDavis.SuiteSparse.git; shallow clone not enabled', 'git://github.com/DrTimothyAldenDavis/SuiteSparse.git;branch=stable;protocol=https')
qualcomm-linux/meta-qcom-robotics-sdk	34916088202	7	105113166614	build-pr / iq-9075-evk/performance_base_linux-qcom-next	foundri-prd-u2404-x64-od-eph-i-0e4eabc7d4a8ca846	ip-10-185-118-137	2026-09-15T20:52:50.2851588Z	B	suitesparse-colamd-3.3.3-r0:do_unpack	/downloads/git2/github.com.DrTimothyAldenDavis.SuiteSparse.git;	/efsx	ERROR: suitesparse-colamd-3.3.3-r0 do_unpack: Bitbake Fetcher Error: UnpackError('No up to date source found: clone directory not available or not up to date: /downloads/git2/github.com.DrTimothyAldenDavis.SuiteSparse.git; shallow clone not enabled', 'git://github.com/DrTimothyAldenDavis/SuiteSparse.git;branch=stable;protocol=https')
qualcomm-linux/meta-qcom-robotics-sdk	34916088202	8	105456391511	build-pr / iq-9075-evk/performance_base_linux-qcom-next	foundri-prd-u2404-x64-od-eph-i-0e4eabc7d4a8ca846	ip-10-185-118-137	2026-09-15T20:52:50.2851588Z	B	suitesparse-colamd-3.3.3-r0:do_unpack	/downloads/git2/github.com.DrTimothyAldenDavis.SuiteSparse.git;	/efsx	ERROR: suitesparse-colamd-3.3.3-r0 do_unpack: Bitbake Fetcher Error: UnpackError('No up to date source found: clone directory not available or not up to date: /downloads/git2/github.com.DrTimothyAldenDavis.SuiteSparse.git; shallow clone not enabled', 'git://github.com/DrTimothyAldenDavis/SuiteSparse.git;branch=stable;protocol=https')
qualcomm-linux/meta-qcom-robotics-sdk	34916088202	9	106196148664	build-pr / iq-9075-evk/performance_base_linux-qcom-next	foundri-prd-u2404-x64-od-eph-i-0e4eabc7d4a8ca846	ip-10-185-118-137	2026-09-15T20:52:50.2851588Z	B	suitesparse-colamd-3.3.3-r0:do_unpack	/downloads/git2/github.com.DrTimothyAldenDavis.SuiteSparse.git;	/efsx	ERROR: suitesparse-colamd-3.3.3-r0 do_unpack: Bitbake Fetcher Error: UnpackError('No up to date source found: clone directory not available or not up to date: /downloads/git2/github.com.DrTimothyAldenDavis.SuiteSparse.git; shallow clone not enabled', 'git://github.com/DrTimothyAldenDavis/SuiteSparse.git;branch=stable;protocol=https')
qualcomm-linux/meta-qcom-robotics-sdk	34916088202	10	106621054397	build-pr / iq-9075-evk/performance_base_linux-qcom-next	foundri-prd-u2404-x64-od-eph-i-0e4eabc7d4a8ca846	ip-10-185-118-137	2026-09-15T20:52:50.2851588Z	B	suitesparse-colamd-3.3.3-r0:do_unpack	/downloads/git2/github.com.DrTimothyAldenDavis.SuiteSparse.git;	/efsx	ERROR: suitesparse-colamd-3.3.3-r0 do_unpack: Bitbake Fetcher Error: UnpackError('No up to date source found: clone directory not available or not up to date: /downloads/git2/github.com.DrTimothyAldenDavis.SuiteSparse.git; shallow clone not enabled', 'git://github.com/DrTimothyAldenDavis/SuiteSparse.git;branch=stable;protocol=https')
qualcomm-linux/meta-qcom-robotics-sdk	34916088202	5	104555178500	build-pr / iq-9075-evk/qcom-robotics-distro-catchall_base_linux-qcom-next	foundri-prd-u2404-x64-od-eph-i-084ccc868c7be4649	ip-10-185-127-75	2026-09-15T20:52:50.2938826Z	B	suitesparse-amd-3.3.2-r0:do_unpack	/downloads/git2/github.com.DrTimothyAldenDavis.SuiteSparse.git;	/efsx	ERROR: suitesparse-amd-3.3.2-r0 do_unpack: Bitbake Fetcher Error: UnpackError('No up to date source found: clone directory not available or not up to date: /downloads/git2/github.com.DrTimothyAldenDavis.SuiteSparse.git; shallow clone not enabled', 'git://github.com/DrTimothyAldenDavis/SuiteSparse.git;branch=stable;protocol=https')
qualcomm-linux/meta-qcom-robotics-sdk	34916088202	5	104555178500	build-pr / iq-9075-evk/qcom-robotics-distro-catchall_base_linux-qcom-next	foundri-prd-u2404-x64-od-eph-i-084ccc868c7be4649	ip-10-185-127-75	2026-09-15T20:52:50.2938826Z	B	suitesparse-amd-3.3.2-r0:do_unpack	/downloads/git2/github.com.DrTimothyAldenDavis.SuiteSparse.git;	/efsx	ERROR: suitesparse-amd-3.3.2-r0 do_unpack: Bitbake Fetcher Error: UnpackError('No up to date source found: clone directory not available or not up to date: /downloads/git2/github.com.DrTimothyAldenDavis.SuiteSparse.git; shallow clone not enabled', 'git://github.com/DrTimothyAldenDavis/SuiteSparse.git;branch=stable;protocol=https')
qualcomm-linux/meta-qcom-robotics-sdk	34916088202	6	104573204322	build-pr / iq-9075-evk/qcom-robotics-distro-catchall_base_linux-qcom-next	foundri-prd-u2404-x64-od-eph-i-084ccc868c7be4649	ip-10-185-127-75	2026-09-15T20:52:50.2938826Z	B	suitesparse-amd-3.3.2-r0:do_unpack	/downloads/git2/github.com.DrTimothyAldenDavis.SuiteSparse.git;	/efsx	ERROR: suitesparse-amd-3.3.2-r0 do_unpack: Bitbake Fetcher Error: UnpackError('No up to date source found: clone directory not available or not up to date: /downloads/git2/github.com.DrTimothyAldenDavis.SuiteSparse.git; shallow clone not enabled', 'git://github.com/DrTimothyAldenDavis/SuiteSparse.git;branch=stable;protocol=https')
qualcomm-linux/meta-qcom-robotics-sdk	34916088202	7	105113165763	build-pr / iq-9075-evk/qcom-robotics-distro-catchall_base_linux-qcom-next	foundri-prd-u2404-x64-od-eph-i-084ccc868c7be4649	ip-10-185-127-75	2026-09-15T20:52:50.2938826Z	B	suitesparse-amd-3.3.2-r0:do_unpack	/downloads/git2/github.com.DrTimothyAldenDavis.SuiteSparse.git;	/efsx	ERROR: suitesparse-amd-3.3.2-r0 do_unpack: Bitbake Fetcher Error: UnpackError('No up to date source found: clone directory not available or not up to date: /downloads/git2/github.com.DrTimothyAldenDavis.SuiteSparse.git; shallow clone not enabled', 'git://github.com/DrTimothyAldenDavis/SuiteSparse.git;branch=stable;protocol=https')
qualcomm-linux/meta-qcom-robotics-sdk	34916088202	8	105456391466	build-pr / iq-9075-evk/qcom-robotics-distro-catchall_base_linux-qcom-next	foundri-prd-u2404-x64-od-eph-i-084ccc868c7be4649	ip-10-185-127-75	2026-09-15T20:52:50.2938826Z	B	suitesparse-amd-3.3.2-r0:do_unpack	/downloads/git2/github.com.DrTimothyAldenDavis.SuiteSparse.git;	/efsx	ERROR: suitesparse-amd-3.3.2-r0 do_unpack: Bitbake Fetcher Error: UnpackError('No up to date source found: clone directory not available or not up to date: /downloads/git2/github.com.DrTimothyAldenDavis.SuiteSparse.git; shallow clone not enabled', 'git://github.com/DrTimothyAldenDavis/SuiteSparse.git;branch=stable;protocol=https')
qualcomm-linux/meta-qcom-robotics-sdk	34916088202	9	106196148165	build-pr / iq-9075-evk/qcom-robotics-distro-catchall_base_linux-qcom-next	foundri-prd-u2404-x64-od-eph-i-084ccc868c7be4649	ip-10-185-127-75	2026-09-15T20:52:50.2938826Z	B	suitesparse-amd-3.3.2-r0:do_unpack	/downloads/git2/github.com.DrTimothyAldenDavis.SuiteSparse.git;	/efsx	ERROR: suitesparse-amd-3.3.2-r0 do_unpack: Bitbake Fetcher Error: UnpackError('No up to date source found: clone directory not available or not up to date: /downloads/git2/github.com.DrTimothyAldenDavis.SuiteSparse.git; shallow clone not enabled', 'git://github.com/DrTimothyAldenDavis/SuiteSparse.git;branch=stable;protocol=https')
qualcomm-linux/meta-qcom-robotics-sdk	34916088202	10	106621053846	build-pr / iq-9075-evk/qcom-robotics-distro-catchall_base_linux-qcom-next	foundri-prd-u2404-x64-od-eph-i-084ccc868c7be4649	ip-10-185-127-75	2026-09-15T20:52:50.2938826Z	B	suitesparse-amd-3.3.2-r0:do_unpack	/downloads/git2/github.com.DrTimothyAldenDavis.SuiteSparse.git;	/efsx	ERROR: suitesparse-amd-3.3.2-r0 do_unpack: Bitbake Fetcher Error: UnpackError('No up to date source found: clone directory not available or not up to date: /downloads/git2/github.com.DrTimothyAldenDavis.SuiteSparse.git; shallow clone not enabled', 'git://github.com/DrTimothyAldenDavis/SuiteSparse.git;branch=stable;protocol=https')
qualcomm-linux/meta-qcom-robotics-sdk	34916088202	5	104555178448	build-pr / iq-8275-evk/qcom-robotics-distro_full_linux-qcom-next	foundri-prd-u2404-x64-od-eph-i-0f9084585c2d1c2ef	ip-10-185-120-216	2026-09-15T20:53:32.7733187Z	B	suitesparse-config-7.7.0-r0:do_unpack	/downloads/git2/github.com.DrTimothyAldenDavis.SuiteSparse.git;	/efsx	ERROR: suitesparse-config-7.7.0-r0 do_unpack: Bitbake Fetcher Error: UnpackError('No up to date source found: clone directory not available or not up to date: /downloads/git2/github.com.DrTimothyAldenDavis.SuiteSparse.git; shallow clone not enabled', 'git://github.com/DrTimothyAldenDavis/SuiteSparse.git;branch=stable;protocol=https')
qualcomm-linux/meta-qcom-robotics-sdk	34916088202	5	104555178448	build-pr / iq-8275-evk/qcom-robotics-distro_full_linux-qcom-next	foundri-prd-u2404-x64-od-eph-i-0f9084585c2d1c2ef	ip-10-185-120-216	2026-09-15T20:53:32.7733187Z	B	suitesparse-config-7.7.0-r0:do_unpack	/downloads/git2/github.com.DrTimothyAldenDavis.SuiteSparse.git;	/efsx	ERROR: suitesparse-config-7.7.0-r0 do_unpack: Bitbake Fetcher Error: UnpackError('No up to date source found: clone directory not available or not up to date: /downloads/git2/github.com.DrTimothyAldenDavis.SuiteSparse.git; shallow clone not enabled', 'git://github.com/DrTimothyAldenDavis/SuiteSparse.git;branch=stable;protocol=https')
qualcomm-linux/meta-qcom-robotics-sdk	34916088202	6	104573204476	build-pr / iq-8275-evk/qcom-robotics-distro_full_linux-qcom-next	foundri-prd-u2404-x64-od-eph-i-0f9084585c2d1c2ef	ip-10-185-120-216	2026-09-15T20:53:32.7733187Z	B	suitesparse-config-7.7.0-r0:do_unpack	/downloads/git2/github.com.DrTimothyAldenDavis.SuiteSparse.git;	/efsx	ERROR: suitesparse-config-7.7.0-r0 do_unpack: Bitbake Fetcher Error: UnpackError('No up to date source found: clone directory not available or not up to date: /downloads/git2/github.com.DrTimothyAldenDavis.SuiteSparse.git; shallow clone not enabled', 'git://github.com/DrTimothyAldenDavis/SuiteSparse.git;branch=stable;protocol=https')
qualcomm-linux/meta-qcom-robotics-sdk	34916088202	7	105113164590	build-pr / iq-8275-evk/qcom-robotics-distro_full_linux-qcom-next	foundri-prd-u2404-x64-od-eph-i-0f9084585c2d1c2ef	ip-10-185-120-216	2026-09-15T20:53:32.7733187Z	B	suitesparse-config-7.7.0-r0:do_unpack	/downloads/git2/github.com.DrTimothyAldenDavis.SuiteSparse.git;	/efsx	ERROR: suitesparse-config-7.7.0-r0 do_unpack: Bitbake Fetcher Error: UnpackError('No up to date source found: clone directory not available or not up to date: /downloads/git2/github.com.DrTimothyAldenDavis.SuiteSparse.git; shallow clone not enabled', 'git://github.com/DrTimothyAldenDavis/SuiteSparse.git;branch=stable;protocol=https')
qualcomm-linux/meta-qcom-robotics-sdk	34916088202	8	105456390432	build-pr / iq-8275-evk/qcom-robotics-distro_full_linux-qcom-next	foundri-prd-u2404-x64-od-eph-i-0f9084585c2d1c2ef	ip-10-185-120-216	2026-09-15T20:53:32.7733187Z	B	suitesparse-config-7.7.0-r0:do_unpack	/downloads/git2/github.com.DrTimothyAldenDavis.SuiteSparse.git;	/efsx	ERROR: suitesparse-config-7.7.0-r0 do_unpack: Bitbake Fetcher Error: UnpackError('No up to date source found: clone directory not available or not up to date: /downloads/git2/github.com.DrTimothyAldenDavis.SuiteSparse.git; shallow clone not enabled', 'git://github.com/DrTimothyAldenDavis/SuiteSparse.git;branch=stable;protocol=https')
qualcomm-linux/meta-qcom-robotics-sdk	34916088202	9	106196147534	build-pr / iq-8275-evk/qcom-robotics-distro_full_linux-qcom-next	foundri-prd-u2404-x64-od-eph-i-0f9084585c2d1c2ef	ip-10-185-120-216	2026-09-15T20:53:32.7733187Z	B	suitesparse-config-7.7.0-r0:do_unpack	/downloads/git2/github.com.DrTimothyAldenDavis.SuiteSparse.git;	/efsx	ERROR: suitesparse-config-7.7.0-r0 do_unpack: Bitbake Fetcher Error: UnpackError('No up to date source found: clone directory not available or not up to date: /downloads/git2/github.com.DrTimothyAldenDavis.SuiteSparse.git; shallow clone not enabled', 'git://github.com/DrTimothyAldenDavis/SuiteSparse.git;branch=stable;protocol=https')
qualcomm-linux/meta-qcom-robotics-sdk	34916088202	10	106621053394	build-pr / iq-8275-evk/qcom-robotics-distro_full_linux-qcom-next	foundri-prd-u2404-x64-od-eph-i-0f9084585c2d1c2ef	ip-10-185-120-216	2026-09-15T20:53:32.7733187Z	B	suitesparse-config-7.7.0-r0:do_unpack	/downloads/git2/github.com.DrTimothyAldenDavis.SuiteSparse.git;	/efsx	ERROR: suitesparse-config-7.7.0-r0 do_unpack: Bitbake Fetcher Error: UnpackError('No up to date source found: clone directory not available or not up to date: /downloads/git2/github.com.DrTimothyAldenDavis.SuiteSparse.git; shallow clone not enabled', 'git://github.com/DrTimothyAldenDavis/SuiteSparse.git;branch=stable;protocol=https')
qualcomm-linux/meta-qcom-robotics-sdk	34916088202	5	104555178537	build-pr / iq-9075-evk/performance_full_linux-qcom-next	foundri-prd-u2404-x64-od-eph-i-0000de25543166e83	ip-10-185-118-29	2026-09-15T20:53:57.8890123Z	B	suitesparse-config-7.7.0-r0:do_unpack	/downloads/git2/github.com.DrTimothyAldenDavis.SuiteSparse.git;	/efsx	ERROR: suitesparse-config-7.7.0-r0 do_unpack: Bitbake Fetcher Error: UnpackError('No up to date source found: clone directory not available or not up to date: /downloads/git2/github.com.DrTimothyAldenDavis.SuiteSparse.git; shallow clone not enabled', 'git://github.com/DrTimothyAldenDavis/SuiteSparse.git;branch=stable;protocol=https')
qualcomm-linux/meta-qcom-robotics-sdk	34916088202	5	104555178537	build-pr / iq-9075-evk/performance_full_linux-qcom-next	foundri-prd-u2404-x64-od-eph-i-0000de25543166e83	ip-10-185-118-29	2026-09-15T20:53:57.8890123Z	B	suitesparse-config-7.7.0-r0:do_unpack	/downloads/git2/github.com.DrTimothyAldenDavis.SuiteSparse.git;	/efsx	ERROR: suitesparse-config-7.7.0-r0 do_unpack: Bitbake Fetcher Error: UnpackError('No up to date source found: clone directory not available or not up to date: /downloads/git2/github.com.DrTimothyAldenDavis.SuiteSparse.git; shallow clone not enabled', 'git://github.com/DrTimothyAldenDavis/SuiteSparse.git;branch=stable;protocol=https')
qualcomm-linux/meta-qcom-robotics-sdk	34916088202	6	104573205233	build-pr / iq-9075-evk/performance_full_linux-qcom-next	foundri-prd-u2404-x64-od-eph-i-0000de25543166e83	ip-10-185-118-29	2026-09-15T20:53:57.8890123Z	B	suitesparse-config-7.7.0-r0:do_unpack	/downloads/git2/github.com.DrTimothyAldenDavis.SuiteSparse.git;	/efsx	ERROR: suitesparse-config-7.7.0-r0 do_unpack: Bitbake Fetcher Error: UnpackError('No up to date source found: clone directory not available or not up to date: /downloads/git2/github.com.DrTimothyAldenDavis.SuiteSparse.git; shallow clone not enabled', 'git://github.com/DrTimothyAldenDavis/SuiteSparse.git;branch=stable;protocol=https')
qualcomm-linux/meta-qcom-robotics-sdk	34916088202	7	105113165705	build-pr / iq-9075-evk/performance_full_linux-qcom-next	foundri-prd-u2404-x64-od-eph-i-0000de25543166e83	ip-10-185-118-29	2026-09-15T20:53:57.8890123Z	B	suitesparse-config-7.7.0-r0:do_unpack	/downloads/git2/github.com.DrTimothyAldenDavis.SuiteSparse.git;	/efsx	ERROR: suitesparse-config-7.7.0-r0 do_unpack: Bitbake Fetcher Error: UnpackError('No up to date source found: clone directory not available or not up to date: /downloads/git2/github.com.DrTimothyAldenDavis.SuiteSparse.git; shallow clone not enabled', 'git://github.com/DrTimothyAldenDavis/SuiteSparse.git;branch=stable;protocol=https')
qualcomm-linux/meta-qcom-robotics-sdk	34916088202	8	105456391464	build-pr / iq-9075-evk/performance_full_linux-qcom-next	foundri-prd-u2404-x64-od-eph-i-0000de25543166e83	ip-10-185-118-29	2026-09-15T20:53:57.8890123Z	B	suitesparse-config-7.7.0-r0:do_unpack	/downloads/git2/github.com.DrTimothyAldenDavis.SuiteSparse.git;	/efsx	ERROR: suitesparse-config-7.7.0-r0 do_unpack: Bitbake Fetcher Error: UnpackError('No up to date source found: clone directory not available or not up to date: /downloads/git2/github.com.DrTimothyAldenDavis.SuiteSparse.git; shallow clone not enabled', 'git://github.com/DrTimothyAldenDavis/SuiteSparse.git;branch=stable;protocol=https')
qualcomm-linux/meta-qcom-robotics-sdk	34916088202	9	106196148846	build-pr / iq-9075-evk/performance_full_linux-qcom-next	foundri-prd-u2404-x64-od-eph-i-0000de25543166e83	ip-10-185-118-29	2026-09-15T20:53:57.8890123Z	B	suitesparse-config-7.7.0-r0:do_unpack	/downloads/git2/github.com.DrTimothyAldenDavis.SuiteSparse.git;	/efsx	ERROR: suitesparse-config-7.7.0-r0 do_unpack: Bitbake Fetcher Error: UnpackError('No up to date source found: clone directory not available or not up to date: /downloads/git2/github.com.DrTimothyAldenDavis.SuiteSparse.git; shallow clone not enabled', 'git://github.com/DrTimothyAldenDavis/SuiteSparse.git;branch=stable;protocol=https')
qualcomm-linux/meta-qcom-robotics-sdk	34916088202	10	106621054966	build-pr / iq-9075-evk/performance_full_linux-qcom-next	foundri-prd-u2404-x64-od-eph-i-0000de25543166e83	ip-10-185-118-29	2026-09-15T20:53:57.8890123Z	B	suitesparse-config-7.7.0-r0:do_unpack	/downloads/git2/github.com.DrTimothyAldenDavis.SuiteSparse.git;	/efsx	ERROR: suitesparse-config-7.7.0-r0 do_unpack: Bitbake Fetcher Error: UnpackError('No up to date source found: clone directory not available or not up to date: /downloads/git2/github.com.DrTimothyAldenDavis.SuiteSparse.git; shallow clone not enabled', 'git://github.com/DrTimothyAldenDavis/SuiteSparse.git;branch=stable;protocol=https')
qualcomm-linux/meta-qcom-robotics-sdk	34916088202	6	104573203842	build-pr / iq-8275-evk/debug_base_linux-qcom-next	foundri-prd-u2404-x64-od-eph-i-0a75ee279f740e544	ip-10-185-117-16	2026-09-15T21:47:17.5054195Z	B	suitesparse-config-7.7.0-r0:do_unpack	/downloads/git2/github.com.DrTimothyAldenDavis.SuiteSparse.git;	/efsx	ERROR: suitesparse-config-7.7.0-r0 do_unpack: Bitbake Fetcher Error: UnpackError('No up to date source found: clone directory not available or not up to date: /downloads/git2/github.com.DrTimothyAldenDavis.SuiteSparse.git; shallow clone not enabled', 'git://github.com/DrTimothyAldenDavis/SuiteSparse.git;branch=stable;protocol=https')
qualcomm-linux/meta-qcom-robotics-sdk	34916088202	6	104573203842	build-pr / iq-8275-evk/debug_base_linux-qcom-next	foundri-prd-u2404-x64-od-eph-i-0a75ee279f740e544	ip-10-185-117-16	2026-09-15T21:47:17.5054195Z	B	suitesparse-config-7.7.0-r0:do_unpack	/downloads/git2/github.com.DrTimothyAldenDavis.SuiteSparse.git;	/efsx	ERROR: suitesparse-config-7.7.0-r0 do_unpack: Bitbake Fetcher Error: UnpackError('No up to date source found: clone directory not available or not up to date: /downloads/git2/github.com.DrTimothyAldenDavis.SuiteSparse.git; shallow clone not enabled', 'git://github.com/DrTimothyAldenDavis/SuiteSparse.git;branch=stable;protocol=https')
qualcomm-linux/meta-qcom-robotics-sdk	34916088202	7	105113164729	build-pr / iq-8275-evk/debug_base_linux-qcom-next	foundri-prd-u2404-x64-od-eph-i-0cd47b7f8b508e1d3	ip-10-185-116-137	2026-09-17T07:55:41.4855043Z	B	suitesparse-config-7.7.0-r0:do_unpack	/downloads/git2/github.com.DrTimothyAldenDavis.SuiteSparse.git;	/efsx	ERROR: suitesparse-config-7.7.0-r0 do_unpack: Bitbake Fetcher Error: UnpackError('No up to date source found: clone directory not available or not up to date: /downloads/git2/github.com.DrTimothyAldenDavis.SuiteSparse.git; shallow clone not enabled', 'git://github.com/DrTimothyAldenDavis/SuiteSparse.git;branch=stable;protocol=https')
qualcomm-linux/meta-qcom-robotics-sdk	34916088202	7	105113164729	build-pr / iq-8275-evk/debug_base_linux-qcom-next	foundri-prd-u2404-x64-od-eph-i-0cd47b7f8b508e1d3	ip-10-185-116-137	2026-09-17T07:55:41.4855043Z	B	suitesparse-config-7.7.0-r0:do_unpack	/downloads/git2/github.com.DrTimothyAldenDavis.SuiteSparse.git;	/efsx	ERROR: suitesparse-config-7.7.0-r0 do_unpack: Bitbake Fetcher Error: UnpackError('No up to date source found: clone directory not available or not up to date: /downloads/git2/github.com.DrTimothyAldenDavis.SuiteSparse.git; shallow clone not enabled', 'git://github.com/DrTimothyAldenDavis/SuiteSparse.git;branch=stable;protocol=https')
qualcomm-linux/meta-qcom-robotics-sdk	34916088202	7	105113164729	build-pr / iq-8275-evk/debug_base_linux-qcom-next	foundri-prd-u2404-x64-od-eph-i-0cd47b7f8b508e1d3	ip-10-185-116-137	2026-09-17T08:29:47.3924910Z	B	opencv-4.14.0-r0:do_fetch		/efsx	ERROR: opencv-4.14.0-r0 do_fetch: Fetcher failure: Unable to find revision 34e4206aef44d50e6bbcd0ab06354b52e7466d26 in branch contrib_xfeatures2d_boostdesc_20161012 even from upstream
qualcomm-linux/meta-qcom-robotics-sdk	34916088202	7	105113164729	build-pr / iq-8275-evk/debug_base_linux-qcom-next	foundri-prd-u2404-x64-od-eph-i-0cd47b7f8b508e1d3	ip-10-185-116-137	2026-09-17T08:29:47.3924910Z	B	opencv-4.14.0-r0:do_fetch		/efsx	ERROR: opencv-4.14.0-r0 do_fetch: Fetcher failure: Unable to find revision 34e4206aef44d50e6bbcd0ab06354b52e7466d26 in branch contrib_xfeatures2d_boostdesc_20161012 even from upstream
qualcomm-linux/meta-qcom-robotics-sdk	34916088202	8	105456390473	build-pr / iq-8275-evk/debug_base_linux-qcom-next	foundri-prd-u2404-x64-od-eph-i-0196b0fac2724bbb7	ip-10-185-122-188	2026-09-18T02:43:51.2200152Z	B	suitesparse-config-7.7.0-r0:do_unpack	/downloads/git2/github.com.DrTimothyAldenDavis.SuiteSparse.git;	/efsx	ERROR: suitesparse-config-7.7.0-r0 do_unpack: Bitbake Fetcher Error: UnpackError('No up to date source found: clone directory not available or not up to date: /downloads/git2/github.com.DrTimothyAldenDavis.SuiteSparse.git; shallow clone not enabled', 'git://github.com/DrTimothyAldenDavis/SuiteSparse.git;branch=stable;protocol=https')
qualcomm-linux/meta-qcom-robotics-sdk	34916088202	8	105456390473	build-pr / iq-8275-evk/debug_base_linux-qcom-next	foundri-prd-u2404-x64-od-eph-i-0196b0fac2724bbb7	ip-10-185-122-188	2026-09-18T02:43:51.2200152Z	B	suitesparse-config-7.7.0-r0:do_unpack	/downloads/git2/github.com.DrTimothyAldenDavis.SuiteSparse.git;	/efsx	ERROR: suitesparse-config-7.7.0-r0 do_unpack: Bitbake Fetcher Error: UnpackError('No up to date source found: clone directory not available or not up to date: /downloads/git2/github.com.DrTimothyAldenDavis.SuiteSparse.git; shallow clone not enabled', 'git://github.com/DrTimothyAldenDavis/SuiteSparse.git;branch=stable;protocol=https')
qualcomm-linux/meta-qcom-robotics-sdk	34916088202	9	106196147837	build-pr / iq-8275-evk/debug_base_linux-qcom-next	foundri-prd-u2404-x64-od-eph-i-088302f30887fbad8	ip-10-185-114-152	2026-09-21T02:53:11.0897690Z	B	suitesparse-config-7.7.0-r0:do_unpack	/downloads/git2/github.com.DrTimothyAldenDavis.SuiteSparse.git;	/efsx	ERROR: suitesparse-config-7.7.0-r0 do_unpack: Bitbake Fetcher Error: UnpackError('No up to date source found: clone directory not available or not up to date: /downloads/git2/github.com.DrTimothyAldenDavis.SuiteSparse.git; shallow clone not enabled', 'git://github.com/DrTimothyAldenDavis/SuiteSparse.git;branch=stable;protocol=https')
qualcomm-linux/meta-qcom-robotics-sdk	34916088202	9	106196147837	build-pr / iq-8275-evk/debug_base_linux-qcom-next	foundri-prd-u2404-x64-od-eph-i-088302f30887fbad8	ip-10-185-114-152	2026-09-21T02:53:11.0897690Z	B	suitesparse-config-7.7.0-r0:do_unpack	/downloads/git2/github.com.DrTimothyAldenDavis.SuiteSparse.git;	/efsx	ERROR: suitesparse-config-7.7.0-r0 do_unpack: Bitbake Fetcher Error: UnpackError('No up to date source found: clone directory not available or not up to date: /downloads/git2/github.com.DrTimothyAldenDavis.SuiteSparse.git; shallow clone not enabled', 'git://github.com/DrTimothyAldenDavis/SuiteSparse.git;branch=stable;protocol=https')
qualcomm-linux/meta-qcom-robotics-sdk	34916088202	10	106621053732	build-pr / iq-8275-evk/debug_base_linux-qcom-next	foundri-prd-u2404-x64-od-eph-i-0d87a29f22ada3f34	ip-10-185-112-218	2026-09-22T05:11:14.8267863Z	B	suitesparse-config-7.7.0-r0:do_unpack	/downloads/git2/github.com.DrTimothyAldenDavis.SuiteSparse.git;	/efsx	ERROR: suitesparse-config-7.7.0-r0 do_unpack: Bitbake Fetcher Error: UnpackError('No up to date source found: clone directory not available or not up to date: /downloads/git2/github.com.DrTimothyAldenDavis.SuiteSparse.git; shallow clone not enabled', 'git://github.com/DrTimothyAldenDavis/SuiteSparse.git;branch=stable;protocol=https')
qualcomm-linux/meta-qcom-robotics-sdk	34916088202	10	106621053732	build-pr / iq-8275-evk/debug_base_linux-qcom-next	foundri-prd-u2404-x64-od-eph-i-0d87a29f22ada3f34	ip-10-185-112-218	2026-09-22T05:11:14.8267863Z	B	suitesparse-config-7.7.0-r0:do_unpack	/downloads/git2/github.com.DrTimothyAldenDavis.SuiteSparse.git;	/efsx	ERROR: suitesparse-config-7.7.0-r0 do_unpack: Bitbake Fetcher Error: UnpackError('No up to date source found: clone directory not available or not up to date: /downloads/git2/github.com.DrTimothyAldenDavis.SuiteSparse.git; shallow clone not enabled', 'git://github.com/DrTimothyAldenDavis/SuiteSparse.git;branch=stable;protocol=https')
qualcomm-linux/meta-qcom-robotics-sdk	35703335919	1	106669036778	build-pr / iq-9075-evk/performance_base_linux-qcom-next	foundri-prd-u2404-x64-od-eph-i-0041f97c424c12829	ip-10-185-114-192	2026-09-22T08:31:45.8024181Z	B	suitesparse-config-7.7.0-r0:do_unpack	/downloads/git2/github.com.DrTimothyAldenDavis.SuiteSparse.git;	/efsx	ERROR: suitesparse-config-7.7.0-r0 do_unpack: Bitbake Fetcher Error: UnpackError('No up to date source found: clone directory not available or not up to date: /downloads/git2/github.com.DrTimothyAldenDavis.SuiteSparse.git; shallow clone not enabled', 'git://github.com/DrTimothyAldenDavis/SuiteSparse.git;branch=stable;protocol=https')
qualcomm-linux/meta-qcom-robotics-sdk	35703335919	1	106669036778	build-pr / iq-9075-evk/performance_base_linux-qcom-next	foundri-prd-u2404-x64-od-eph-i-0041f97c424c12829	ip-10-185-114-192	2026-09-22T08:31:45.8024181Z	B	suitesparse-config-7.7.0-r0:do_unpack	/downloads/git2/github.com.DrTimothyAldenDavis.SuiteSparse.git;	/efsx	ERROR: suitesparse-config-7.7.0-r0 do_unpack: Bitbake Fetcher Error: UnpackError('No up to date source found: clone directory not available or not up to date: /downloads/git2/github.com.DrTimothyAldenDavis.SuiteSparse.git; shallow clone not enabled', 'git://github.com/DrTimothyAldenDavis/SuiteSparse.git;branch=stable;protocol=https')
qualcomm-linux/meta-qcom-robotics-sdk	35703335919	1	106669036761	build-pr / iq-8275-evk/performance_base_linux-qcom-next	foundri-prd-u2404-x64-od-eph-i-0d3a7ecab32d41ea7	ip-10-185-115-85	2026-09-22T08:32:10.6654621Z	B	suitesparse-config-7.7.0-r0:do_unpack	/downloads/git2/github.com.DrTimothyAldenDavis.SuiteSparse.git;	/efsx	ERROR: suitesparse-config-7.7.0-r0 do_unpack: Bitbake Fetcher Error: UnpackError('No up to date source found: clone directory not available or not up to date: /downloads/git2/github.com.DrTimothyAldenDavis.SuiteSparse.git; shallow clone not enabled', 'git://github.com/DrTimothyAldenDavis/SuiteSparse.git;branch=stable;protocol=https')
qualcomm-linux/meta-qcom-robotics-sdk	35703335919	1	106669036761	build-pr / iq-8275-evk/performance_base_linux-qcom-next	foundri-prd-u2404-x64-od-eph-i-0d3a7ecab32d41ea7	ip-10-185-115-85	2026-09-22T08:32:10.6654621Z	B	suitesparse-config-7.7.0-r0:do_unpack	/downloads/git2/github.com.DrTimothyAldenDavis.SuiteSparse.git;	/efsx	ERROR: suitesparse-config-7.7.0-r0 do_unpack: Bitbake Fetcher Error: UnpackError('No up to date source found: clone directory not available or not up to date: /downloads/git2/github.com.DrTimothyAldenDavis.SuiteSparse.git; shallow clone not enabled', 'git://github.com/DrTimothyAldenDavis/SuiteSparse.git;branch=stable;protocol=https')
qualcomm-linux/meta-qcom-robotics-sdk	35703335919	1	106669036775	build-pr / iq-8275-evk/performance_full_linux-qcom-next	foundri-prd-u2404-x64-od-eph-i-06a933dac90a9b3ed	ip-10-185-117-75	2026-09-22T08:32:10.7799811Z	B	suitesparse-config-7.7.0-r0:do_unpack	/downloads/git2/github.com.DrTimothyAldenDavis.SuiteSparse.git;	/efsx	ERROR: suitesparse-config-7.7.0-r0 do_unpack: Bitbake Fetcher Error: UnpackError('No up to date source found: clone directory not available or not up to date: /downloads/git2/github.com.DrTimothyAldenDavis.SuiteSparse.git; shallow clone not enabled', 'git://github.com/DrTimothyAldenDavis/SuiteSparse.git;branch=stable;protocol=https')
qualcomm-linux/meta-qcom-robotics-sdk	35703335919	1	106669036775	build-pr / iq-8275-evk/performance_full_linux-qcom-next	foundri-prd-u2404-x64-od-eph-i-06a933dac90a9b3ed	ip-10-185-117-75	2026-09-22T08:32:10.7799811Z	B	suitesparse-config-7.7.0-r0:do_unpack	/downloads/git2/github.com.DrTimothyAldenDavis.SuiteSparse.git;	/efsx	ERROR: suitesparse-config-7.7.0-r0 do_unpack: Bitbake Fetcher Error: UnpackError('No up to date source found: clone directory not available or not up to date: /downloads/git2/github.com.DrTimothyAldenDavis.SuiteSparse.git; shallow clone not enabled', 'git://github.com/DrTimothyAldenDavis/SuiteSparse.git;branch=stable;protocol=https')
qualcomm-linux/meta-qcom-robotics-sdk	35703335919	1	106669036803	build-pr / iq-9075-evk/performance_full_linux-qcom-next	foundri-prd-u2404-x64-od-eph-i-065ac223e23ad7df7	ip-10-185-116-80	2026-09-22T08:32:38.0416098Z	B	suitesparse-config-7.7.0-r0:do_unpack	/downloads/git2/github.com.DrTimothyAldenDavis.SuiteSparse.git;	/efsx	ERROR: suitesparse-config-7.7.0-r0 do_unpack: Bitbake Fetcher Error: UnpackError('No up to date source found: clone directory not available or not up to date: /downloads/git2/github.com.DrTimothyAldenDavis.SuiteSparse.git; shallow clone not enabled', 'git://github.com/DrTimothyAldenDavis/SuiteSparse.git;branch=stable;protocol=https')
qualcomm-linux/meta-qcom-robotics-sdk	35703335919	1	106669036803	build-pr / iq-9075-evk/performance_full_linux-qcom-next	foundri-prd-u2404-x64-od-eph-i-065ac223e23ad7df7	ip-10-185-116-80	2026-09-22T08:32:38.0416098Z	B	suitesparse-config-7.7.0-r0:do_unpack	/downloads/git2/github.com.DrTimothyAldenDavis.SuiteSparse.git;	/efsx	ERROR: suitesparse-config-7.7.0-r0 do_unpack: Bitbake Fetcher Error: UnpackError('No up to date source found: clone directory not available or not up to date: /downloads/git2/github.com.DrTimothyAldenDavis.SuiteSparse.git; shallow clone not enabled', 'git://github.com/DrTimothyAldenDavis/SuiteSparse.git;branch=stable;protocol=https')
qualcomm-linux/meta-qcom-robotics-sdk	35703335919	1	106669036877	build-pr / iq-9075-evk/qcom-robotics-distro-catchall_full_linux-qcom-next	foundri-prd-u2404-x64-od-eph-i-03a07a4c0c02b6ea6	ip-10-185-125-17	2026-09-22T08:32:38.0511973Z	B	suitesparse-config-7.7.0-r0:do_unpack	/downloads/git2/github.com.DrTimothyAldenDavis.SuiteSparse.git;	/efsx	ERROR: suitesparse-config-7.7.0-r0 do_unpack: Bitbake Fetcher Error: UnpackError('No up to date source found: clone directory not available or not up to date: /downloads/git2/github.com.DrTimothyAldenDavis.SuiteSparse.git; shallow clone not enabled', 'git://github.com/DrTimothyAldenDavis/SuiteSparse.git;branch=stable;protocol=https')
qualcomm-linux/meta-qcom-robotics-sdk	35703335919	1	106669036877	build-pr / iq-9075-evk/qcom-robotics-distro-catchall_full_linux-qcom-next	foundri-prd-u2404-x64-od-eph-i-03a07a4c0c02b6ea6	ip-10-185-125-17	2026-09-22T08:32:38.0511973Z	B	suitesparse-config-7.7.0-r0:do_unpack	/downloads/git2/github.com.DrTimothyAldenDavis.SuiteSparse.git;	/efsx	ERROR: suitesparse-config-7.7.0-r0 do_unpack: Bitbake Fetcher Error: UnpackError('No up to date source found: clone directory not available or not up to date: /downloads/git2/github.com.DrTimothyAldenDavis.SuiteSparse.git; shallow clone not enabled', 'git://github.com/DrTimothyAldenDavis/SuiteSparse.git;branch=stable;protocol=https')
qualcomm-linux/meta-qcom-robotics-sdk	35703335919	1	106669036787	build-pr / iq-9075-evk/qcom-robotics-distro-catchall_base_linux-qcom-next	foundri-prd-u2404-x64-od-eph-i-0365d0874c2c3120e	ip-10-185-124-63	2026-09-22T08:33:20.0878454Z	B	suitesparse-config-7.7.0-r0:do_unpack	/downloads/git2/github.com.DrTimothyAldenDavis.SuiteSparse.git;	/efsx	ERROR: suitesparse-config-7.7.0-r0 do_unpack: Bitbake Fetcher Error: UnpackError('No up to date source found: clone directory not available or not up to date: /downloads/git2/github.com.DrTimothyAldenDavis.SuiteSparse.git; shallow clone not enabled', 'git://github.com/DrTimothyAldenDavis/SuiteSparse.git;branch=stable;protocol=https')
qualcomm-linux/meta-qcom-robotics-sdk	35703335919	1	106669036787	build-pr / iq-9075-evk/qcom-robotics-distro-catchall_base_linux-qcom-next	foundri-prd-u2404-x64-od-eph-i-0365d0874c2c3120e	ip-10-185-124-63	2026-09-22T08:33:20.0878454Z	B	suitesparse-config-7.7.0-r0:do_unpack	/downloads/git2/github.com.DrTimothyAldenDavis.SuiteSparse.git;	/efsx	ERROR: suitesparse-config-7.7.0-r0 do_unpack: Bitbake Fetcher Error: UnpackError('No up to date source found: clone directory not available or not up to date: /downloads/git2/github.com.DrTimothyAldenDavis.SuiteSparse.git; shallow clone not enabled', 'git://github.com/DrTimothyAldenDavis/SuiteSparse.git;branch=stable;protocol=https')
qualcomm-linux/meta-qcom-robotics-sdk	35703335919	1	106669036696	build-pr / iq-8275-evk/qcom-robotics-distro-catchall_full_linux-qcom-next	foundri-prd-u2404-x64-od-eph-i-04397b960e83abd9a	ip-10-185-127-174	2026-09-22T08:33:20.0907880Z	B	suitesparse-config-7.7.0-r0:do_unpack	/downloads/git2/github.com.DrTimothyAldenDavis.SuiteSparse.git;	/efsx	ERROR: suitesparse-config-7.7.0-r0 do_unpack: Bitbake Fetcher Error: UnpackError('No up to date source found: clone directory not available or not up to date: /downloads/git2/github.com.DrTimothyAldenDavis.SuiteSparse.git; shallow clone not enabled', 'git://github.com/DrTimothyAldenDavis/SuiteSparse.git;branch=stable;protocol=https')
qualcomm-linux/meta-qcom-robotics-sdk	35703335919	1	106669036696	build-pr / iq-8275-evk/qcom-robotics-distro-catchall_full_linux-qcom-next	foundri-prd-u2404-x64-od-eph-i-04397b960e83abd9a	ip-10-185-127-174	2026-09-22T08:33:20.0907880Z	B	suitesparse-config-7.7.0-r0:do_unpack	/downloads/git2/github.com.DrTimothyAldenDavis.SuiteSparse.git;	/efsx	ERROR: suitesparse-config-7.7.0-r0 do_unpack: Bitbake Fetcher Error: UnpackError('No up to date source found: clone directory not available or not up to date: /downloads/git2/github.com.DrTimothyAldenDavis.SuiteSparse.git; shallow clone not enabled', 'git://github.com/DrTimothyAldenDavis/SuiteSparse.git;branch=stable;protocol=https')
qualcomm-linux/meta-qcom-robotics-sdk	35703335919	1	106669036757	build-pr / iq-9075-evk/qcom-robotics-distro_base_linux-qcom-next	foundri-prd-u2404-x64-od-eph-i-06276899611307435	ip-10-185-119-139	2026-09-22T08:33:20.0980812Z	B	suitesparse-config-7.7.0-r0:do_unpack	/downloads/git2/github.com.DrTimothyAldenDavis.SuiteSparse.git;	/efsx	ERROR: suitesparse-config-7.7.0-r0 do_unpack: Bitbake Fetcher Error: UnpackError('No up to date source found: clone directory not available or not up to date: /downloads/git2/github.com.DrTimothyAldenDavis.SuiteSparse.git; shallow clone not enabled', 'git://github.com/DrTimothyAldenDavis/SuiteSparse.git;branch=stable;protocol=https')
qualcomm-linux/meta-qcom-robotics-sdk	35703335919	1	106669036757	build-pr / iq-9075-evk/qcom-robotics-distro_base_linux-qcom-next	foundri-prd-u2404-x64-od-eph-i-06276899611307435	ip-10-185-119-139	2026-09-22T08:33:20.0980812Z	B	suitesparse-config-7.7.0-r0:do_unpack	/downloads/git2/github.com.DrTimothyAldenDavis.SuiteSparse.git;	/efsx	ERROR: suitesparse-config-7.7.0-r0 do_unpack: Bitbake Fetcher Error: UnpackError('No up to date source found: clone directory not available or not up to date: /downloads/git2/github.com.DrTimothyAldenDavis.SuiteSparse.git; shallow clone not enabled', 'git://github.com/DrTimothyAldenDavis/SuiteSparse.git;branch=stable;protocol=https')
qualcomm-linux/meta-qcom-robotics-sdk	35703335919	1	106669036835	build-pr / iq-8275-evk/qcom-robotics-distro_base_linux-qcom-next	foundri-prd-u2404-x64-od-eph-i-0b8fb59207fabe0df	ip-10-185-112-58	2026-09-22T08:34:53.3537892Z	B	suitesparse-config-7.7.0-r0:do_unpack	/downloads/git2/github.com.DrTimothyAldenDavis.SuiteSparse.git;	/efsx	ERROR: suitesparse-config-7.7.0-r0 do_unpack: Bitbake Fetcher Error: UnpackError('No up to date source found: clone directory not available or not up to date: /downloads/git2/github.com.DrTimothyAldenDavis.SuiteSparse.git; shallow clone not enabled', 'git://github.com/DrTimothyAldenDavis/SuiteSparse.git;branch=stable;protocol=https')
qualcomm-linux/meta-qcom-robotics-sdk	35703335919	1	106669036835	build-pr / iq-8275-evk/qcom-robotics-distro_base_linux-qcom-next	foundri-prd-u2404-x64-od-eph-i-0b8fb59207fabe0df	ip-10-185-112-58	2026-09-22T08:34:53.3537892Z	B	suitesparse-config-7.7.0-r0:do_unpack	/downloads/git2/github.com.DrTimothyAldenDavis.SuiteSparse.git;	/efsx	ERROR: suitesparse-config-7.7.0-r0 do_unpack: Bitbake Fetcher Error: UnpackError('No up to date source found: clone directory not available or not up to date: /downloads/git2/github.com.DrTimothyAldenDavis.SuiteSparse.git; shallow clone not enabled', 'git://github.com/DrTimothyAldenDavis/SuiteSparse.git;branch=stable;protocol=https')
qualcomm-linux/meta-qcom-robotics-sdk	35703335919	1	106669036830	build-pr / iq-8275-evk/qcom-robotics-distro-catchall_base_linux-qcom-next	foundri-prd-u2404-x64-od-eph-i-05f97f55375502d3a	ip-10-185-124-188	2026-09-22T08:34:53.3569217Z	B	suitesparse-config-7.7.0-r0:do_unpack	/downloads/git2/github.com.DrTimothyAldenDavis.SuiteSparse.git;	/efsx	ERROR: suitesparse-config-7.7.0-r0 do_unpack: Bitbake Fetcher Error: UnpackError('No up to date source found: clone directory not available or not up to date: /downloads/git2/github.com.DrTimothyAldenDavis.SuiteSparse.git; shallow clone not enabled', 'git://github.com/DrTimothyAldenDavis/SuiteSparse.git;branch=stable;protocol=https')
qualcomm-linux/meta-qcom-robotics-sdk	35703335919	1	106669036830	build-pr / iq-8275-evk/qcom-robotics-distro-catchall_base_linux-qcom-next	foundri-prd-u2404-x64-od-eph-i-05f97f55375502d3a	ip-10-185-124-188	2026-09-22T08:34:53.3569217Z	B	suitesparse-config-7.7.0-r0:do_unpack	/downloads/git2/github.com.DrTimothyAldenDavis.SuiteSparse.git;	/efsx	ERROR: suitesparse-config-7.7.0-r0 do_unpack: Bitbake Fetcher Error: UnpackError('No up to date source found: clone directory not available or not up to date: /downloads/git2/github.com.DrTimothyAldenDavis.SuiteSparse.git; shallow clone not enabled', 'git://github.com/DrTimothyAldenDavis/SuiteSparse.git;branch=stable;protocol=https')
qualcomm-linux/meta-qcom-robotics-sdk	35703335919	1	106669036793	build-pr / iq-9075-evk/debug_full_linux-qcom-next	foundri-prd-u2404-x64-od-eph-i-0919b52a44c924b13	ip-10-185-125-134	2026-09-22T08:34:53.3573828Z	B	suitesparse-amd-3.3.2-r0:do_unpack	/downloads/git2/github.com.DrTimothyAldenDavis.SuiteSparse.git;	/efsx	ERROR: suitesparse-amd-3.3.2-r0 do_unpack: Bitbake Fetcher Error: UnpackError('No up to date source found: clone directory not available or not up to date: /downloads/git2/github.com.DrTimothyAldenDavis.SuiteSparse.git; shallow clone not enabled', 'git://github.com/DrTimothyAldenDavis/SuiteSparse.git;branch=stable;protocol=https')
qualcomm-linux/meta-qcom-robotics-sdk	35703335919	1	106669036793	build-pr / iq-9075-evk/debug_full_linux-qcom-next	foundri-prd-u2404-x64-od-eph-i-0919b52a44c924b13	ip-10-185-125-134	2026-09-22T08:34:53.3573828Z	B	suitesparse-amd-3.3.2-r0:do_unpack	/downloads/git2/github.com.DrTimothyAldenDavis.SuiteSparse.git;	/efsx	ERROR: suitesparse-amd-3.3.2-r0 do_unpack: Bitbake Fetcher Error: UnpackError('No up to date source found: clone directory not available or not up to date: /downloads/git2/github.com.DrTimothyAldenDavis.SuiteSparse.git; shallow clone not enabled', 'git://github.com/DrTimothyAldenDavis/SuiteSparse.git;branch=stable;protocol=https')
qualcomm-linux/meta-qcom-robotics-sdk	35703335919	1	106669036871	build-pr / iq-8275-evk/qcom-robotics-distro_full_linux-qcom-next	foundri-prd-u2404-x64-od-eph-i-0855508245b81b843	ip-10-185-118-88	2026-09-22T08:35:55.9814026Z	B	suitesparse-config-7.7.0-r0:do_unpack	/downloads/git2/github.com.DrTimothyAldenDavis.SuiteSparse.git;	/efsx	ERROR: suitesparse-config-7.7.0-r0 do_unpack: Bitbake Fetcher Error: UnpackError('No up to date source found: clone directory not available or not up to date: /downloads/git2/github.com.DrTimothyAldenDavis.SuiteSparse.git; shallow clone not enabled', 'git://github.com/DrTimothyAldenDavis/SuiteSparse.git;branch=stable;protocol=https')
qualcomm-linux/meta-qcom-robotics-sdk	35703335919	1	106669036871	build-pr / iq-8275-evk/qcom-robotics-distro_full_linux-qcom-next	foundri-prd-u2404-x64-od-eph-i-0855508245b81b843	ip-10-185-118-88	2026-09-22T08:35:55.9814026Z	B	suitesparse-config-7.7.0-r0:do_unpack	/downloads/git2/github.com.DrTimothyAldenDavis.SuiteSparse.git;	/efsx	ERROR: suitesparse-config-7.7.0-r0 do_unpack: Bitbake Fetcher Error: UnpackError('No up to date source found: clone directory not available or not up to date: /downloads/git2/github.com.DrTimothyAldenDavis.SuiteSparse.git; shallow clone not enabled', 'git://github.com/DrTimothyAldenDavis/SuiteSparse.git;branch=stable;protocol=https')
qualcomm-linux/meta-qcom-robotics-sdk	35703335919	1	106669036793	build-pr / iq-9075-evk/debug_full_linux-qcom-next	foundri-prd-u2404-x64-od-eph-i-0919b52a44c924b13	ip-10-185-125-134	2026-09-22T08:35:55.9914270Z	B	suitesparse-colamd-3.3.3-r0:do_unpack	/downloads/git2/github.com.DrTimothyAldenDavis.SuiteSparse.git;	/efsx	ERROR: suitesparse-colamd-3.3.3-r0 do_unpack: Bitbake Fetcher Error: UnpackError('No up to date source found: clone directory not available or not up to date: /downloads/git2/github.com.DrTimothyAldenDavis.SuiteSparse.git; shallow clone not enabled', 'git://github.com/DrTimothyAldenDavis/SuiteSparse.git;branch=stable;protocol=https')
qualcomm-linux/meta-qcom-robotics-sdk	35703335919	1	106669036793	build-pr / iq-9075-evk/debug_full_linux-qcom-next	foundri-prd-u2404-x64-od-eph-i-0919b52a44c924b13	ip-10-185-125-134	2026-09-22T08:35:55.9914270Z	B	suitesparse-colamd-3.3.3-r0:do_unpack	/downloads/git2/github.com.DrTimothyAldenDavis.SuiteSparse.git;	/efsx	ERROR: suitesparse-colamd-3.3.3-r0 do_unpack: Bitbake Fetcher Error: UnpackError('No up to date source found: clone directory not available or not up to date: /downloads/git2/github.com.DrTimothyAldenDavis.SuiteSparse.git; shallow clone not enabled', 'git://github.com/DrTimothyAldenDavis/SuiteSparse.git;branch=stable;protocol=https')
qualcomm-linux/meta-qcom-robotics-sdk	35703335919	1	106669036836	build-pr / iq-9075-evk/qcom-robotics-distro_full_linux-qcom-next	foundri-prd-u2404-x64-od-eph-i-00cadfd7e61900e6c	ip-10-185-123-153	2026-09-22T08:35:55.9952014Z	B	suitesparse-config-7.7.0-r0:do_unpack	/downloads/git2/github.com.DrTimothyAldenDavis.SuiteSparse.git;	/efsx	ERROR: suitesparse-config-7.7.0-r0 do_unpack: Bitbake Fetcher Error: UnpackError('No up to date source found: clone directory not available or not up to date: /downloads/git2/github.com.DrTimothyAldenDavis.SuiteSparse.git; shallow clone not enabled', 'git://github.com/DrTimothyAldenDavis/SuiteSparse.git;branch=stable;protocol=https')
qualcomm-linux/meta-qcom-robotics-sdk	35703335919	1	106669036836	build-pr / iq-9075-evk/qcom-robotics-distro_full_linux-qcom-next	foundri-prd-u2404-x64-od-eph-i-00cadfd7e61900e6c	ip-10-185-123-153	2026-09-22T08:35:55.9952014Z	B	suitesparse-config-7.7.0-r0:do_unpack	/downloads/git2/github.com.DrTimothyAldenDavis.SuiteSparse.git;	/efsx	ERROR: suitesparse-config-7.7.0-r0 do_unpack: Bitbake Fetcher Error: UnpackError('No up to date source found: clone directory not available or not up to date: /downloads/git2/github.com.DrTimothyAldenDavis.SuiteSparse.git; shallow clone not enabled', 'git://github.com/DrTimothyAldenDavis/SuiteSparse.git;branch=stable;protocol=https')
qualcomm-linux/meta-qcom-robotics-sdk	35703335919	1	106669036724	build-pr / iq-8275-evk/debug_base_linux-qcom-next	foundri-prd-u2404-x64-od-eph-i-0952f43f123398396	ip-10-185-125-115	2026-09-22T08:36:01.7672829Z	B	suitesparse-amd-3.3.2-r0:do_unpack	/downloads/git2/github.com.DrTimothyAldenDavis.SuiteSparse.git;	/efsx	ERROR: suitesparse-amd-3.3.2-r0 do_unpack: Bitbake Fetcher Error: UnpackError('No up to date source found: clone directory not available or not up to date: /downloads/git2/github.com.DrTimothyAldenDavis.SuiteSparse.git; shallow clone not enabled', 'git://github.com/DrTimothyAldenDavis/SuiteSparse.git;branch=stable;protocol=https')
qualcomm-linux/meta-qcom-robotics-sdk	35703335919	1	106669036724	build-pr / iq-8275-evk/debug_base_linux-qcom-next	foundri-prd-u2404-x64-od-eph-i-0952f43f123398396	ip-10-185-125-115	2026-09-22T08:36:01.7672829Z	B	suitesparse-amd-3.3.2-r0:do_unpack	/downloads/git2/github.com.DrTimothyAldenDavis.SuiteSparse.git;	/efsx	ERROR: suitesparse-amd-3.3.2-r0 do_unpack: Bitbake Fetcher Error: UnpackError('No up to date source found: clone directory not available or not up to date: /downloads/git2/github.com.DrTimothyAldenDavis.SuiteSparse.git; shallow clone not enabled', 'git://github.com/DrTimothyAldenDavis/SuiteSparse.git;branch=stable;protocol=https')
qualcomm-linux/meta-qcom-robotics-sdk	35703335919	1	106669036730	build-pr / iq-8275-evk/debug_full_linux-qcom-next	foundri-prd-u2404-x64-od-eph-i-07ae16a7994b71935	ip-10-185-126-150	2026-09-22T08:36:27.7022437Z	B	suitesparse-config-7.7.0-r0:do_unpack	/downloads/git2/github.com.DrTimothyAldenDavis.SuiteSparse.git;	/efsx	ERROR: suitesparse-config-7.7.0-r0 do_unpack: Bitbake Fetcher Error: UnpackError('No up to date source found: clone directory not available or not up to date: /downloads/git2/github.com.DrTimothyAldenDavis.SuiteSparse.git; shallow clone not enabled', 'git://github.com/DrTimothyAldenDavis/SuiteSparse.git;branch=stable;protocol=https')
qualcomm-linux/meta-qcom-robotics-sdk	35703335919	1	106669036730	build-pr / iq-8275-evk/debug_full_linux-qcom-next	foundri-prd-u2404-x64-od-eph-i-07ae16a7994b71935	ip-10-185-126-150	2026-09-22T08:36:27.7022437Z	B	suitesparse-config-7.7.0-r0:do_unpack	/downloads/git2/github.com.DrTimothyAldenDavis.SuiteSparse.git;	/efsx	ERROR: suitesparse-config-7.7.0-r0 do_unpack: Bitbake Fetcher Error: UnpackError('No up to date source found: clone directory not available or not up to date: /downloads/git2/github.com.DrTimothyAldenDavis.SuiteSparse.git; shallow clone not enabled', 'git://github.com/DrTimothyAldenDavis/SuiteSparse.git;branch=stable;protocol=https')
qualcomm-linux/meta-qcom-robotics-sdk	35703335919	1	106669036730	build-pr / iq-8275-evk/debug_full_linux-qcom-next	foundri-prd-u2404-x64-od-eph-i-07ae16a7994b71935	ip-10-185-126-150	2026-09-22T08:36:27.7075788Z	B	suitesparse-colamd-3.3.3-r0:do_unpack	/downloads/git2/github.com.DrTimothyAldenDavis.SuiteSparse.git;	/efsx	ERROR: suitesparse-colamd-3.3.3-r0 do_unpack: Bitbake Fetcher Error: UnpackError('No up to date source found: clone directory not available or not up to date: /downloads/git2/github.com.DrTimothyAldenDavis.SuiteSparse.git; shallow clone not enabled', 'git://github.com/DrTimothyAldenDavis/SuiteSparse.git;branch=stable;protocol=https')
qualcomm-linux/meta-qcom-robotics-sdk	35703335919	1	106669036730	build-pr / iq-8275-evk/debug_full_linux-qcom-next	foundri-prd-u2404-x64-od-eph-i-07ae16a7994b71935	ip-10-185-126-150	2026-09-22T08:36:27.7075788Z	B	suitesparse-colamd-3.3.3-r0:do_unpack	/downloads/git2/github.com.DrTimothyAldenDavis.SuiteSparse.git;	/efsx	ERROR: suitesparse-colamd-3.3.3-r0 do_unpack: Bitbake Fetcher Error: UnpackError('No up to date source found: clone directory not available or not up to date: /downloads/git2/github.com.DrTimothyAldenDavis.SuiteSparse.git; shallow clone not enabled', 'git://github.com/DrTimothyAldenDavis/SuiteSparse.git;branch=stable;protocol=https')
qualcomm-linux/meta-qcom-robotics-sdk	35703335919	1	106669036926	build-pr / iq-9075-evk/debug_base_linux-qcom-next	foundri-prd-u2404-x64-od-eph-i-0fd090da46371bfb1	ip-10-185-126-187	2026-09-22T08:36:43.8941091Z	B	suitesparse-config-7.7.0-r0:do_unpack	/downloads/git2/github.com.DrTimothyAldenDavis.SuiteSparse.git;	/efsx	ERROR: suitesparse-config-7.7.0-r0 do_unpack: Bitbake Fetcher Error: UnpackError('No up to date source found: clone directory not available or not up to date: /downloads/git2/github.com.DrTimothyAldenDavis.SuiteSparse.git; shallow clone not enabled', 'git://github.com/DrTimothyAldenDavis/SuiteSparse.git;branch=stable;protocol=https')
qualcomm-linux/meta-qcom-robotics-sdk	35703335919	1	106669036926	build-pr / iq-9075-evk/debug_base_linux-qcom-next	foundri-prd-u2404-x64-od-eph-i-0fd090da46371bfb1	ip-10-185-126-187	2026-09-22T08:36:43.8941091Z	B	suitesparse-config-7.7.0-r0:do_unpack	/downloads/git2/github.com.DrTimothyAldenDavis.SuiteSparse.git;	/efsx	ERROR: suitesparse-config-7.7.0-r0 do_unpack: Bitbake Fetcher Error: UnpackError('No up to date source found: clone directory not available or not up to date: /downloads/git2/github.com.DrTimothyAldenDavis.SuiteSparse.git; shallow clone not enabled', 'git://github.com/DrTimothyAldenDavis/SuiteSparse.git;branch=stable;protocol=https')
qualcomm-linux/meta-qcom-robotics-sdk	35703335919	1	106669036730	build-pr / iq-8275-evk/debug_full_linux-qcom-next	foundri-prd-u2404-x64-od-eph-i-07ae16a7994b71935	ip-10-185-126-150	2026-09-22T08:36:44.0026828Z	B	suitesparse-amd-3.3.2-r0:do_unpack	/downloads/git2/github.com.DrTimothyAldenDavis.SuiteSparse.git;	/efsx	ERROR: suitesparse-amd-3.3.2-r0 do_unpack: Bitbake Fetcher Error: UnpackError('No up to date source found: clone directory not available or not up to date: /downloads/git2/github.com.DrTimothyAldenDavis.SuiteSparse.git; shallow clone not enabled', 'git://github.com/DrTimothyAldenDavis/SuiteSparse.git;branch=stable;protocol=https')
qualcomm-linux/meta-qcom-robotics-sdk	35703335919	1	106669036730	build-pr / iq-8275-evk/debug_full_linux-qcom-next	foundri-prd-u2404-x64-od-eph-i-07ae16a7994b71935	ip-10-185-126-150	2026-09-22T08:36:44.0026828Z	B	suitesparse-amd-3.3.2-r0:do_unpack	/downloads/git2/github.com.DrTimothyAldenDavis.SuiteSparse.git;	/efsx	ERROR: suitesparse-amd-3.3.2-r0 do_unpack: Bitbake Fetcher Error: UnpackError('No up to date source found: clone directory not available or not up to date: /downloads/git2/github.com.DrTimothyAldenDavis.SuiteSparse.git; shallow clone not enabled', 'git://github.com/DrTimothyAldenDavis/SuiteSparse.git;branch=stable;protocol=https')
qualcomm-linux/meta-qcom-robotics-sdk	35835739824	1	107099729676	build-pr / iq-8275-evk/qcom-robotics-distro-catchall_base_linux-qcom-next	foundri-prd-u2404-x64-od-eph-i-058cf0aeeed2a0dce	ip-10-185-127-74	2026-09-23T08:28:22.6725149Z	B	suitesparse-config-7.7.0-r0:do_unpack	/downloads/git2/github.com.DrTimothyAldenDavis.SuiteSparse.git;	/efsx	ERROR: suitesparse-config-7.7.0-r0 do_unpack: Bitbake Fetcher Error: UnpackError('No up to date source found: clone directory not available or not up to date: /downloads/git2/github.com.DrTimothyAldenDavis.SuiteSparse.git; shallow clone not enabled', 'git://github.com/DrTimothyAldenDavis/SuiteSparse.git;branch=stable;protocol=https')
qualcomm-linux/meta-qcom-robotics-sdk	35835739824	1	107099729714	build-pr / iq-9075-evk/debug_base_linux-qcom-next	foundri-prd-u2404-x64-od-eph-i-07e35c5ecba170ad7	ip-10-185-114-159	2026-09-23T08:28:29.7647460Z	B	suitesparse-config-7.7.0-r0:do_unpack	/downloads/git2/github.com.DrTimothyAldenDavis.SuiteSparse.git;	/efsx	ERROR: suitesparse-config-7.7.0-r0 do_unpack: Bitbake Fetcher Error: UnpackError('No up to date source found: clone directory not available or not up to date: /downloads/git2/github.com.DrTimothyAldenDavis.SuiteSparse.git; shallow clone not enabled', 'git://github.com/DrTimothyAldenDavis/SuiteSparse.git;branch=stable;protocol=https')
qualcomm-linux/meta-qcom-robotics-sdk	35835739824	1	107099729714	build-pr / iq-9075-evk/debug_base_linux-qcom-next	foundri-prd-u2404-x64-od-eph-i-07e35c5ecba170ad7	ip-10-185-114-159	2026-09-23T08:28:29.7647460Z	B	suitesparse-config-7.7.0-r0:do_unpack	/downloads/git2/github.com.DrTimothyAldenDavis.SuiteSparse.git;	/efsx	ERROR: suitesparse-config-7.7.0-r0 do_unpack: Bitbake Fetcher Error: UnpackError('No up to date source found: clone directory not available or not up to date: /downloads/git2/github.com.DrTimothyAldenDavis.SuiteSparse.git; shallow clone not enabled', 'git://github.com/DrTimothyAldenDavis/SuiteSparse.git;branch=stable;protocol=https')
qualcomm-linux/meta-qcom-robotics-sdk	35835739824	1	107099729704	build-pr / iq-9075-evk/performance_base_linux-qcom-next	foundri-prd-u2404-x64-od-eph-i-0941e7467531f3373	ip-10-185-112-233	2026-09-23T08:28:51.3613179Z	B	suitesparse-config-7.7.0-r0:do_unpack	/downloads/git2/github.com.DrTimothyAldenDavis.SuiteSparse.git;	/efsx	ERROR: suitesparse-config-7.7.0-r0 do_unpack: Bitbake Fetcher Error: UnpackError('No up to date source found: clone directory not available or not up to date: /downloads/git2/github.com.DrTimothyAldenDavis.SuiteSparse.git; shallow clone not enabled', 'git://github.com/DrTimothyAldenDavis/SuiteSparse.git;branch=stable;protocol=https')
qualcomm-linux/meta-qcom-robotics-sdk	35835739824	1	107099729761	build-pr / iq-9075-evk/debug_full_linux-qcom-next	foundri-prd-u2404-x64-od-eph-i-0546b51c5b222eae5	ip-10-185-121-234	2026-09-23T08:28:51.3752439Z	B	suitesparse-config-7.7.0-r0:do_unpack	/downloads/git2/github.com.DrTimothyAldenDavis.SuiteSparse.git;	/efsx	ERROR: suitesparse-config-7.7.0-r0 do_unpack: Bitbake Fetcher Error: UnpackError('No up to date source found: clone directory not available or not up to date: /downloads/git2/github.com.DrTimothyAldenDavis.SuiteSparse.git; shallow clone not enabled', 'git://github.com/DrTimothyAldenDavis/SuiteSparse.git;branch=stable;protocol=https')
qualcomm-linux/meta-qcom-robotics-sdk	35835739824	1	107099729755	build-pr / iq-9075-evk/qcom-robotics-distro-catchall_full_linux-qcom-next	foundri-prd-u2404-x64-od-eph-i-0128c827b93cbf317	ip-10-185-117-224	2026-09-23T08:28:51.3807765Z	B	suitesparse-config-7.7.0-r0:do_unpack	/downloads/git2/github.com.DrTimothyAldenDavis.SuiteSparse.git;	/efsx	ERROR: suitesparse-config-7.7.0-r0 do_unpack: Bitbake Fetcher Error: UnpackError('No up to date source found: clone directory not available or not up to date: /downloads/git2/github.com.DrTimothyAldenDavis.SuiteSparse.git; shallow clone not enabled', 'git://github.com/DrTimothyAldenDavis/SuiteSparse.git;branch=stable;protocol=https')
qualcomm-linux/meta-qcom-robotics-sdk	35835739824	1	107099729706	build-pr / iq-8275-evk/qcom-robotics-distro-catchall_full_linux-qcom-next	foundri-prd-u2404-x64-od-eph-i-0c863ea93e252074d	ip-10-185-116-177	2026-09-23T08:29:13.0901534Z	B	suitesparse-config-7.7.0-r0:do_unpack	/downloads/git2/github.com.DrTimothyAldenDavis.SuiteSparse.git;	/efsx	ERROR: suitesparse-config-7.7.0-r0 do_unpack: Bitbake Fetcher Error: UnpackError('No up to date source found: clone directory not available or not up to date: /downloads/git2/github.com.DrTimothyAldenDavis.SuiteSparse.git; shallow clone not enabled', 'git://github.com/DrTimothyAldenDavis/SuiteSparse.git;branch=stable;protocol=https')
qualcomm-linux/meta-qcom-robotics-sdk	35835739824	1	107099729673	build-pr / iq-8275-evk/debug_full_linux-qcom-next	foundri-prd-u2404-x64-od-eph-i-07cd3aaa3290991b4	ip-10-185-127-33	2026-09-23T08:29:34.4310669Z	B	suitesparse-config-7.7.0-r0:do_unpack	/downloads/git2/github.com.DrTimothyAldenDavis.SuiteSparse.git;	/efsx	ERROR: suitesparse-config-7.7.0-r0 do_unpack: Bitbake Fetcher Error: UnpackError('No up to date source found: clone directory not available or not up to date: /downloads/git2/github.com.DrTimothyAldenDavis.SuiteSparse.git; shallow clone not enabled', 'git://github.com/DrTimothyAldenDavis/SuiteSparse.git;branch=stable;protocol=https')
qualcomm-linux/meta-qcom-robotics-sdk	35835739824	1	107099729720	build-pr / iq-8275-evk/qcom-robotics-distro_full_linux-qcom-next	foundri-prd-u2404-x64-od-eph-i-09b127d2d3afbbf5e	ip-10-185-115-195	2026-09-23T08:29:34.5730931Z	B	suitesparse-config-7.7.0-r0:do_unpack	/downloads/git2/github.com.DrTimothyAldenDavis.SuiteSparse.git;	/efsx	ERROR: suitesparse-config-7.7.0-r0 do_unpack: Bitbake Fetcher Error: UnpackError('No up to date source found: clone directory not available or not up to date: /downloads/git2/github.com.DrTimothyAldenDavis.SuiteSparse.git; shallow clone not enabled', 'git://github.com/DrTimothyAldenDavis/SuiteSparse.git;branch=stable;protocol=https')
qualcomm-linux/meta-qcom-robotics-sdk	35835739824	1	107099729889	build-pr / iq-8275-evk/performance_base_linux-qcom-next	foundri-prd-u2404-x64-od-eph-i-024a3c275cca2f499	ip-10-185-127-171	2026-09-23T08:30:30.4391242Z	B	suitesparse-config-7.7.0-r0:do_unpack	/downloads/git2/github.com.DrTimothyAldenDavis.SuiteSparse.git;	/efsx	ERROR: suitesparse-config-7.7.0-r0 do_unpack: Bitbake Fetcher Error: UnpackError('No up to date source found: clone directory not available or not up to date: /downloads/git2/github.com.DrTimothyAldenDavis.SuiteSparse.git; shallow clone not enabled', 'git://github.com/DrTimothyAldenDavis/SuiteSparse.git;branch=stable;protocol=https')
qualcomm-linux/meta-qcom-robotics-sdk	35835739824	1	107099729841	build-pr / iq-9075-evk/performance_full_linux-qcom-next	foundri-prd-u2404-x64-od-eph-i-0abbdc705905849b7	ip-10-185-114-156	2026-09-23T08:30:56.2463773Z	B	suitesparse-config-7.7.0-r0:do_unpack	/downloads/git2/github.com.DrTimothyAldenDavis.SuiteSparse.git;	/efsx	ERROR: suitesparse-config-7.7.0-r0 do_unpack: Bitbake Fetcher Error: UnpackError('No up to date source found: clone directory not available or not up to date: /downloads/git2/github.com.DrTimothyAldenDavis.SuiteSparse.git; shallow clone not enabled', 'git://github.com/DrTimothyAldenDavis/SuiteSparse.git;branch=stable;protocol=https')
qualcomm-linux/meta-qcom-robotics-sdk	35835739824	1	107099729826	build-pr / iq-9075-evk/qcom-robotics-distro-catchall_base_linux-qcom-next	foundri-prd-u2404-x64-od-eph-i-04963ee5287d1d774	ip-10-185-116-204	2026-09-23T08:30:56.2571386Z	B	suitesparse-config-7.7.0-r0:do_unpack	/downloads/git2/github.com.DrTimothyAldenDavis.SuiteSparse.git;	/efsx	ERROR: suitesparse-config-7.7.0-r0 do_unpack: Bitbake Fetcher Error: UnpackError('No up to date source found: clone directory not available or not up to date: /downloads/git2/github.com.DrTimothyAldenDavis.SuiteSparse.git; shallow clone not enabled', 'git://github.com/DrTimothyAldenDavis/SuiteSparse.git;branch=stable;protocol=https')
qualcomm-linux/meta-qcom-robotics-sdk	35835739824	1	107099729709	build-pr / iq-8275-evk/qcom-robotics-distro_base_linux-qcom-next	foundri-prd-u2404-x64-od-eph-i-017ade582a2ffaf37	ip-10-185-116-25	2026-09-23T08:31:20.4514555Z	B	suitesparse-config-7.7.0-r0:do_unpack	/downloads/git2/github.com.DrTimothyAldenDavis.SuiteSparse.git;	/efsx	ERROR: suitesparse-config-7.7.0-r0 do_unpack: Bitbake Fetcher Error: UnpackError('No up to date source found: clone directory not available or not up to date: /downloads/git2/github.com.DrTimothyAldenDavis.SuiteSparse.git; shallow clone not enabled', 'git://github.com/DrTimothyAldenDavis/SuiteSparse.git;branch=stable;protocol=https')
qualcomm-linux/meta-qcom-robotics-sdk	35835739824	1	107099729795	build-pr / iq-8275-evk/performance_full_linux-qcom-next	foundri-prd-u2404-x64-od-eph-i-0e0b9c9ea95af56bc	ip-10-185-124-130	2026-09-23T08:31:20.4988205Z	B	suitesparse-config-7.7.0-r0:do_unpack	/downloads/git2/github.com.DrTimothyAldenDavis.SuiteSparse.git;	/efsx	ERROR: suitesparse-config-7.7.0-r0 do_unpack: Bitbake Fetcher Error: UnpackError('No up to date source found: clone directory not available or not up to date: /downloads/git2/github.com.DrTimothyAldenDavis.SuiteSparse.git; shallow clone not enabled', 'git://github.com/DrTimothyAldenDavis/SuiteSparse.git;branch=stable;protocol=https')
qualcomm-linux/meta-qcom-robotics-sdk	35835739824	1	107099729906	build-pr / iq-9075-evk/qcom-robotics-distro_base_linux-qcom-next	foundri-prd-u2404-x64-od-eph-i-02a005274a4083878	ip-10-185-116-119	2026-09-23T08:32:39.3303371Z	B	suitesparse-config-7.7.0-r0:do_unpack	/downloads/git2/github.com.DrTimothyAldenDavis.SuiteSparse.git;	/efsx	ERROR: suitesparse-config-7.7.0-r0 do_unpack: Bitbake Fetcher Error: UnpackError('No up to date source found: clone directory not available or not up to date: /downloads/git2/github.com.DrTimothyAldenDavis.SuiteSparse.git; shallow clone not enabled', 'git://github.com/DrTimothyAldenDavis/SuiteSparse.git;branch=stable;protocol=https')
qualcomm-linux/meta-qcom-robotics-sdk	35835739824	1	107099729906	build-pr / iq-9075-evk/qcom-robotics-distro_base_linux-qcom-next	foundri-prd-u2404-x64-od-eph-i-02a005274a4083878	ip-10-185-116-119	2026-09-23T08:32:39.3357803Z	B	suitesparse-amd-3.3.2-r0:do_unpack	/downloads/git2/github.com.DrTimothyAldenDavis.SuiteSparse.git;	/efsx	ERROR: suitesparse-amd-3.3.2-r0 do_unpack: Bitbake Fetcher Error: UnpackError('No up to date source found: clone directory not available or not up to date: /downloads/git2/github.com.DrTimothyAldenDavis.SuiteSparse.git; shallow clone not enabled', 'git://github.com/DrTimothyAldenDavis/SuiteSparse.git;branch=stable;protocol=https')
qualcomm-linux/meta-qcom-robotics-sdk	35835739824	1	107099729838	build-pr / iq-8275-evk/debug_base_linux-qcom-next	foundri-prd-u2404-x64-od-eph-i-021a3a8e633c5de38	ip-10-185-126-215	2026-09-23T08:32:39.3390230Z	B	suitesparse-amd-3.3.2-r0:do_unpack	/downloads/git2/github.com.DrTimothyAldenDavis.SuiteSparse.git;	/efsx	ERROR: suitesparse-amd-3.3.2-r0 do_unpack: Bitbake Fetcher Error: UnpackError('No up to date source found: clone directory not available or not up to date: /downloads/git2/github.com.DrTimothyAldenDavis.SuiteSparse.git; shallow clone not enabled', 'git://github.com/DrTimothyAldenDavis/SuiteSparse.git;branch=stable;protocol=https')
qualcomm-linux/meta-qcom-robotics-sdk	35835739824	1	107099729906	build-pr / iq-9075-evk/qcom-robotics-distro_base_linux-qcom-next	foundri-prd-u2404-x64-od-eph-i-02a005274a4083878	ip-10-185-116-119	2026-09-23T08:33:00.2695683Z	B	suitesparse-camd-3.3.2-r0:do_unpack	/downloads/git2/github.com.DrTimothyAldenDavis.SuiteSparse.git;	/efsx	ERROR: suitesparse-camd-3.3.2-r0 do_unpack: Bitbake Fetcher Error: UnpackError('No up to date source found: clone directory not available or not up to date: /downloads/git2/github.com.DrTimothyAldenDavis.SuiteSparse.git; shallow clone not enabled', 'git://github.com/DrTimothyAldenDavis/SuiteSparse.git;branch=stable;protocol=https')
qualcomm-linux/meta-qcom-robotics-sdk	35835739824	1	107099729906	build-pr / iq-9075-evk/qcom-robotics-distro_base_linux-qcom-next	foundri-prd-u2404-x64-od-eph-i-02a005274a4083878	ip-10-185-116-119	2026-09-23T08:33:00.2714818Z	B	suitesparse-ccolamd-3.3.3-r0:do_unpack	/downloads/git2/github.com.DrTimothyAldenDavis.SuiteSparse.git;	/efsx	ERROR: suitesparse-ccolamd-3.3.3-r0 do_unpack: Bitbake Fetcher Error: UnpackError('No up to date source found: clone directory not available or not up to date: /downloads/git2/github.com.DrTimothyAldenDavis.SuiteSparse.git; shallow clone not enabled', 'git://github.com/DrTimothyAldenDavis/SuiteSparse.git;branch=stable;protocol=https')
qualcomm-linux/meta-qcom-robotics-sdk	35835739824	1	107099729765	build-pr / iq-9075-evk/qcom-robotics-distro_full_linux-qcom-next	foundri-prd-u2404-x64-od-eph-i-0d62347fc98911191	ip-10-185-125-30	2026-09-23T08:33:00.2841524Z	B	suitesparse-config-7.7.0-r0:do_unpack	/downloads/git2/github.com.DrTimothyAldenDavis.SuiteSparse.git;	/efsx	ERROR: suitesparse-config-7.7.0-r0 do_unpack: Bitbake Fetcher Error: UnpackError('No up to date source found: clone directory not available or not up to date: /downloads/git2/github.com.DrTimothyAldenDavis.SuiteSparse.git; shallow clone not enabled', 'git://github.com/DrTimothyAldenDavis/SuiteSparse.git;branch=stable;protocol=https')
qualcomm-linux/meta-qcom-robotics-sdk	35835739824	1	107099729838	build-pr / iq-8275-evk/debug_base_linux-qcom-next	foundri-prd-u2404-x64-od-eph-i-021a3a8e633c5de38	ip-10-185-126-215	2026-09-23T08:36:05.3024017Z	B	suitesparse-colamd-3.3.3-r0:do_unpack	/downloads/git2/github.com.DrTimothyAldenDavis.SuiteSparse.git;	/efsx	ERROR: suitesparse-colamd-3.3.3-r0 do_unpack: Bitbake Fetcher Error: UnpackError('No up to date source found: clone directory not available or not up to date: /downloads/git2/github.com.DrTimothyAldenDavis.SuiteSparse.git; shallow clone not enabled', 'git://github.com/DrTimothyAldenDavis/SuiteSparse.git;branch=stable;protocol=https')
qualcomm-linux/meta-qcom-robotics-sdk	35938315722	1	107441032519	build-pr / iq-8275-evk/qcom-robotics-distro_full_linux-qcom-next	foundri-prd-u2404-x64-od-eph-i-0a37dd688f5250e8a	ip-10-185-121-136	2026-09-24T00:47:03.6537879Z	A	aardvark-dns-1.17.1-r0:do_fetch	crate://crates.io/endian-type/0.1.2	/efsx	WARNING: aardvark-dns-1.17.1-r0 do_fetch: Checksum failure encountered with download of crate://crates.io/endian-type/0.1.2 - will attempt other sources if available
qualcomm-linux/meta-qcom-robotics-sdk	35938315722	1	107441032519	build-pr / iq-8275-evk/qcom-robotics-distro_full_linux-qcom-next	foundri-prd-u2404-x64-od-eph-i-0a37dd688f5250e8a	ip-10-185-121-136	2026-09-24T00:47:03.6537879Z	A	aardvark-dns-1.17.1-r0:do_fetch	crate://crates.io/endian-type/0.1.2	/efsx	WARNING: aardvark-dns-1.17.1-r0 do_fetch: Checksum failure encountered with download of crate://crates.io/endian-type/0.1.2 - will attempt other sources if available
qualcomm-linux/meta-qcom-robotics-sdk	35938315722	2	107450022486	build-pr / iq-8275-evk/qcom-robotics-distro_full_linux-qcom-next	foundri-prd-u2404-x64-od-eph-i-0a37dd688f5250e8a	ip-10-185-121-136	2026-09-24T00:47:03.6537879Z	A	aardvark-dns-1.17.1-r0:do_fetch	crate://crates.io/endian-type/0.1.2	/efsx	WARNING: aardvark-dns-1.17.1-r0 do_fetch: Checksum failure encountered with download of crate://crates.io/endian-type/0.1.2 - will attempt other sources if available
qualcomm-linux/meta-qcom-robotics-sdk	35938315722	3	107673386087	build-pr / iq-8275-evk/qcom-robotics-distro_full_linux-qcom-next	foundri-prd-u2404-x64-od-eph-i-0a37dd688f5250e8a	ip-10-185-121-136	2026-09-24T00:47:03.6537879Z	A	aardvark-dns-1.17.1-r0:do_fetch	crate://crates.io/endian-type/0.1.2	/efsx	WARNING: aardvark-dns-1.17.1-r0 do_fetch: Checksum failure encountered with download of crate://crates.io/endian-type/0.1.2 - will attempt other sources if available
qualcomm-linux/meta-qcom-robotics-sdk	35938315722	1	107441032468	build-pr / iq-8275-evk/qcom-robotics-distro_base_linux-qcom-next	foundri-prd-u2404-x64-od-eph-i-0b2eb3ecd5d7ab8f4	ip-10-185-117-57	2026-09-24T00:47:03.6804756Z	A	aardvark-dns-1.17.1-r0:do_fetch	/downloads/endian-type-0.1.2.crate	/efsx	WARNING: aardvark-dns-1.17.1-r0 do_fetch: Checksum mismatch for local file /downloads/endian-type-0.1.2.crate
qualcomm-linux/meta-qcom-robotics-sdk	35938315722	1	107441032468	build-pr / iq-8275-evk/qcom-robotics-distro_base_linux-qcom-next	foundri-prd-u2404-x64-od-eph-i-0b2eb3ecd5d7ab8f4	ip-10-185-117-57	2026-09-24T00:47:03.6804756Z	A	aardvark-dns-1.17.1-r0:do_fetch	/downloads/endian-type-0.1.2.crate	/efsx	WARNING: aardvark-dns-1.17.1-r0 do_fetch: Checksum mismatch for local file /downloads/endian-type-0.1.2.crate
qualcomm-linux/meta-qcom-robotics-sdk	35938315722	1	107441032468	build-pr / iq-8275-evk/qcom-robotics-distro_base_linux-qcom-next	foundri-prd-u2404-x64-od-eph-i-0b2eb3ecd5d7ab8f4	ip-10-185-117-57	2026-09-24T00:47:03.6806506Z	A	aardvark-dns-1.17.1-r0:do_fetch	/downloads/endian-type-0.1.2.crate	/efsx	WARNING: aardvark-dns-1.17.1-r0 do_fetch: Renaming /downloads/endian-type-0.1.2.crate to /downloads/endian-type-0.1.2.crate_bad-checksum_f3e43768bec229ad4567bca3e86146a3a6919648b8991d545e3a97c1f7c239b9
qualcomm-linux/meta-qcom-robotics-sdk	35938315722	1	107441032468	build-pr / iq-8275-evk/qcom-robotics-distro_base_linux-qcom-next	foundri-prd-u2404-x64-od-eph-i-0b2eb3ecd5d7ab8f4	ip-10-185-117-57	2026-09-24T00:47:03.6806506Z	A	aardvark-dns-1.17.1-r0:do_fetch	/downloads/endian-type-0.1.2.crate	/efsx	WARNING: aardvark-dns-1.17.1-r0 do_fetch: Renaming /downloads/endian-type-0.1.2.crate to /downloads/endian-type-0.1.2.crate_bad-checksum_f3e43768bec229ad4567bca3e86146a3a6919648b8991d545e3a97c1f7c239b9
qualcomm-linux/meta-qcom-robotics-sdk	35938315722	1	107441032468	build-pr / iq-8275-evk/qcom-robotics-distro_base_linux-qcom-next	foundri-prd-u2404-x64-od-eph-i-0b2eb3ecd5d7ab8f4	ip-10-185-117-57	2026-09-24T00:47:03.7448411Z	A	aardvark-dns-1.17.1-r0:do_fetch	crate://crates.io/endian-type/0.1.2	/efsx	WARNING: aardvark-dns-1.17.1-r0 do_fetch: Checksum failure encountered with download of crate://crates.io/endian-type/0.1.2 - will attempt other sources if available
qualcomm-linux/meta-qcom-robotics-sdk	35938315722	1	107441032468	build-pr / iq-8275-evk/qcom-robotics-distro_base_linux-qcom-next	foundri-prd-u2404-x64-od-eph-i-0b2eb3ecd5d7ab8f4	ip-10-185-117-57	2026-09-24T00:47:03.7448411Z	A	aardvark-dns-1.17.1-r0:do_fetch	crate://crates.io/endian-type/0.1.2	/efsx	WARNING: aardvark-dns-1.17.1-r0 do_fetch: Checksum failure encountered with download of crate://crates.io/endian-type/0.1.2 - will attempt other sources if available
qualcomm-linux/meta-qcom-robotics-sdk	35938315722	1	107441032519	build-pr / iq-8275-evk/qcom-robotics-distro_full_linux-qcom-next	foundri-prd-u2404-x64-od-eph-i-0a37dd688f5250e8a	ip-10-185-121-136	2026-09-24T00:47:04.8842204Z	A	aardvark-dns-1.17.1-r0:do_fetch	/downloads/endian-type-0.1.2.crate	/efsx	WARNING: aardvark-dns-1.17.1-r0 do_fetch: Checksum mismatch for local file /downloads/endian-type-0.1.2.crate
qualcomm-linux/meta-qcom-robotics-sdk	35938315722	1	107441032519	build-pr / iq-8275-evk/qcom-robotics-distro_full_linux-qcom-next	foundri-prd-u2404-x64-od-eph-i-0a37dd688f5250e8a	ip-10-185-121-136	2026-09-24T00:47:04.8842204Z	A	aardvark-dns-1.17.1-r0:do_fetch	/downloads/endian-type-0.1.2.crate	/efsx	WARNING: aardvark-dns-1.17.1-r0 do_fetch: Checksum mismatch for local file /downloads/endian-type-0.1.2.crate
qualcomm-linux/meta-qcom-robotics-sdk	35938315722	2	107450022486	build-pr / iq-8275-evk/qcom-robotics-distro_full_linux-qcom-next	foundri-prd-u2404-x64-od-eph-i-0a37dd688f5250e8a	ip-10-185-121-136	2026-09-24T00:47:04.8842204Z	A	aardvark-dns-1.17.1-r0:do_fetch	/downloads/endian-type-0.1.2.crate	/efsx	WARNING: aardvark-dns-1.17.1-r0 do_fetch: Checksum mismatch for local file /downloads/endian-type-0.1.2.crate
qualcomm-linux/meta-qcom-robotics-sdk	35938315722	3	107673386087	build-pr / iq-8275-evk/qcom-robotics-distro_full_linux-qcom-next	foundri-prd-u2404-x64-od-eph-i-0a37dd688f5250e8a	ip-10-185-121-136	2026-09-24T00:47:04.8842204Z	A	aardvark-dns-1.17.1-r0:do_fetch	/downloads/endian-type-0.1.2.crate	/efsx	WARNING: aardvark-dns-1.17.1-r0 do_fetch: Checksum mismatch for local file /downloads/endian-type-0.1.2.crate
qualcomm-linux/meta-qcom-robotics-sdk	35938315722	1	107441032519	build-pr / iq-8275-evk/qcom-robotics-distro_full_linux-qcom-next	foundri-prd-u2404-x64-od-eph-i-0a37dd688f5250e8a	ip-10-185-121-136	2026-09-24T00:47:04.8844016Z	A	aardvark-dns-1.17.1-r0:do_fetch	/downloads/endian-type-0.1.2.crate	/efsx	WARNING: aardvark-dns-1.17.1-r0 do_fetch: Renaming /downloads/endian-type-0.1.2.crate to /downloads/endian-type-0.1.2.crate_bad-checksum_5accc8db88f1d0e88bb51d47a3c4fa06bde96bb69be77ef0e12a364745f1c744
qualcomm-linux/meta-qcom-robotics-sdk	35938315722	1	107441032519	build-pr / iq-8275-evk/qcom-robotics-distro_full_linux-qcom-next	foundri-prd-u2404-x64-od-eph-i-0a37dd688f5250e8a	ip-10-185-121-136	2026-09-24T00:47:04.8844016Z	A	aardvark-dns-1.17.1-r0:do_fetch	/downloads/endian-type-0.1.2.crate	/efsx	WARNING: aardvark-dns-1.17.1-r0 do_fetch: Renaming /downloads/endian-type-0.1.2.crate to /downloads/endian-type-0.1.2.crate_bad-checksum_5accc8db88f1d0e88bb51d47a3c4fa06bde96bb69be77ef0e12a364745f1c744
qualcomm-linux/meta-qcom-robotics-sdk	35938315722	2	107450022486	build-pr / iq-8275-evk/qcom-robotics-distro_full_linux-qcom-next	foundri-prd-u2404-x64-od-eph-i-0a37dd688f5250e8a	ip-10-185-121-136	2026-09-24T00:47:04.8844016Z	A	aardvark-dns-1.17.1-r0:do_fetch	/downloads/endian-type-0.1.2.crate	/efsx	WARNING: aardvark-dns-1.17.1-r0 do_fetch: Renaming /downloads/endian-type-0.1.2.crate to /downloads/endian-type-0.1.2.crate_bad-checksum_5accc8db88f1d0e88bb51d47a3c4fa06bde96bb69be77ef0e12a364745f1c744
qualcomm-linux/meta-qcom-robotics-sdk	35938315722	3	107673386087	build-pr / iq-8275-evk/qcom-robotics-distro_full_linux-qcom-next	foundri-prd-u2404-x64-od-eph-i-0a37dd688f5250e8a	ip-10-185-121-136	2026-09-24T00:47:04.8844016Z	A	aardvark-dns-1.17.1-r0:do_fetch	/downloads/endian-type-0.1.2.crate	/efsx	WARNING: aardvark-dns-1.17.1-r0 do_fetch: Renaming /downloads/endian-type-0.1.2.crate to /downloads/endian-type-0.1.2.crate_bad-checksum_5accc8db88f1d0e88bb51d47a3c4fa06bde96bb69be77ef0e12a364745f1c744
qualcomm-linux/meta-qcom-robotics-sdk	35938315722	1	107441032519	build-pr / iq-8275-evk/qcom-robotics-distro_full_linux-qcom-next	foundri-prd-u2404-x64-od-eph-i-0a37dd688f5250e8a	ip-10-185-121-136	2026-09-24T00:47:05.0433733Z	A	aardvark-dns-1.17.1-r0:do_fetch	crate://crates.io/endian-type/0.1.2	/efsx	ERROR: aardvark-dns-1.17.1-r0 do_fetch: Checksum failure fetching crate://crates.io/endian-type/0.1.2
qualcomm-linux/meta-qcom-robotics-sdk	35938315722	1	107441032519	build-pr / iq-8275-evk/qcom-robotics-distro_full_linux-qcom-next	foundri-prd-u2404-x64-od-eph-i-0a37dd688f5250e8a	ip-10-185-121-136	2026-09-24T00:47:05.0433733Z	A	aardvark-dns-1.17.1-r0:do_fetch	crate://crates.io/endian-type/0.1.2	/efsx	ERROR: aardvark-dns-1.17.1-r0 do_fetch: Checksum failure fetching crate://crates.io/endian-type/0.1.2
qualcomm-linux/meta-qcom-robotics-sdk	35938315722	2	107450022486	build-pr / iq-8275-evk/qcom-robotics-distro_full_linux-qcom-next	foundri-prd-u2404-x64-od-eph-i-0a37dd688f5250e8a	ip-10-185-121-136	2026-09-24T00:47:05.0433733Z	A	aardvark-dns-1.17.1-r0:do_fetch	crate://crates.io/endian-type/0.1.2	/efsx	ERROR: aardvark-dns-1.17.1-r0 do_fetch: Checksum failure fetching crate://crates.io/endian-type/0.1.2
qualcomm-linux/meta-qcom-robotics-sdk	35938315722	3	107673386087	build-pr / iq-8275-evk/qcom-robotics-distro_full_linux-qcom-next	foundri-prd-u2404-x64-od-eph-i-0a37dd688f5250e8a	ip-10-185-121-136	2026-09-24T00:47:05.0433733Z	A	aardvark-dns-1.17.1-r0:do_fetch	crate://crates.io/endian-type/0.1.2	/efsx	ERROR: aardvark-dns-1.17.1-r0 do_fetch: Checksum failure fetching crate://crates.io/endian-type/0.1.2
qualcomm-linux/meta-qcom-robotics-sdk	35938315722	1	107441032519	build-pr / iq-8275-evk/qcom-robotics-distro_full_linux-qcom-next	foundri-prd-u2404-x64-od-eph-i-0a37dd688f5250e8a	ip-10-185-121-136	2026-09-24T00:47:05.0965915Z	A	aardvark-dns-1.17.1-r0:do_fetch	/downloads/endian-type-0.1.2.crate\	/efsx	ERROR: aardvark-dns-1.17.1-r0 do_fetch: Bitbake Fetcher Error: ChecksumError('Checksum mismatch!\nFile: \'/downloads/endian-type-0.1.2.crate\' has sha256 checksum \'5accc8db88f1d0e88bb51d47a3c4fa06bde96bb69be77ef0e12a364745f1c744\' when \'c34f04666d835ff5d62e058c3995147c06f42fe86ff053337632bca83e42702d\' was expected\nIf this change is expected (e.g. you have upgraded to a new version without upda
qualcomm-linux/meta-qcom-robotics-sdk	35938315722	1	107441032519	build-pr / iq-8275-evk/qcom-robotics-distro_full_linux-qcom-next	foundri-prd-u2404-x64-od-eph-i-0a37dd688f5250e8a	ip-10-185-121-136	2026-09-24T00:47:05.0965915Z	A	aardvark-dns-1.17.1-r0:do_fetch	/downloads/endian-type-0.1.2.crate\	/efsx	ERROR: aardvark-dns-1.17.1-r0 do_fetch: Bitbake Fetcher Error: ChecksumError('Checksum mismatch!\nFile: \'/downloads/endian-type-0.1.2.crate\' has sha256 checksum \'5accc8db88f1d0e88bb51d47a3c4fa06bde96bb69be77ef0e12a364745f1c744\' when \'c34f04666d835ff5d62e058c3995147c06f42fe86ff053337632bca83e42702d\' was expected\nIf this change is expected (e.g. you have upgraded to a new version without upda
qualcomm-linux/meta-qcom-robotics-sdk	35938315722	2	107450022486	build-pr / iq-8275-evk/qcom-robotics-distro_full_linux-qcom-next	foundri-prd-u2404-x64-od-eph-i-0a37dd688f5250e8a	ip-10-185-121-136	2026-09-24T00:47:05.0965915Z	A	aardvark-dns-1.17.1-r0:do_fetch	/downloads/endian-type-0.1.2.crate\	/efsx	ERROR: aardvark-dns-1.17.1-r0 do_fetch: Bitbake Fetcher Error: ChecksumError('Checksum mismatch!\nFile: \'/downloads/endian-type-0.1.2.crate\' has sha256 checksum \'5accc8db88f1d0e88bb51d47a3c4fa06bde96bb69be77ef0e12a364745f1c744\' when \'c34f04666d835ff5d62e058c3995147c06f42fe86ff053337632bca83e42702d\' was expected\nIf this change is expected (e.g. you have upgraded to a new version without upda
qualcomm-linux/meta-qcom-robotics-sdk	35938315722	3	107673386087	build-pr / iq-8275-evk/qcom-robotics-distro_full_linux-qcom-next	foundri-prd-u2404-x64-od-eph-i-0a37dd688f5250e8a	ip-10-185-121-136	2026-09-24T00:47:05.0965915Z	A	aardvark-dns-1.17.1-r0:do_fetch	/downloads/endian-type-0.1.2.crate\	/efsx	ERROR: aardvark-dns-1.17.1-r0 do_fetch: Bitbake Fetcher Error: ChecksumError('Checksum mismatch!\nFile: \'/downloads/endian-type-0.1.2.crate\' has sha256 checksum \'5accc8db88f1d0e88bb51d47a3c4fa06bde96bb69be77ef0e12a364745f1c744\' when \'c34f04666d835ff5d62e058c3995147c06f42fe86ff053337632bca83e42702d\' was expected\nIf this change is expected (e.g. you have upgraded to a new version without upda
qualcomm-linux/meta-qcom-robotics-sdk	35938315722	1	107441032610	build-pr / iq-9075-evk/debug_full_linux-qcom-next	foundri-prd-u2404-x64-od-eph-i-04ce780dae001b5fc	ip-10-185-116-32	2026-09-24T00:51:03.8504147Z	A	docker-compose-5.1.4-r0:do_fetch	gomod://github.com/anchore/go-struct-converter	/efsx	WARNING: docker-compose-5.1.4-r0 do_fetch: Checksum failure encountered with download of gomod://github.com/anchore/go-struct-converter;version=v0.1.0;sha256sum=d59da72ec5a33286bf91e47055e3a526474f9ee2755735be7221dad0540dc88c - will attempt other sources if available
qualcomm-linux/meta-qcom-robotics-sdk	35938315722	1	107441032610	build-pr / iq-9075-evk/debug_full_linux-qcom-next	foundri-prd-u2404-x64-od-eph-i-04ce780dae001b5fc	ip-10-185-116-32	2026-09-24T00:51:03.8504147Z	A	docker-compose-5.1.4-r0:do_fetch	gomod://github.com/anchore/go-struct-converter	/efsx	WARNING: docker-compose-5.1.4-r0 do_fetch: Checksum failure encountered with download of gomod://github.com/anchore/go-struct-converter;version=v0.1.0;sha256sum=d59da72ec5a33286bf91e47055e3a526474f9ee2755735be7221dad0540dc88c - will attempt other sources if available
qualcomm-linux/meta-qcom-robotics-sdk	35938315722	2	107449994961	build-pr / iq-9075-evk/debug_full_linux-qcom-next	foundri-prd-u2404-x64-od-eph-i-04ce780dae001b5fc	ip-10-185-116-32	2026-09-24T00:51:03.8504147Z	A	docker-compose-5.1.4-r0:do_fetch	gomod://github.com/anchore/go-struct-converter	/efsx	WARNING: docker-compose-5.1.4-r0 do_fetch: Checksum failure encountered with download of gomod://github.com/anchore/go-struct-converter;version=v0.1.0;sha256sum=d59da72ec5a33286bf91e47055e3a526474f9ee2755735be7221dad0540dc88c - will attempt other sources if available
qualcomm-linux/meta-qcom-robotics-sdk	35938315722	3	107673389058	build-pr / iq-9075-evk/debug_full_linux-qcom-next	foundri-prd-u2404-x64-od-eph-i-04ce780dae001b5fc	ip-10-185-116-32	2026-09-24T00:51:03.8504147Z	A	docker-compose-5.1.4-r0:do_fetch	gomod://github.com/anchore/go-struct-converter	/efsx	WARNING: docker-compose-5.1.4-r0 do_fetch: Checksum failure encountered with download of gomod://github.com/anchore/go-struct-converter;version=v0.1.0;sha256sum=d59da72ec5a33286bf91e47055e3a526474f9ee2755735be7221dad0540dc88c - will attempt other sources if available
qualcomm-linux/meta-qcom-robotics-sdk	35938315722	1	107441032512	build-pr / iq-8275-evk/debug_full_linux-qcom-next	foundri-prd-u2404-x64-od-eph-i-03e3de1e4d66eff15	ip-10-185-119-122	2026-09-24T00:51:03.8591071Z	A	docker-compose-5.1.4-r0:do_fetch	gomod://github.com/anchore/go-struct-converter	/efsx	WARNING: docker-compose-5.1.4-r0 do_fetch: Checksum failure encountered with download of gomod://github.com/anchore/go-struct-converter;version=v0.1.0;sha256sum=d59da72ec5a33286bf91e47055e3a526474f9ee2755735be7221dad0540dc88c - will attempt other sources if available
qualcomm-linux/meta-qcom-robotics-sdk	35938315722	1	107441032512	build-pr / iq-8275-evk/debug_full_linux-qcom-next	foundri-prd-u2404-x64-od-eph-i-03e3de1e4d66eff15	ip-10-185-119-122	2026-09-24T00:51:03.8591071Z	A	docker-compose-5.1.4-r0:do_fetch	gomod://github.com/anchore/go-struct-converter	/efsx	WARNING: docker-compose-5.1.4-r0 do_fetch: Checksum failure encountered with download of gomod://github.com/anchore/go-struct-converter;version=v0.1.0;sha256sum=d59da72ec5a33286bf91e47055e3a526474f9ee2755735be7221dad0540dc88c - will attempt other sources if available
qualcomm-linux/meta-qcom-robotics-sdk	35938315722	2	107449994792	build-pr / iq-8275-evk/debug_full_linux-qcom-next	foundri-prd-u2404-x64-od-eph-i-03e3de1e4d66eff15	ip-10-185-119-122	2026-09-24T00:51:03.8591071Z	A	docker-compose-5.1.4-r0:do_fetch	gomod://github.com/anchore/go-struct-converter	/efsx	WARNING: docker-compose-5.1.4-r0 do_fetch: Checksum failure encountered with download of gomod://github.com/anchore/go-struct-converter;version=v0.1.0;sha256sum=d59da72ec5a33286bf91e47055e3a526474f9ee2755735be7221dad0540dc88c - will attempt other sources if available
qualcomm-linux/meta-qcom-robotics-sdk	35938315722	3	107673387168	build-pr / iq-8275-evk/debug_full_linux-qcom-next	foundri-prd-u2404-x64-od-eph-i-03e3de1e4d66eff15	ip-10-185-119-122	2026-09-24T00:51:03.8591071Z	A	docker-compose-5.1.4-r0:do_fetch	gomod://github.com/anchore/go-struct-converter	/efsx	WARNING: docker-compose-5.1.4-r0 do_fetch: Checksum failure encountered with download of gomod://github.com/anchore/go-struct-converter;version=v0.1.0;sha256sum=d59da72ec5a33286bf91e47055e3a526474f9ee2755735be7221dad0540dc88c - will attempt other sources if available
qualcomm-linux/meta-qcom-robotics-sdk	35938315722	1	107441032512	build-pr / iq-8275-evk/debug_full_linux-qcom-next	foundri-prd-u2404-x64-od-eph-i-03e3de1e4d66eff15	ip-10-185-119-122	2026-09-24T00:51:15.4959437Z	A	docker-compose-5.1.4-r0:do_fetch	/downloads/github.com.anchore.go-struct-converter@v0.1.0.zip	/efsx	WARNING: docker-compose-5.1.4-r0 do_fetch: Checksum mismatch for local file /downloads/github.com.anchore.go-struct-converter@v0.1.0.zip
qualcomm-linux/meta-qcom-robotics-sdk	35938315722	1	107441032512	build-pr / iq-8275-evk/debug_full_linux-qcom-next	foundri-prd-u2404-x64-od-eph-i-03e3de1e4d66eff15	ip-10-185-119-122	2026-09-24T00:51:15.4959437Z	A	docker-compose-5.1.4-r0:do_fetch	/downloads/github.com.anchore.go-struct-converter@v0.1.0.zip	/efsx	WARNING: docker-compose-5.1.4-r0 do_fetch: Checksum mismatch for local file /downloads/github.com.anchore.go-struct-converter@v0.1.0.zip
qualcomm-linux/meta-qcom-robotics-sdk	35938315722	2	107449994792	build-pr / iq-8275-evk/debug_full_linux-qcom-next	foundri-prd-u2404-x64-od-eph-i-03e3de1e4d66eff15	ip-10-185-119-122	2026-09-24T00:51:15.4959437Z	A	docker-compose-5.1.4-r0:do_fetch	/downloads/github.com.anchore.go-struct-converter@v0.1.0.zip	/efsx	WARNING: docker-compose-5.1.4-r0 do_fetch: Checksum mismatch for local file /downloads/github.com.anchore.go-struct-converter@v0.1.0.zip
qualcomm-linux/meta-qcom-robotics-sdk	35938315722	3	107673387168	build-pr / iq-8275-evk/debug_full_linux-qcom-next	foundri-prd-u2404-x64-od-eph-i-03e3de1e4d66eff15	ip-10-185-119-122	2026-09-24T00:51:15.4959437Z	A	docker-compose-5.1.4-r0:do_fetch	/downloads/github.com.anchore.go-struct-converter@v0.1.0.zip	/efsx	WARNING: docker-compose-5.1.4-r0 do_fetch: Checksum mismatch for local file /downloads/github.com.anchore.go-struct-converter@v0.1.0.zip
qualcomm-linux/meta-qcom-robotics-sdk	35938315722	1	107441032512	build-pr / iq-8275-evk/debug_full_linux-qcom-next	foundri-prd-u2404-x64-od-eph-i-03e3de1e4d66eff15	ip-10-185-119-122	2026-09-24T00:51:15.4963389Z	A	docker-compose-5.1.4-r0:do_fetch	/downloads/github.com.anchore.go-struct-converter@v0.1.0.zip	/efsx	WARNING: docker-compose-5.1.4-r0 do_fetch: Renaming /downloads/github.com.anchore.go-struct-converter@v0.1.0.zip to /downloads/github.com.anchore.go-struct-converter@v0.1.0.zip_bad-checksum_0de3d097a8c9be4692b5838fe98f8363f2d7208802b316c38dceb25ab1276275
qualcomm-linux/meta-qcom-robotics-sdk	35938315722	1	107441032512	build-pr / iq-8275-evk/debug_full_linux-qcom-next	foundri-prd-u2404-x64-od-eph-i-03e3de1e4d66eff15	ip-10-185-119-122	2026-09-24T00:51:15.4963389Z	A	docker-compose-5.1.4-r0:do_fetch	/downloads/github.com.anchore.go-struct-converter@v0.1.0.zip	/efsx	WARNING: docker-compose-5.1.4-r0 do_fetch: Renaming /downloads/github.com.anchore.go-struct-converter@v0.1.0.zip to /downloads/github.com.anchore.go-struct-converter@v0.1.0.zip_bad-checksum_0de3d097a8c9be4692b5838fe98f8363f2d7208802b316c38dceb25ab1276275
qualcomm-linux/meta-qcom-robotics-sdk	35938315722	2	107449994792	build-pr / iq-8275-evk/debug_full_linux-qcom-next	foundri-prd-u2404-x64-od-eph-i-03e3de1e4d66eff15	ip-10-185-119-122	2026-09-24T00:51:15.4963389Z	A	docker-compose-5.1.4-r0:do_fetch	/downloads/github.com.anchore.go-struct-converter@v0.1.0.zip	/efsx	WARNING: docker-compose-5.1.4-r0 do_fetch: Renaming /downloads/github.com.anchore.go-struct-converter@v0.1.0.zip to /downloads/github.com.anchore.go-struct-converter@v0.1.0.zip_bad-checksum_0de3d097a8c9be4692b5838fe98f8363f2d7208802b316c38dceb25ab1276275
qualcomm-linux/meta-qcom-robotics-sdk	35938315722	3	107673387168	build-pr / iq-8275-evk/debug_full_linux-qcom-next	foundri-prd-u2404-x64-od-eph-i-03e3de1e4d66eff15	ip-10-185-119-122	2026-09-24T00:51:15.4963389Z	A	docker-compose-5.1.4-r0:do_fetch	/downloads/github.com.anchore.go-struct-converter@v0.1.0.zip	/efsx	WARNING: docker-compose-5.1.4-r0 do_fetch: Renaming /downloads/github.com.anchore.go-struct-converter@v0.1.0.zip to /downloads/github.com.anchore.go-struct-converter@v0.1.0.zip_bad-checksum_0de3d097a8c9be4692b5838fe98f8363f2d7208802b316c38dceb25ab1276275
qualcomm-linux/meta-qcom-robotics-sdk	35938315722	1	107441032512	build-pr / iq-8275-evk/debug_full_linux-qcom-next	foundri-prd-u2404-x64-od-eph-i-03e3de1e4d66eff15	ip-10-185-119-122	2026-09-24T00:51:15.7880439Z	A	docker-compose-5.1.4-r0:do_fetch	gomod://github.com/anchore/go-struct-converter	/efsx	ERROR: docker-compose-5.1.4-r0 do_fetch: Checksum failure fetching gomod://github.com/anchore/go-struct-converter;version=v0.1.0;sha256sum=d59da72ec5a33286bf91e47055e3a526474f9ee2755735be7221dad0540dc88c
qualcomm-linux/meta-qcom-robotics-sdk	35938315722	1	107441032512	build-pr / iq-8275-evk/debug_full_linux-qcom-next	foundri-prd-u2404-x64-od-eph-i-03e3de1e4d66eff15	ip-10-185-119-122	2026-09-24T00:51:15.7880439Z	A	docker-compose-5.1.4-r0:do_fetch	gomod://github.com/anchore/go-struct-converter	/efsx	ERROR: docker-compose-5.1.4-r0 do_fetch: Checksum failure fetching gomod://github.com/anchore/go-struct-converter;version=v0.1.0;sha256sum=d59da72ec5a33286bf91e47055e3a526474f9ee2755735be7221dad0540dc88c
qualcomm-linux/meta-qcom-robotics-sdk	35938315722	2	107449994792	build-pr / iq-8275-evk/debug_full_linux-qcom-next	foundri-prd-u2404-x64-od-eph-i-03e3de1e4d66eff15	ip-10-185-119-122	2026-09-24T00:51:15.7880439Z	A	docker-compose-5.1.4-r0:do_fetch	gomod://github.com/anchore/go-struct-converter	/efsx	ERROR: docker-compose-5.1.4-r0 do_fetch: Checksum failure fetching gomod://github.com/anchore/go-struct-converter;version=v0.1.0;sha256sum=d59da72ec5a33286bf91e47055e3a526474f9ee2755735be7221dad0540dc88c
qualcomm-linux/meta-qcom-robotics-sdk	35938315722	3	107673387168	build-pr / iq-8275-evk/debug_full_linux-qcom-next	foundri-prd-u2404-x64-od-eph-i-03e3de1e4d66eff15	ip-10-185-119-122	2026-09-24T00:51:15.7880439Z	A	docker-compose-5.1.4-r0:do_fetch	gomod://github.com/anchore/go-struct-converter	/efsx	ERROR: docker-compose-5.1.4-r0 do_fetch: Checksum failure fetching gomod://github.com/anchore/go-struct-converter;version=v0.1.0;sha256sum=d59da72ec5a33286bf91e47055e3a526474f9ee2755735be7221dad0540dc88c
qualcomm-linux/meta-qcom-robotics-sdk	35938315722	1	107441032512	build-pr / iq-8275-evk/debug_full_linux-qcom-next	foundri-prd-u2404-x64-od-eph-i-03e3de1e4d66eff15	ip-10-185-119-122	2026-09-24T00:51:15.7918971Z	A	docker-compose-5.1.4-r0:do_fetch	/downloads/github.com.anchore.go-struct-converter@v0.1.0.zip\	/efsx	ERROR: docker-compose-5.1.4-r0 do_fetch: Bitbake Fetcher Error: ChecksumError('Checksum mismatch!\nFile: \'/downloads/github.com.anchore.go-struct-converter@v0.1.0.zip\' has sha256 checksum \'0de3d097a8c9be4692b5838fe98f8363f2d7208802b316c38dceb25ab1276275\' when \'d59da72ec5a33286bf91e47055e3a526474f9ee2755735be7221dad0540dc88c\' was expected\nIf this change is expected (e.g. you have upgraded to
qualcomm-linux/meta-qcom-robotics-sdk	35938315722	1	107441032512	build-pr / iq-8275-evk/debug_full_linux-qcom-next	foundri-prd-u2404-x64-od-eph-i-03e3de1e4d66eff15	ip-10-185-119-122	2026-09-24T00:51:15.7918971Z	A	docker-compose-5.1.4-r0:do_fetch	/downloads/github.com.anchore.go-struct-converter@v0.1.0.zip\	/efsx	ERROR: docker-compose-5.1.4-r0 do_fetch: Bitbake Fetcher Error: ChecksumError('Checksum mismatch!\nFile: \'/downloads/github.com.anchore.go-struct-converter@v0.1.0.zip\' has sha256 checksum \'0de3d097a8c9be4692b5838fe98f8363f2d7208802b316c38dceb25ab1276275\' when \'d59da72ec5a33286bf91e47055e3a526474f9ee2755735be7221dad0540dc88c\' was expected\nIf this change is expected (e.g. you have upgraded to
qualcomm-linux/meta-qcom-robotics-sdk	35938315722	2	107449994792	build-pr / iq-8275-evk/debug_full_linux-qcom-next	foundri-prd-u2404-x64-od-eph-i-03e3de1e4d66eff15	ip-10-185-119-122	2026-09-24T00:51:15.7918971Z	A	docker-compose-5.1.4-r0:do_fetch	/downloads/github.com.anchore.go-struct-converter@v0.1.0.zip\	/efsx	ERROR: docker-compose-5.1.4-r0 do_fetch: Bitbake Fetcher Error: ChecksumError('Checksum mismatch!\nFile: \'/downloads/github.com.anchore.go-struct-converter@v0.1.0.zip\' has sha256 checksum \'0de3d097a8c9be4692b5838fe98f8363f2d7208802b316c38dceb25ab1276275\' when \'d59da72ec5a33286bf91e47055e3a526474f9ee2755735be7221dad0540dc88c\' was expected\nIf this change is expected (e.g. you have upgraded to
qualcomm-linux/meta-qcom-robotics-sdk	35938315722	3	107673387168	build-pr / iq-8275-evk/debug_full_linux-qcom-next	foundri-prd-u2404-x64-od-eph-i-03e3de1e4d66eff15	ip-10-185-119-122	2026-09-24T00:51:15.7918971Z	A	docker-compose-5.1.4-r0:do_fetch	/downloads/github.com.anchore.go-struct-converter@v0.1.0.zip\	/efsx	ERROR: docker-compose-5.1.4-r0 do_fetch: Bitbake Fetcher Error: ChecksumError('Checksum mismatch!\nFile: \'/downloads/github.com.anchore.go-struct-converter@v0.1.0.zip\' has sha256 checksum \'0de3d097a8c9be4692b5838fe98f8363f2d7208802b316c38dceb25ab1276275\' when \'d59da72ec5a33286bf91e47055e3a526474f9ee2755735be7221dad0540dc88c\' was expected\nIf this change is expected (e.g. you have upgraded to
qualcomm-linux/meta-qcom-robotics-sdk	35938315722	1	107441032610	build-pr / iq-9075-evk/debug_full_linux-qcom-next	foundri-prd-u2404-x64-od-eph-i-04ce780dae001b5fc	ip-10-185-116-32	2026-09-24T00:51:16.3573296Z	A	docker-compose-5.1.4-r0:do_fetch		/efsx	ERROR: docker-compose-5.1.4-r0 do_fetch: Fetcher failure for URL: 'https://proxy.golang.org/github.com/anchore/go-struct-converter/%40v/v0.1.0.zip'. Checksum mismatch!
qualcomm-linux/meta-qcom-robotics-sdk	35938315722	1	107441032610	build-pr / iq-9075-evk/debug_full_linux-qcom-next	foundri-prd-u2404-x64-od-eph-i-04ce780dae001b5fc	ip-10-185-116-32	2026-09-24T00:51:16.3573296Z	A	docker-compose-5.1.4-r0:do_fetch		/efsx	ERROR: docker-compose-5.1.4-r0 do_fetch: Fetcher failure for URL: 'https://proxy.golang.org/github.com/anchore/go-struct-converter/%40v/v0.1.0.zip'. Checksum mismatch!
qualcomm-linux/meta-qcom-robotics-sdk	35938315722	2	107449994961	build-pr / iq-9075-evk/debug_full_linux-qcom-next	foundri-prd-u2404-x64-od-eph-i-04ce780dae001b5fc	ip-10-185-116-32	2026-09-24T00:51:16.3573296Z	A	docker-compose-5.1.4-r0:do_fetch		/efsx	ERROR: docker-compose-5.1.4-r0 do_fetch: Fetcher failure for URL: 'https://proxy.golang.org/github.com/anchore/go-struct-converter/%40v/v0.1.0.zip'. Checksum mismatch!
qualcomm-linux/meta-qcom-robotics-sdk	35938315722	3	107673389058	build-pr / iq-9075-evk/debug_full_linux-qcom-next	foundri-prd-u2404-x64-od-eph-i-04ce780dae001b5fc	ip-10-185-116-32	2026-09-24T00:51:16.3573296Z	A	docker-compose-5.1.4-r0:do_fetch		/efsx	ERROR: docker-compose-5.1.4-r0 do_fetch: Fetcher failure for URL: 'https://proxy.golang.org/github.com/anchore/go-struct-converter/%40v/v0.1.0.zip'. Checksum mismatch!
qualcomm-linux/meta-qcom-robotics-sdk	35938315722	1	107441032459	build-pr / iq-8275-evk/debug_base_linux-qcom-next	foundri-prd-u2404-x64-od-eph-i-0c8c3aae032732d06	ip-10-185-125-161	2026-09-24T00:51:47.0069016Z	A	docker-compose-5.1.4-r0:do_fetch	gomod://github.com/aws/aws-sdk-go-v2/feature/s3/manager	/efsx	WARNING: docker-compose-5.1.4-r0 do_fetch: Checksum failure encountered with download of gomod://github.com/aws/aws-sdk-go-v2/feature/s3/manager;version=v1.17.10;sha256sum=e4ff6e115f4d1261ef0a1d503c100a161e48f9632ee79ab2ef6b818175e502a2 - will attempt other sources if available
qualcomm-linux/meta-qcom-robotics-sdk	35938315722	1	107441032459	build-pr / iq-8275-evk/debug_base_linux-qcom-next	foundri-prd-u2404-x64-od-eph-i-0c8c3aae032732d06	ip-10-185-125-161	2026-09-24T00:51:47.0069016Z	A	docker-compose-5.1.4-r0:do_fetch	gomod://github.com/aws/aws-sdk-go-v2/feature/s3/manager	/efsx	WARNING: docker-compose-5.1.4-r0 do_fetch: Checksum failure encountered with download of gomod://github.com/aws/aws-sdk-go-v2/feature/s3/manager;version=v1.17.10;sha256sum=e4ff6e115f4d1261ef0a1d503c100a161e48f9632ee79ab2ef6b818175e502a2 - will attempt other sources if available
qualcomm-linux/meta-qcom-robotics-sdk	35938315722	2	107449994787	build-pr / iq-8275-evk/debug_base_linux-qcom-next	foundri-prd-u2404-x64-od-eph-i-0c8c3aae032732d06	ip-10-185-125-161	2026-09-24T00:51:47.0069016Z	A	docker-compose-5.1.4-r0:do_fetch	gomod://github.com/aws/aws-sdk-go-v2/feature/s3/manager	/efsx	WARNING: docker-compose-5.1.4-r0 do_fetch: Checksum failure encountered with download of gomod://github.com/aws/aws-sdk-go-v2/feature/s3/manager;version=v1.17.10;sha256sum=e4ff6e115f4d1261ef0a1d503c100a161e48f9632ee79ab2ef6b818175e502a2 - will attempt other sources if available
qualcomm-linux/meta-qcom-robotics-sdk	35938315722	3	107673387441	build-pr / iq-8275-evk/debug_base_linux-qcom-next	foundri-prd-u2404-x64-od-eph-i-0c8c3aae032732d06	ip-10-185-125-161	2026-09-24T00:51:47.0069016Z	A	docker-compose-5.1.4-r0:do_fetch	gomod://github.com/aws/aws-sdk-go-v2/feature/s3/manager	/efsx	WARNING: docker-compose-5.1.4-r0 do_fetch: Checksum failure encountered with download of gomod://github.com/aws/aws-sdk-go-v2/feature/s3/manager;version=v1.17.10;sha256sum=e4ff6e115f4d1261ef0a1d503c100a161e48f9632ee79ab2ef6b818175e502a2 - will attempt other sources if available
qualcomm-linux/meta-qcom-robotics-sdk	35938315722	1	107441032550	build-pr / iq-9075-evk/debug_base_linux-qcom-next	foundri-prd-u2404-x64-od-eph-i-0385f5ec2e2685426	ip-10-185-118-182	2026-09-24T00:51:47.1352917Z	A	docker-compose-5.1.4-r0:do_fetch	gomod://github.com/aws/aws-sdk-go-v2/feature/s3/manager	/efsx	WARNING: docker-compose-5.1.4-r0 do_fetch: Checksum failure encountered with download of gomod://github.com/aws/aws-sdk-go-v2/feature/s3/manager;version=v1.17.10;sha256sum=e4ff6e115f4d1261ef0a1d503c100a161e48f9632ee79ab2ef6b818175e502a2 - will attempt other sources if available
qualcomm-linux/meta-qcom-robotics-sdk	35938315722	1	107441032550	build-pr / iq-9075-evk/debug_base_linux-qcom-next	foundri-prd-u2404-x64-od-eph-i-0385f5ec2e2685426	ip-10-185-118-182	2026-09-24T00:51:47.1352917Z	A	docker-compose-5.1.4-r0:do_fetch	gomod://github.com/aws/aws-sdk-go-v2/feature/s3/manager	/efsx	WARNING: docker-compose-5.1.4-r0 do_fetch: Checksum failure encountered with download of gomod://github.com/aws/aws-sdk-go-v2/feature/s3/manager;version=v1.17.10;sha256sum=e4ff6e115f4d1261ef0a1d503c100a161e48f9632ee79ab2ef6b818175e502a2 - will attempt other sources if available
qualcomm-linux/meta-qcom-robotics-sdk	35938315722	2	107449995093	build-pr / iq-9075-evk/debug_base_linux-qcom-next	foundri-prd-u2404-x64-od-eph-i-0385f5ec2e2685426	ip-10-185-118-182	2026-09-24T00:51:47.1352917Z	A	docker-compose-5.1.4-r0:do_fetch	gomod://github.com/aws/aws-sdk-go-v2/feature/s3/manager	/efsx	WARNING: docker-compose-5.1.4-r0 do_fetch: Checksum failure encountered with download of gomod://github.com/aws/aws-sdk-go-v2/feature/s3/manager;version=v1.17.10;sha256sum=e4ff6e115f4d1261ef0a1d503c100a161e48f9632ee79ab2ef6b818175e502a2 - will attempt other sources if available
qualcomm-linux/meta-qcom-robotics-sdk	35938315722	3	107673389732	build-pr / iq-9075-evk/debug_base_linux-qcom-next	foundri-prd-u2404-x64-od-eph-i-0385f5ec2e2685426	ip-10-185-118-182	2026-09-24T00:51:47.1352917Z	A	docker-compose-5.1.4-r0:do_fetch	gomod://github.com/aws/aws-sdk-go-v2/feature/s3/manager	/efsx	WARNING: docker-compose-5.1.4-r0 do_fetch: Checksum failure encountered with download of gomod://github.com/aws/aws-sdk-go-v2/feature/s3/manager;version=v1.17.10;sha256sum=e4ff6e115f4d1261ef0a1d503c100a161e48f9632ee79ab2ef6b818175e502a2 - will attempt other sources if available
qualcomm-linux/meta-qcom-robotics-sdk	35938315722	1	107441032459	build-pr / iq-8275-evk/debug_base_linux-qcom-next	foundri-prd-u2404-x64-od-eph-i-0c8c3aae032732d06	ip-10-185-125-161	2026-09-24T00:51:49.9070014Z	A	docker-compose-5.1.4-r0:do_fetch	/downloads/github.com.aws.aws-sdk-go-v2.feature.s3.manager@v1.17.10.zip	/efsx	WARNING: docker-compose-5.1.4-r0 do_fetch: Checksum mismatch for local file /downloads/github.com.aws.aws-sdk-go-v2.feature.s3.manager@v1.17.10.zip
qualcomm-linux/meta-qcom-robotics-sdk	35938315722	1	107441032459	build-pr / iq-8275-evk/debug_base_linux-qcom-next	foundri-prd-u2404-x64-od-eph-i-0c8c3aae032732d06	ip-10-185-125-161	2026-09-24T00:51:49.9070014Z	A	docker-compose-5.1.4-r0:do_fetch	/downloads/github.com.aws.aws-sdk-go-v2.feature.s3.manager@v1.17.10.zip	/efsx	WARNING: docker-compose-5.1.4-r0 do_fetch: Checksum mismatch for local file /downloads/github.com.aws.aws-sdk-go-v2.feature.s3.manager@v1.17.10.zip
qualcomm-linux/meta-qcom-robotics-sdk	35938315722	2	107449994787	build-pr / iq-8275-evk/debug_base_linux-qcom-next	foundri-prd-u2404-x64-od-eph-i-0c8c3aae032732d06	ip-10-185-125-161	2026-09-24T00:51:49.9070014Z	A	docker-compose-5.1.4-r0:do_fetch	/downloads/github.com.aws.aws-sdk-go-v2.feature.s3.manager@v1.17.10.zip	/efsx	WARNING: docker-compose-5.1.4-r0 do_fetch: Checksum mismatch for local file /downloads/github.com.aws.aws-sdk-go-v2.feature.s3.manager@v1.17.10.zip
qualcomm-linux/meta-qcom-robotics-sdk	35938315722	3	107673387441	build-pr / iq-8275-evk/debug_base_linux-qcom-next	foundri-prd-u2404-x64-od-eph-i-0c8c3aae032732d06	ip-10-185-125-161	2026-09-24T00:51:49.9070014Z	A	docker-compose-5.1.4-r0:do_fetch	/downloads/github.com.aws.aws-sdk-go-v2.feature.s3.manager@v1.17.10.zip	/efsx	WARNING: docker-compose-5.1.4-r0 do_fetch: Checksum mismatch for local file /downloads/github.com.aws.aws-sdk-go-v2.feature.s3.manager@v1.17.10.zip
qualcomm-linux/meta-qcom-robotics-sdk	35938315722	1	107441032459	build-pr / iq-8275-evk/debug_base_linux-qcom-next	foundri-prd-u2404-x64-od-eph-i-0c8c3aae032732d06	ip-10-185-125-161	2026-09-24T00:51:49.9084504Z	A	docker-compose-5.1.4-r0:do_fetch	/downloads/github.com.aws.aws-sdk-go-v2.feature.s3.manager@v1.17.10.zip	/efsx	WARNING: docker-compose-5.1.4-r0 do_fetch: Renaming /downloads/github.com.aws.aws-sdk-go-v2.feature.s3.manager@v1.17.10.zip to /downloads/github.com.aws.aws-sdk-go-v2.feature.s3.manager@v1.17.10.zip_bad-checksum_acf708a9a615bc024f7753ebda92e311a657b589d266aa7ae2c651153a5fa2d7
qualcomm-linux/meta-qcom-robotics-sdk	35938315722	1	107441032459	build-pr / iq-8275-evk/debug_base_linux-qcom-next	foundri-prd-u2404-x64-od-eph-i-0c8c3aae032732d06	ip-10-185-125-161	2026-09-24T00:51:49.9084504Z	A	docker-compose-5.1.4-r0:do_fetch	/downloads/github.com.aws.aws-sdk-go-v2.feature.s3.manager@v1.17.10.zip	/efsx	WARNING: docker-compose-5.1.4-r0 do_fetch: Renaming /downloads/github.com.aws.aws-sdk-go-v2.feature.s3.manager@v1.17.10.zip to /downloads/github.com.aws.aws-sdk-go-v2.feature.s3.manager@v1.17.10.zip_bad-checksum_acf708a9a615bc024f7753ebda92e311a657b589d266aa7ae2c651153a5fa2d7
qualcomm-linux/meta-qcom-robotics-sdk	35938315722	2	107449994787	build-pr / iq-8275-evk/debug_base_linux-qcom-next	foundri-prd-u2404-x64-od-eph-i-0c8c3aae032732d06	ip-10-185-125-161	2026-09-24T00:51:49.9084504Z	A	docker-compose-5.1.4-r0:do_fetch	/downloads/github.com.aws.aws-sdk-go-v2.feature.s3.manager@v1.17.10.zip	/efsx	WARNING: docker-compose-5.1.4-r0 do_fetch: Renaming /downloads/github.com.aws.aws-sdk-go-v2.feature.s3.manager@v1.17.10.zip to /downloads/github.com.aws.aws-sdk-go-v2.feature.s3.manager@v1.17.10.zip_bad-checksum_acf708a9a615bc024f7753ebda92e311a657b589d266aa7ae2c651153a5fa2d7
qualcomm-linux/meta-qcom-robotics-sdk	35938315722	3	107673387441	build-pr / iq-8275-evk/debug_base_linux-qcom-next	foundri-prd-u2404-x64-od-eph-i-0c8c3aae032732d06	ip-10-185-125-161	2026-09-24T00:51:49.9084504Z	A	docker-compose-5.1.4-r0:do_fetch	/downloads/github.com.aws.aws-sdk-go-v2.feature.s3.manager@v1.17.10.zip	/efsx	WARNING: docker-compose-5.1.4-r0 do_fetch: Renaming /downloads/github.com.aws.aws-sdk-go-v2.feature.s3.manager@v1.17.10.zip to /downloads/github.com.aws.aws-sdk-go-v2.feature.s3.manager@v1.17.10.zip_bad-checksum_acf708a9a615bc024f7753ebda92e311a657b589d266aa7ae2c651153a5fa2d7
qualcomm-linux/meta-qcom-robotics-sdk	35938315722	1	107441032459	build-pr / iq-8275-evk/debug_base_linux-qcom-next	foundri-prd-u2404-x64-od-eph-i-0c8c3aae032732d06	ip-10-185-125-161	2026-09-24T00:51:49.9711543Z	A	docker-compose-5.1.4-r0:do_fetch	gomod://github.com/aws/aws-sdk-go-v2/feature/s3/manager	/efsx	ERROR: docker-compose-5.1.4-r0 do_fetch: Checksum failure fetching gomod://github.com/aws/aws-sdk-go-v2/feature/s3/manager;version=v1.17.10;sha256sum=e4ff6e115f4d1261ef0a1d503c100a161e48f9632ee79ab2ef6b818175e502a2
qualcomm-linux/meta-qcom-robotics-sdk	35938315722	1	107441032459	build-pr / iq-8275-evk/debug_base_linux-qcom-next	foundri-prd-u2404-x64-od-eph-i-0c8c3aae032732d06	ip-10-185-125-161	2026-09-24T00:51:49.9711543Z	A	docker-compose-5.1.4-r0:do_fetch	gomod://github.com/aws/aws-sdk-go-v2/feature/s3/manager	/efsx	ERROR: docker-compose-5.1.4-r0 do_fetch: Checksum failure fetching gomod://github.com/aws/aws-sdk-go-v2/feature/s3/manager;version=v1.17.10;sha256sum=e4ff6e115f4d1261ef0a1d503c100a161e48f9632ee79ab2ef6b818175e502a2
qualcomm-linux/meta-qcom-robotics-sdk	35938315722	2	107449994787	build-pr / iq-8275-evk/debug_base_linux-qcom-next	foundri-prd-u2404-x64-od-eph-i-0c8c3aae032732d06	ip-10-185-125-161	2026-09-24T00:51:49.9711543Z	A	docker-compose-5.1.4-r0:do_fetch	gomod://github.com/aws/aws-sdk-go-v2/feature/s3/manager	/efsx	ERROR: docker-compose-5.1.4-r0 do_fetch: Checksum failure fetching gomod://github.com/aws/aws-sdk-go-v2/feature/s3/manager;version=v1.17.10;sha256sum=e4ff6e115f4d1261ef0a1d503c100a161e48f9632ee79ab2ef6b818175e502a2
qualcomm-linux/meta-qcom-robotics-sdk	35938315722	3	107673387441	build-pr / iq-8275-evk/debug_base_linux-qcom-next	foundri-prd-u2404-x64-od-eph-i-0c8c3aae032732d06	ip-10-185-125-161	2026-09-24T00:51:49.9711543Z	A	docker-compose-5.1.4-r0:do_fetch	gomod://github.com/aws/aws-sdk-go-v2/feature/s3/manager	/efsx	ERROR: docker-compose-5.1.4-r0 do_fetch: Checksum failure fetching gomod://github.com/aws/aws-sdk-go-v2/feature/s3/manager;version=v1.17.10;sha256sum=e4ff6e115f4d1261ef0a1d503c100a161e48f9632ee79ab2ef6b818175e502a2
qualcomm-linux/meta-qcom-robotics-sdk	35938315722	1	107441032459	build-pr / iq-8275-evk/debug_base_linux-qcom-next	foundri-prd-u2404-x64-od-eph-i-0c8c3aae032732d06	ip-10-185-125-161	2026-09-24T00:51:49.9911645Z	A	docker-compose-5.1.4-r0:do_fetch	/downloads/github.com.aws.aws-sdk-go-v2.feature.s3.manager@v1.17.10.zip\	/efsx	ERROR: docker-compose-5.1.4-r0 do_fetch: Bitbake Fetcher Error: ChecksumError('Checksum mismatch!\nFile: \'/downloads/github.com.aws.aws-sdk-go-v2.feature.s3.manager@v1.17.10.zip\' has sha256 checksum \'acf708a9a615bc024f7753ebda92e311a657b589d266aa7ae2c651153a5fa2d7\' when \'e4ff6e115f4d1261ef0a1d503c100a161e48f9632ee79ab2ef6b818175e502a2\' was expected\nIf this change is expected (e.g. you have 
qualcomm-linux/meta-qcom-robotics-sdk	35938315722	1	107441032459	build-pr / iq-8275-evk/debug_base_linux-qcom-next	foundri-prd-u2404-x64-od-eph-i-0c8c3aae032732d06	ip-10-185-125-161	2026-09-24T00:51:49.9911645Z	A	docker-compose-5.1.4-r0:do_fetch	/downloads/github.com.aws.aws-sdk-go-v2.feature.s3.manager@v1.17.10.zip\	/efsx	ERROR: docker-compose-5.1.4-r0 do_fetch: Bitbake Fetcher Error: ChecksumError('Checksum mismatch!\nFile: \'/downloads/github.com.aws.aws-sdk-go-v2.feature.s3.manager@v1.17.10.zip\' has sha256 checksum \'acf708a9a615bc024f7753ebda92e311a657b589d266aa7ae2c651153a5fa2d7\' when \'e4ff6e115f4d1261ef0a1d503c100a161e48f9632ee79ab2ef6b818175e502a2\' was expected\nIf this change is expected (e.g. you have 
qualcomm-linux/meta-qcom-robotics-sdk	35938315722	2	107449994787	build-pr / iq-8275-evk/debug_base_linux-qcom-next	foundri-prd-u2404-x64-od-eph-i-0c8c3aae032732d06	ip-10-185-125-161	2026-09-24T00:51:49.9911645Z	A	docker-compose-5.1.4-r0:do_fetch	/downloads/github.com.aws.aws-sdk-go-v2.feature.s3.manager@v1.17.10.zip\	/efsx	ERROR: docker-compose-5.1.4-r0 do_fetch: Bitbake Fetcher Error: ChecksumError('Checksum mismatch!\nFile: \'/downloads/github.com.aws.aws-sdk-go-v2.feature.s3.manager@v1.17.10.zip\' has sha256 checksum \'acf708a9a615bc024f7753ebda92e311a657b589d266aa7ae2c651153a5fa2d7\' when \'e4ff6e115f4d1261ef0a1d503c100a161e48f9632ee79ab2ef6b818175e502a2\' was expected\nIf this change is expected (e.g. you have 
qualcomm-linux/meta-qcom-robotics-sdk	35938315722	3	107673387441	build-pr / iq-8275-evk/debug_base_linux-qcom-next	foundri-prd-u2404-x64-od-eph-i-0c8c3aae032732d06	ip-10-185-125-161	2026-09-24T00:51:49.9911645Z	A	docker-compose-5.1.4-r0:do_fetch	/downloads/github.com.aws.aws-sdk-go-v2.feature.s3.manager@v1.17.10.zip\	/efsx	ERROR: docker-compose-5.1.4-r0 do_fetch: Bitbake Fetcher Error: ChecksumError('Checksum mismatch!\nFile: \'/downloads/github.com.aws.aws-sdk-go-v2.feature.s3.manager@v1.17.10.zip\' has sha256 checksum \'acf708a9a615bc024f7753ebda92e311a657b589d266aa7ae2c651153a5fa2d7\' when \'e4ff6e115f4d1261ef0a1d503c100a161e48f9632ee79ab2ef6b818175e502a2\' was expected\nIf this change is expected (e.g. you have 
qualcomm-linux/meta-qcom-robotics-sdk	35938315722	1	107441032550	build-pr / iq-9075-evk/debug_base_linux-qcom-next	foundri-prd-u2404-x64-od-eph-i-0385f5ec2e2685426	ip-10-185-118-182	2026-09-24T00:52:01.3594765Z	A	nerdctl-v2.3.1-r0:do_fetch	gomod://github.com/cenkalti/backoff/v5	/efsx	WARNING: nerdctl-v2.3.1-r0 do_fetch: Checksum failure encountered with download of gomod://github.com/cenkalti/backoff/v5;version=v5.0.3;sha256sum=58e4d9014277bc1c5c7ab64539137923964cc3920303a4f771d02a532939bedb - will attempt other sources if available
qualcomm-linux/meta-qcom-robotics-sdk	35938315722	1	107441032550	build-pr / iq-9075-evk/debug_base_linux-qcom-next	foundri-prd-u2404-x64-od-eph-i-0385f5ec2e2685426	ip-10-185-118-182	2026-09-24T00:52:01.3594765Z	A	nerdctl-v2.3.1-r0:do_fetch	gomod://github.com/cenkalti/backoff/v5	/efsx	WARNING: nerdctl-v2.3.1-r0 do_fetch: Checksum failure encountered with download of gomod://github.com/cenkalti/backoff/v5;version=v5.0.3;sha256sum=58e4d9014277bc1c5c7ab64539137923964cc3920303a4f771d02a532939bedb - will attempt other sources if available
qualcomm-linux/meta-qcom-robotics-sdk	35938315722	2	107449995093	build-pr / iq-9075-evk/debug_base_linux-qcom-next	foundri-prd-u2404-x64-od-eph-i-0385f5ec2e2685426	ip-10-185-118-182	2026-09-24T00:52:01.3594765Z	A	nerdctl-v2.3.1-r0:do_fetch	gomod://github.com/cenkalti/backoff/v5	/efsx	WARNING: nerdctl-v2.3.1-r0 do_fetch: Checksum failure encountered with download of gomod://github.com/cenkalti/backoff/v5;version=v5.0.3;sha256sum=58e4d9014277bc1c5c7ab64539137923964cc3920303a4f771d02a532939bedb - will attempt other sources if available
qualcomm-linux/meta-qcom-robotics-sdk	35938315722	3	107673389732	build-pr / iq-9075-evk/debug_base_linux-qcom-next	foundri-prd-u2404-x64-od-eph-i-0385f5ec2e2685426	ip-10-185-118-182	2026-09-24T00:52:01.3594765Z	A	nerdctl-v2.3.1-r0:do_fetch	gomod://github.com/cenkalti/backoff/v5	/efsx	WARNING: nerdctl-v2.3.1-r0 do_fetch: Checksum failure encountered with download of gomod://github.com/cenkalti/backoff/v5;version=v5.0.3;sha256sum=58e4d9014277bc1c5c7ab64539137923964cc3920303a4f771d02a532939bedb - will attempt other sources if available
qualcomm-linux/meta-qcom-robotics-sdk	35938315722	1	107441032459	build-pr / iq-8275-evk/debug_base_linux-qcom-next	foundri-prd-u2404-x64-od-eph-i-0c8c3aae032732d06	ip-10-185-125-161	2026-09-24T00:52:01.3696218Z	A	nerdctl-v2.3.1-r0:do_fetch	gomod://github.com/cenkalti/backoff/v5	/efsx	WARNING: nerdctl-v2.3.1-r0 do_fetch: Checksum failure encountered with download of gomod://github.com/cenkalti/backoff/v5;version=v5.0.3;sha256sum=58e4d9014277bc1c5c7ab64539137923964cc3920303a4f771d02a532939bedb - will attempt other sources if available
qualcomm-linux/meta-qcom-robotics-sdk	35938315722	1	107441032459	build-pr / iq-8275-evk/debug_base_linux-qcom-next	foundri-prd-u2404-x64-od-eph-i-0c8c3aae032732d06	ip-10-185-125-161	2026-09-24T00:52:01.3696218Z	A	nerdctl-v2.3.1-r0:do_fetch	gomod://github.com/cenkalti/backoff/v5	/efsx	WARNING: nerdctl-v2.3.1-r0 do_fetch: Checksum failure encountered with download of gomod://github.com/cenkalti/backoff/v5;version=v5.0.3;sha256sum=58e4d9014277bc1c5c7ab64539137923964cc3920303a4f771d02a532939bedb - will attempt other sources if available
qualcomm-linux/meta-qcom-robotics-sdk	35938315722	2	107449994787	build-pr / iq-8275-evk/debug_base_linux-qcom-next	foundri-prd-u2404-x64-od-eph-i-0c8c3aae032732d06	ip-10-185-125-161	2026-09-24T00:52:01.3696218Z	A	nerdctl-v2.3.1-r0:do_fetch	gomod://github.com/cenkalti/backoff/v5	/efsx	WARNING: nerdctl-v2.3.1-r0 do_fetch: Checksum failure encountered with download of gomod://github.com/cenkalti/backoff/v5;version=v5.0.3;sha256sum=58e4d9014277bc1c5c7ab64539137923964cc3920303a4f771d02a532939bedb - will attempt other sources if available
qualcomm-linux/meta-qcom-robotics-sdk	35938315722	3	107673387441	build-pr / iq-8275-evk/debug_base_linux-qcom-next	foundri-prd-u2404-x64-od-eph-i-0c8c3aae032732d06	ip-10-185-125-161	2026-09-24T00:52:01.3696218Z	A	nerdctl-v2.3.1-r0:do_fetch	gomod://github.com/cenkalti/backoff/v5	/efsx	WARNING: nerdctl-v2.3.1-r0 do_fetch: Checksum failure encountered with download of gomod://github.com/cenkalti/backoff/v5;version=v5.0.3;sha256sum=58e4d9014277bc1c5c7ab64539137923964cc3920303a4f771d02a532939bedb - will attempt other sources if available
qualcomm-linux/meta-qcom-robotics-sdk	35938315722	1	107441032550	build-pr / iq-9075-evk/debug_base_linux-qcom-next	foundri-prd-u2404-x64-od-eph-i-0385f5ec2e2685426	ip-10-185-118-182	2026-09-24T00:52:02.1937162Z	A	nerdctl-v2.3.1-r0:do_fetch	/downloads/github.com.cenkalti.backoff.v5@v5.0.3.zip	/efsx	WARNING: nerdctl-v2.3.1-r0 do_fetch: Checksum mismatch for local file /downloads/github.com.cenkalti.backoff.v5@v5.0.3.zip
qualcomm-linux/meta-qcom-robotics-sdk	35938315722	1	107441032550	build-pr / iq-9075-evk/debug_base_linux-qcom-next	foundri-prd-u2404-x64-od-eph-i-0385f5ec2e2685426	ip-10-185-118-182	2026-09-24T00:52:02.1937162Z	A	nerdctl-v2.3.1-r0:do_fetch	/downloads/github.com.cenkalti.backoff.v5@v5.0.3.zip	/efsx	WARNING: nerdctl-v2.3.1-r0 do_fetch: Checksum mismatch for local file /downloads/github.com.cenkalti.backoff.v5@v5.0.3.zip
qualcomm-linux/meta-qcom-robotics-sdk	35938315722	2	107449995093	build-pr / iq-9075-evk/debug_base_linux-qcom-next	foundri-prd-u2404-x64-od-eph-i-0385f5ec2e2685426	ip-10-185-118-182	2026-09-24T00:52:02.1937162Z	A	nerdctl-v2.3.1-r0:do_fetch	/downloads/github.com.cenkalti.backoff.v5@v5.0.3.zip	/efsx	WARNING: nerdctl-v2.3.1-r0 do_fetch: Checksum mismatch for local file /downloads/github.com.cenkalti.backoff.v5@v5.0.3.zip
qualcomm-linux/meta-qcom-robotics-sdk	35938315722	3	107673389732	build-pr / iq-9075-evk/debug_base_linux-qcom-next	foundri-prd-u2404-x64-od-eph-i-0385f5ec2e2685426	ip-10-185-118-182	2026-09-24T00:52:02.1937162Z	A	nerdctl-v2.3.1-r0:do_fetch	/downloads/github.com.cenkalti.backoff.v5@v5.0.3.zip	/efsx	WARNING: nerdctl-v2.3.1-r0 do_fetch: Checksum mismatch for local file /downloads/github.com.cenkalti.backoff.v5@v5.0.3.zip
qualcomm-linux/meta-qcom-robotics-sdk	35938315722	1	107441032550	build-pr / iq-9075-evk/debug_base_linux-qcom-next	foundri-prd-u2404-x64-od-eph-i-0385f5ec2e2685426	ip-10-185-118-182	2026-09-24T00:52:02.1938432Z	A	nerdctl-v2.3.1-r0:do_fetch	/downloads/github.com.cenkalti.backoff.v5@v5.0.3.zip	/efsx	WARNING: nerdctl-v2.3.1-r0 do_fetch: Renaming /downloads/github.com.cenkalti.backoff.v5@v5.0.3.zip to /downloads/github.com.cenkalti.backoff.v5@v5.0.3.zip_bad-checksum_a9d1a38e5cbf725ccc503febff019fda32deaded92a514a4b613e106ba515a42
qualcomm-linux/meta-qcom-robotics-sdk	35938315722	1	107441032550	build-pr / iq-9075-evk/debug_base_linux-qcom-next	foundri-prd-u2404-x64-od-eph-i-0385f5ec2e2685426	ip-10-185-118-182	2026-09-24T00:52:02.1938432Z	A	nerdctl-v2.3.1-r0:do_fetch	/downloads/github.com.cenkalti.backoff.v5@v5.0.3.zip	/efsx	WARNING: nerdctl-v2.3.1-r0 do_fetch: Renaming /downloads/github.com.cenkalti.backoff.v5@v5.0.3.zip to /downloads/github.com.cenkalti.backoff.v5@v5.0.3.zip_bad-checksum_a9d1a38e5cbf725ccc503febff019fda32deaded92a514a4b613e106ba515a42
qualcomm-linux/meta-qcom-robotics-sdk	35938315722	2	107449995093	build-pr / iq-9075-evk/debug_base_linux-qcom-next	foundri-prd-u2404-x64-od-eph-i-0385f5ec2e2685426	ip-10-185-118-182	2026-09-24T00:52:02.1938432Z	A	nerdctl-v2.3.1-r0:do_fetch	/downloads/github.com.cenkalti.backoff.v5@v5.0.3.zip	/efsx	WARNING: nerdctl-v2.3.1-r0 do_fetch: Renaming /downloads/github.com.cenkalti.backoff.v5@v5.0.3.zip to /downloads/github.com.cenkalti.backoff.v5@v5.0.3.zip_bad-checksum_a9d1a38e5cbf725ccc503febff019fda32deaded92a514a4b613e106ba515a42
qualcomm-linux/meta-qcom-robotics-sdk	35938315722	3	107673389732	build-pr / iq-9075-evk/debug_base_linux-qcom-next	foundri-prd-u2404-x64-od-eph-i-0385f5ec2e2685426	ip-10-185-118-182	2026-09-24T00:52:02.1938432Z	A	nerdctl-v2.3.1-r0:do_fetch	/downloads/github.com.cenkalti.backoff.v5@v5.0.3.zip	/efsx	WARNING: nerdctl-v2.3.1-r0 do_fetch: Renaming /downloads/github.com.cenkalti.backoff.v5@v5.0.3.zip to /downloads/github.com.cenkalti.backoff.v5@v5.0.3.zip_bad-checksum_a9d1a38e5cbf725ccc503febff019fda32deaded92a514a4b613e106ba515a42
qualcomm-linux/meta-qcom-robotics-sdk	35938315722	1	107441032550	build-pr / iq-9075-evk/debug_base_linux-qcom-next	foundri-prd-u2404-x64-od-eph-i-0385f5ec2e2685426	ip-10-185-118-182	2026-09-24T00:52:02.2105098Z	A	nerdctl-v2.3.1-r0:do_fetch	gomod://github.com/cenkalti/backoff/v5	/efsx	ERROR: nerdctl-v2.3.1-r0 do_fetch: Checksum failure fetching gomod://github.com/cenkalti/backoff/v5;version=v5.0.3;sha256sum=58e4d9014277bc1c5c7ab64539137923964cc3920303a4f771d02a532939bedb
qualcomm-linux/meta-qcom-robotics-sdk	35938315722	1	107441032550	build-pr / iq-9075-evk/debug_base_linux-qcom-next	foundri-prd-u2404-x64-od-eph-i-0385f5ec2e2685426	ip-10-185-118-182	2026-09-24T00:52:02.2105098Z	A	nerdctl-v2.3.1-r0:do_fetch	gomod://github.com/cenkalti/backoff/v5	/efsx	ERROR: nerdctl-v2.3.1-r0 do_fetch: Checksum failure fetching gomod://github.com/cenkalti/backoff/v5;version=v5.0.3;sha256sum=58e4d9014277bc1c5c7ab64539137923964cc3920303a4f771d02a532939bedb
qualcomm-linux/meta-qcom-robotics-sdk	35938315722	2	107449995093	build-pr / iq-9075-evk/debug_base_linux-qcom-next	foundri-prd-u2404-x64-od-eph-i-0385f5ec2e2685426	ip-10-185-118-182	2026-09-24T00:52:02.2105098Z	A	nerdctl-v2.3.1-r0:do_fetch	gomod://github.com/cenkalti/backoff/v5	/efsx	ERROR: nerdctl-v2.3.1-r0 do_fetch: Checksum failure fetching gomod://github.com/cenkalti/backoff/v5;version=v5.0.3;sha256sum=58e4d9014277bc1c5c7ab64539137923964cc3920303a4f771d02a532939bedb
qualcomm-linux/meta-qcom-robotics-sdk	35938315722	3	107673389732	build-pr / iq-9075-evk/debug_base_linux-qcom-next	foundri-prd-u2404-x64-od-eph-i-0385f5ec2e2685426	ip-10-185-118-182	2026-09-24T00:52:02.2105098Z	A	nerdctl-v2.3.1-r0:do_fetch	gomod://github.com/cenkalti/backoff/v5	/efsx	ERROR: nerdctl-v2.3.1-r0 do_fetch: Checksum failure fetching gomod://github.com/cenkalti/backoff/v5;version=v5.0.3;sha256sum=58e4d9014277bc1c5c7ab64539137923964cc3920303a4f771d02a532939bedb
qualcomm-linux/meta-qcom-robotics-sdk	35938315722	1	107441032550	build-pr / iq-9075-evk/debug_base_linux-qcom-next	foundri-prd-u2404-x64-od-eph-i-0385f5ec2e2685426	ip-10-185-118-182	2026-09-24T00:52:02.2125437Z	A	nerdctl-v2.3.1-r0:do_fetch	/downloads/github.com.cenkalti.backoff.v5@v5.0.3.zip\	/efsx	ERROR: nerdctl-v2.3.1-r0 do_fetch: Bitbake Fetcher Error: ChecksumError('Checksum mismatch!\nFile: \'/downloads/github.com.cenkalti.backoff.v5@v5.0.3.zip\' has sha256 checksum \'a9d1a38e5cbf725ccc503febff019fda32deaded92a514a4b613e106ba515a42\' when \'58e4d9014277bc1c5c7ab64539137923964cc3920303a4f771d02a532939bedb\' was expected\nIf this change is expected (e.g. you have upgraded to a new version
qualcomm-linux/meta-qcom-robotics-sdk	35938315722	1	107441032550	build-pr / iq-9075-evk/debug_base_linux-qcom-next	foundri-prd-u2404-x64-od-eph-i-0385f5ec2e2685426	ip-10-185-118-182	2026-09-24T00:52:02.2125437Z	A	nerdctl-v2.3.1-r0:do_fetch	/downloads/github.com.cenkalti.backoff.v5@v5.0.3.zip\	/efsx	ERROR: nerdctl-v2.3.1-r0 do_fetch: Bitbake Fetcher Error: ChecksumError('Checksum mismatch!\nFile: \'/downloads/github.com.cenkalti.backoff.v5@v5.0.3.zip\' has sha256 checksum \'a9d1a38e5cbf725ccc503febff019fda32deaded92a514a4b613e106ba515a42\' when \'58e4d9014277bc1c5c7ab64539137923964cc3920303a4f771d02a532939bedb\' was expected\nIf this change is expected (e.g. you have upgraded to a new version
qualcomm-linux/meta-qcom-robotics-sdk	35938315722	2	107449995093	build-pr / iq-9075-evk/debug_base_linux-qcom-next	foundri-prd-u2404-x64-od-eph-i-0385f5ec2e2685426	ip-10-185-118-182	2026-09-24T00:52:02.2125437Z	A	nerdctl-v2.3.1-r0:do_fetch	/downloads/github.com.cenkalti.backoff.v5@v5.0.3.zip\	/efsx	ERROR: nerdctl-v2.3.1-r0 do_fetch: Bitbake Fetcher Error: ChecksumError('Checksum mismatch!\nFile: \'/downloads/github.com.cenkalti.backoff.v5@v5.0.3.zip\' has sha256 checksum \'a9d1a38e5cbf725ccc503febff019fda32deaded92a514a4b613e106ba515a42\' when \'58e4d9014277bc1c5c7ab64539137923964cc3920303a4f771d02a532939bedb\' was expected\nIf this change is expected (e.g. you have upgraded to a new version
qualcomm-linux/meta-qcom-robotics-sdk	35938315722	3	107673389732	build-pr / iq-9075-evk/debug_base_linux-qcom-next	foundri-prd-u2404-x64-od-eph-i-0385f5ec2e2685426	ip-10-185-118-182	2026-09-24T00:52:02.2125437Z	A	nerdctl-v2.3.1-r0:do_fetch	/downloads/github.com.cenkalti.backoff.v5@v5.0.3.zip\	/efsx	ERROR: nerdctl-v2.3.1-r0 do_fetch: Bitbake Fetcher Error: ChecksumError('Checksum mismatch!\nFile: \'/downloads/github.com.cenkalti.backoff.v5@v5.0.3.zip\' has sha256 checksum \'a9d1a38e5cbf725ccc503febff019fda32deaded92a514a4b613e106ba515a42\' when \'58e4d9014277bc1c5c7ab64539137923964cc3920303a4f771d02a532939bedb\' was expected\nIf this change is expected (e.g. you have upgraded to a new version
qualcomm-linux/meta-qcom-robotics-sdk	35938315722	1	107441032512	build-pr / iq-8275-evk/debug_full_linux-qcom-next	foundri-prd-u2404-x64-od-eph-i-03e3de1e4d66eff15	ip-10-185-119-122	2026-09-24T00:52:46.5510620Z	A	nerdctl-v2.3.1-r0:do_fetch	gomod://github.com/cloudflare/circl	/efsx	WARNING: nerdctl-v2.3.1-r0 do_fetch: Checksum failure encountered with download of gomod://github.com/cloudflare/circl;version=v1.6.3;sha256sum=9aed6385d52ccd66e0a3b8cc093b5f0e7744640485405dd08c8ef89ef6bbeb06 - will attempt other sources if available
qualcomm-linux/meta-qcom-robotics-sdk	35938315722	1	107441032512	build-pr / iq-8275-evk/debug_full_linux-qcom-next	foundri-prd-u2404-x64-od-eph-i-03e3de1e4d66eff15	ip-10-185-119-122	2026-09-24T00:52:46.5510620Z	A	nerdctl-v2.3.1-r0:do_fetch	gomod://github.com/cloudflare/circl	/efsx	WARNING: nerdctl-v2.3.1-r0 do_fetch: Checksum failure encountered with download of gomod://github.com/cloudflare/circl;version=v1.6.3;sha256sum=9aed6385d52ccd66e0a3b8cc093b5f0e7744640485405dd08c8ef89ef6bbeb06 - will attempt other sources if available
qualcomm-linux/meta-qcom-robotics-sdk	35938315722	2	107449994792	build-pr / iq-8275-evk/debug_full_linux-qcom-next	foundri-prd-u2404-x64-od-eph-i-03e3de1e4d66eff15	ip-10-185-119-122	2026-09-24T00:52:46.5510620Z	A	nerdctl-v2.3.1-r0:do_fetch	gomod://github.com/cloudflare/circl	/efsx	WARNING: nerdctl-v2.3.1-r0 do_fetch: Checksum failure encountered with download of gomod://github.com/cloudflare/circl;version=v1.6.3;sha256sum=9aed6385d52ccd66e0a3b8cc093b5f0e7744640485405dd08c8ef89ef6bbeb06 - will attempt other sources if available
qualcomm-linux/meta-qcom-robotics-sdk	35938315722	3	107673387168	build-pr / iq-8275-evk/debug_full_linux-qcom-next	foundri-prd-u2404-x64-od-eph-i-03e3de1e4d66eff15	ip-10-185-119-122	2026-09-24T00:52:46.5510620Z	A	nerdctl-v2.3.1-r0:do_fetch	gomod://github.com/cloudflare/circl	/efsx	WARNING: nerdctl-v2.3.1-r0 do_fetch: Checksum failure encountered with download of gomod://github.com/cloudflare/circl;version=v1.6.3;sha256sum=9aed6385d52ccd66e0a3b8cc093b5f0e7744640485405dd08c8ef89ef6bbeb06 - will attempt other sources if available
qualcomm-linux/meta-qcom-robotics-sdk	35938315722	1	107441032499	build-pr / iq-9075-evk/qcom-robotics-distro_full_linux-qcom-next	foundri-prd-u2404-x64-od-eph-i-0c8c39b82a3ef4f94	ip-10-185-122-56	2026-09-24T00:52:47.3423935Z	A	nerdctl-v2.3.1-r0:do_fetch	gomod://github.com/cloudflare/circl	/efsx	WARNING: nerdctl-v2.3.1-r0 do_fetch: Checksum failure encountered with download of gomod://github.com/cloudflare/circl;version=v1.6.3;sha256sum=9aed6385d52ccd66e0a3b8cc093b5f0e7744640485405dd08c8ef89ef6bbeb06 - will attempt other sources if available
qualcomm-linux/meta-qcom-robotics-sdk	35938315722	1	107441032499	build-pr / iq-9075-evk/qcom-robotics-distro_full_linux-qcom-next	foundri-prd-u2404-x64-od-eph-i-0c8c39b82a3ef4f94	ip-10-185-122-56	2026-09-24T00:52:47.3423935Z	A	nerdctl-v2.3.1-r0:do_fetch	gomod://github.com/cloudflare/circl	/efsx	WARNING: nerdctl-v2.3.1-r0 do_fetch: Checksum failure encountered with download of gomod://github.com/cloudflare/circl;version=v1.6.3;sha256sum=9aed6385d52ccd66e0a3b8cc093b5f0e7744640485405dd08c8ef89ef6bbeb06 - will attempt other sources if available
qualcomm-linux/meta-qcom-robotics-sdk	35938315722	2	107449994600	build-pr / iq-9075-evk/qcom-robotics-distro_full_linux-qcom-next	foundri-prd-u2404-x64-od-eph-i-0c8c39b82a3ef4f94	ip-10-185-122-56	2026-09-24T00:52:47.3423935Z	A	nerdctl-v2.3.1-r0:do_fetch	gomod://github.com/cloudflare/circl	/efsx	WARNING: nerdctl-v2.3.1-r0 do_fetch: Checksum failure encountered with download of gomod://github.com/cloudflare/circl;version=v1.6.3;sha256sum=9aed6385d52ccd66e0a3b8cc093b5f0e7744640485405dd08c8ef89ef6bbeb06 - will attempt other sources if available
qualcomm-linux/meta-qcom-robotics-sdk	35938315722	3	107673388894	build-pr / iq-9075-evk/qcom-robotics-distro_full_linux-qcom-next	foundri-prd-u2404-x64-od-eph-i-0c8c39b82a3ef4f94	ip-10-185-122-56	2026-09-24T00:52:47.3423935Z	A	nerdctl-v2.3.1-r0:do_fetch	gomod://github.com/cloudflare/circl	/efsx	WARNING: nerdctl-v2.3.1-r0 do_fetch: Checksum failure encountered with download of gomod://github.com/cloudflare/circl;version=v1.6.3;sha256sum=9aed6385d52ccd66e0a3b8cc093b5f0e7744640485405dd08c8ef89ef6bbeb06 - will attempt other sources if available
qualcomm-linux/meta-qcom-robotics-sdk	35938315722	1	107441032512	build-pr / iq-8275-evk/debug_full_linux-qcom-next	foundri-prd-u2404-x64-od-eph-i-03e3de1e4d66eff15	ip-10-185-119-122	2026-09-24T00:52:48.1039038Z	A	nerdctl-v2.3.1-r0:do_fetch	/downloads/github.com.cloudflare.circl@v1.6.3.zip	/efsx	WARNING: nerdctl-v2.3.1-r0 do_fetch: Checksum mismatch for local file /downloads/github.com.cloudflare.circl@v1.6.3.zip
qualcomm-linux/meta-qcom-robotics-sdk	35938315722	1	107441032512	build-pr / iq-8275-evk/debug_full_linux-qcom-next	foundri-prd-u2404-x64-od-eph-i-03e3de1e4d66eff15	ip-10-185-119-122	2026-09-24T00:52:48.1039038Z	A	nerdctl-v2.3.1-r0:do_fetch	/downloads/github.com.cloudflare.circl@v1.6.3.zip	/efsx	WARNING: nerdctl-v2.3.1-r0 do_fetch: Checksum mismatch for local file /downloads/github.com.cloudflare.circl@v1.6.3.zip
qualcomm-linux/meta-qcom-robotics-sdk	35938315722	2	107449994792	build-pr / iq-8275-evk/debug_full_linux-qcom-next	foundri-prd-u2404-x64-od-eph-i-03e3de1e4d66eff15	ip-10-185-119-122	2026-09-24T00:52:48.1039038Z	A	nerdctl-v2.3.1-r0:do_fetch	/downloads/github.com.cloudflare.circl@v1.6.3.zip	/efsx	WARNING: nerdctl-v2.3.1-r0 do_fetch: Checksum mismatch for local file /downloads/github.com.cloudflare.circl@v1.6.3.zip
qualcomm-linux/meta-qcom-robotics-sdk	35938315722	3	107673387168	build-pr / iq-8275-evk/debug_full_linux-qcom-next	foundri-prd-u2404-x64-od-eph-i-03e3de1e4d66eff15	ip-10-185-119-122	2026-09-24T00:52:48.1039038Z	A	nerdctl-v2.3.1-r0:do_fetch	/downloads/github.com.cloudflare.circl@v1.6.3.zip	/efsx	WARNING: nerdctl-v2.3.1-r0 do_fetch: Checksum mismatch for local file /downloads/github.com.cloudflare.circl@v1.6.3.zip
qualcomm-linux/meta-qcom-robotics-sdk	35938315722	1	107441032512	build-pr / iq-8275-evk/debug_full_linux-qcom-next	foundri-prd-u2404-x64-od-eph-i-03e3de1e4d66eff15	ip-10-185-119-122	2026-09-24T00:52:48.1040442Z	A	nerdctl-v2.3.1-r0:do_fetch	/downloads/github.com.cloudflare.circl@v1.6.3.zip	/efsx	WARNING: nerdctl-v2.3.1-r0 do_fetch: Renaming /downloads/github.com.cloudflare.circl@v1.6.3.zip to /downloads/github.com.cloudflare.circl@v1.6.3.zip_bad-checksum_f478a04528e7c2a8b782d9ed531d9c3e74d461be366e8a0c96e0967f14fc48d5
qualcomm-linux/meta-qcom-robotics-sdk	35938315722	1	107441032512	build-pr / iq-8275-evk/debug_full_linux-qcom-next	foundri-prd-u2404-x64-od-eph-i-03e3de1e4d66eff15	ip-10-185-119-122	2026-09-24T00:52:48.1040442Z	A	nerdctl-v2.3.1-r0:do_fetch	/downloads/github.com.cloudflare.circl@v1.6.3.zip	/efsx	WARNING: nerdctl-v2.3.1-r0 do_fetch: Renaming /downloads/github.com.cloudflare.circl@v1.6.3.zip to /downloads/github.com.cloudflare.circl@v1.6.3.zip_bad-checksum_f478a04528e7c2a8b782d9ed531d9c3e74d461be366e8a0c96e0967f14fc48d5
qualcomm-linux/meta-qcom-robotics-sdk	35938315722	2	107449994792	build-pr / iq-8275-evk/debug_full_linux-qcom-next	foundri-prd-u2404-x64-od-eph-i-03e3de1e4d66eff15	ip-10-185-119-122	2026-09-24T00:52:48.1040442Z	A	nerdctl-v2.3.1-r0:do_fetch	/downloads/github.com.cloudflare.circl@v1.6.3.zip	/efsx	WARNING: nerdctl-v2.3.1-r0 do_fetch: Renaming /downloads/github.com.cloudflare.circl@v1.6.3.zip to /downloads/github.com.cloudflare.circl@v1.6.3.zip_bad-checksum_f478a04528e7c2a8b782d9ed531d9c3e74d461be366e8a0c96e0967f14fc48d5
qualcomm-linux/meta-qcom-robotics-sdk	35938315722	3	107673387168	build-pr / iq-8275-evk/debug_full_linux-qcom-next	foundri-prd-u2404-x64-od-eph-i-03e3de1e4d66eff15	ip-10-185-119-122	2026-09-24T00:52:48.1040442Z	A	nerdctl-v2.3.1-r0:do_fetch	/downloads/github.com.cloudflare.circl@v1.6.3.zip	/efsx	WARNING: nerdctl-v2.3.1-r0 do_fetch: Renaming /downloads/github.com.cloudflare.circl@v1.6.3.zip to /downloads/github.com.cloudflare.circl@v1.6.3.zip_bad-checksum_f478a04528e7c2a8b782d9ed531d9c3e74d461be366e8a0c96e0967f14fc48d5
qualcomm-linux/meta-qcom-robotics-sdk	35938315722	1	107441032512	build-pr / iq-8275-evk/debug_full_linux-qcom-next	foundri-prd-u2404-x64-od-eph-i-03e3de1e4d66eff15	ip-10-185-119-122	2026-09-24T00:52:48.1146751Z	A	nerdctl-v2.3.1-r0:do_fetch	gomod://github.com/cloudflare/circl	/efsx	ERROR: nerdctl-v2.3.1-r0 do_fetch: Checksum failure fetching gomod://github.com/cloudflare/circl;version=v1.6.3;sha256sum=9aed6385d52ccd66e0a3b8cc093b5f0e7744640485405dd08c8ef89ef6bbeb06
qualcomm-linux/meta-qcom-robotics-sdk	35938315722	1	107441032512	build-pr / iq-8275-evk/debug_full_linux-qcom-next	foundri-prd-u2404-x64-od-eph-i-03e3de1e4d66eff15	ip-10-185-119-122	2026-09-24T00:52:48.1146751Z	A	nerdctl-v2.3.1-r0:do_fetch	gomod://github.com/cloudflare/circl	/efsx	ERROR: nerdctl-v2.3.1-r0 do_fetch: Checksum failure fetching gomod://github.com/cloudflare/circl;version=v1.6.3;sha256sum=9aed6385d52ccd66e0a3b8cc093b5f0e7744640485405dd08c8ef89ef6bbeb06
qualcomm-linux/meta-qcom-robotics-sdk	35938315722	2	107449994792	build-pr / iq-8275-evk/debug_full_linux-qcom-next	foundri-prd-u2404-x64-od-eph-i-03e3de1e4d66eff15	ip-10-185-119-122	2026-09-24T00:52:48.1146751Z	A	nerdctl-v2.3.1-r0:do_fetch	gomod://github.com/cloudflare/circl	/efsx	ERROR: nerdctl-v2.3.1-r0 do_fetch: Checksum failure fetching gomod://github.com/cloudflare/circl;version=v1.6.3;sha256sum=9aed6385d52ccd66e0a3b8cc093b5f0e7744640485405dd08c8ef89ef6bbeb06
qualcomm-linux/meta-qcom-robotics-sdk	35938315722	3	107673387168	build-pr / iq-8275-evk/debug_full_linux-qcom-next	foundri-prd-u2404-x64-od-eph-i-03e3de1e4d66eff15	ip-10-185-119-122	2026-09-24T00:52:48.1146751Z	A	nerdctl-v2.3.1-r0:do_fetch	gomod://github.com/cloudflare/circl	/efsx	ERROR: nerdctl-v2.3.1-r0 do_fetch: Checksum failure fetching gomod://github.com/cloudflare/circl;version=v1.6.3;sha256sum=9aed6385d52ccd66e0a3b8cc093b5f0e7744640485405dd08c8ef89ef6bbeb06
qualcomm-linux/meta-qcom-robotics-sdk	35938315722	1	107441032512	build-pr / iq-8275-evk/debug_full_linux-qcom-next	foundri-prd-u2404-x64-od-eph-i-03e3de1e4d66eff15	ip-10-185-119-122	2026-09-24T00:52:48.1166678Z	A	nerdctl-v2.3.1-r0:do_fetch	/downloads/github.com.cloudflare.circl@v1.6.3.zip\	/efsx	ERROR: nerdctl-v2.3.1-r0 do_fetch: Bitbake Fetcher Error: ChecksumError('Checksum mismatch!\nFile: \'/downloads/github.com.cloudflare.circl@v1.6.3.zip\' has sha256 checksum \'f478a04528e7c2a8b782d9ed531d9c3e74d461be366e8a0c96e0967f14fc48d5\' when \'9aed6385d52ccd66e0a3b8cc093b5f0e7744640485405dd08c8ef89ef6bbeb06\' was expected\nIf this change is expected (e.g. you have upgraded to a new version wi
qualcomm-linux/meta-qcom-robotics-sdk	35938315722	1	107441032512	build-pr / iq-8275-evk/debug_full_linux-qcom-next	foundri-prd-u2404-x64-od-eph-i-03e3de1e4d66eff15	ip-10-185-119-122	2026-09-24T00:52:48.1166678Z	A	nerdctl-v2.3.1-r0:do_fetch	/downloads/github.com.cloudflare.circl@v1.6.3.zip\	/efsx	ERROR: nerdctl-v2.3.1-r0 do_fetch: Bitbake Fetcher Error: ChecksumError('Checksum mismatch!\nFile: \'/downloads/github.com.cloudflare.circl@v1.6.3.zip\' has sha256 checksum \'f478a04528e7c2a8b782d9ed531d9c3e74d461be366e8a0c96e0967f14fc48d5\' when \'9aed6385d52ccd66e0a3b8cc093b5f0e7744640485405dd08c8ef89ef6bbeb06\' was expected\nIf this change is expected (e.g. you have upgraded to a new version wi
qualcomm-linux/meta-qcom-robotics-sdk	35938315722	2	107449994792	build-pr / iq-8275-evk/debug_full_linux-qcom-next	foundri-prd-u2404-x64-od-eph-i-03e3de1e4d66eff15	ip-10-185-119-122	2026-09-24T00:52:48.1166678Z	A	nerdctl-v2.3.1-r0:do_fetch	/downloads/github.com.cloudflare.circl@v1.6.3.zip\	/efsx	ERROR: nerdctl-v2.3.1-r0 do_fetch: Bitbake Fetcher Error: ChecksumError('Checksum mismatch!\nFile: \'/downloads/github.com.cloudflare.circl@v1.6.3.zip\' has sha256 checksum \'f478a04528e7c2a8b782d9ed531d9c3e74d461be366e8a0c96e0967f14fc48d5\' when \'9aed6385d52ccd66e0a3b8cc093b5f0e7744640485405dd08c8ef89ef6bbeb06\' was expected\nIf this change is expected (e.g. you have upgraded to a new version wi
qualcomm-linux/meta-qcom-robotics-sdk	35938315722	3	107673387168	build-pr / iq-8275-evk/debug_full_linux-qcom-next	foundri-prd-u2404-x64-od-eph-i-03e3de1e4d66eff15	ip-10-185-119-122	2026-09-24T00:52:48.1166678Z	A	nerdctl-v2.3.1-r0:do_fetch	/downloads/github.com.cloudflare.circl@v1.6.3.zip\	/efsx	ERROR: nerdctl-v2.3.1-r0 do_fetch: Bitbake Fetcher Error: ChecksumError('Checksum mismatch!\nFile: \'/downloads/github.com.cloudflare.circl@v1.6.3.zip\' has sha256 checksum \'f478a04528e7c2a8b782d9ed531d9c3e74d461be366e8a0c96e0967f14fc48d5\' when \'9aed6385d52ccd66e0a3b8cc093b5f0e7744640485405dd08c8ef89ef6bbeb06\' was expected\nIf this change is expected (e.g. you have upgraded to a new version wi
qualcomm-linux/meta-qcom-robotics-sdk	35938315722	1	107441032610	build-pr / iq-9075-evk/debug_full_linux-qcom-next	foundri-prd-u2404-x64-od-eph-i-04ce780dae001b5fc	ip-10-185-116-32	2026-09-24T00:54:53.2808321Z	A	nerdctl-v2.3.1-r0:do_fetch	gomod://github.com/google/gofuzz	/efsx	WARNING: nerdctl-v2.3.1-r0 do_fetch: Checksum failure encountered with download of gomod://github.com/google/gofuzz;version=v1.2.0;sha256sum=5948f40af1923d8f98dc1d4191311030e40e0057fb255df19ebc0360f2faac16 - will attempt other sources if available
qualcomm-linux/meta-qcom-robotics-sdk	35938315722	1	107441032610	build-pr / iq-9075-evk/debug_full_linux-qcom-next	foundri-prd-u2404-x64-od-eph-i-04ce780dae001b5fc	ip-10-185-116-32	2026-09-24T00:54:53.2808321Z	A	nerdctl-v2.3.1-r0:do_fetch	gomod://github.com/google/gofuzz	/efsx	WARNING: nerdctl-v2.3.1-r0 do_fetch: Checksum failure encountered with download of gomod://github.com/google/gofuzz;version=v1.2.0;sha256sum=5948f40af1923d8f98dc1d4191311030e40e0057fb255df19ebc0360f2faac16 - will attempt other sources if available
qualcomm-linux/meta-qcom-robotics-sdk	35938315722	2	107449994961	build-pr / iq-9075-evk/debug_full_linux-qcom-next	foundri-prd-u2404-x64-od-eph-i-04ce780dae001b5fc	ip-10-185-116-32	2026-09-24T00:54:53.2808321Z	A	nerdctl-v2.3.1-r0:do_fetch	gomod://github.com/google/gofuzz	/efsx	WARNING: nerdctl-v2.3.1-r0 do_fetch: Checksum failure encountered with download of gomod://github.com/google/gofuzz;version=v1.2.0;sha256sum=5948f40af1923d8f98dc1d4191311030e40e0057fb255df19ebc0360f2faac16 - will attempt other sources if available
qualcomm-linux/meta-qcom-robotics-sdk	35938315722	3	107673389058	build-pr / iq-9075-evk/debug_full_linux-qcom-next	foundri-prd-u2404-x64-od-eph-i-04ce780dae001b5fc	ip-10-185-116-32	2026-09-24T00:54:53.2808321Z	A	nerdctl-v2.3.1-r0:do_fetch	gomod://github.com/google/gofuzz	/efsx	WARNING: nerdctl-v2.3.1-r0 do_fetch: Checksum failure encountered with download of gomod://github.com/google/gofuzz;version=v1.2.0;sha256sum=5948f40af1923d8f98dc1d4191311030e40e0057fb255df19ebc0360f2faac16 - will attempt other sources if available
qualcomm-linux/meta-qcom-robotics-sdk	35938315722	1	107441032541	build-pr / iq-8275-evk/qcom-robotics-distro-catchall_base_linux-qcom-next	foundri-prd-u2404-x64-od-eph-i-0144f0c56e23fbe52	ip-10-185-122-230	2026-09-24T00:54:53.3329163Z	A	nerdctl-v2.3.1-r0:do_fetch	gomod://github.com/google/gofuzz	/efsx	WARNING: nerdctl-v2.3.1-r0 do_fetch: Checksum failure encountered with download of gomod://github.com/google/gofuzz;version=v1.2.0;sha256sum=5948f40af1923d8f98dc1d4191311030e40e0057fb255df19ebc0360f2faac16 - will attempt other sources if available
qualcomm-linux/meta-qcom-robotics-sdk	35938315722	1	107441032541	build-pr / iq-8275-evk/qcom-robotics-distro-catchall_base_linux-qcom-next	foundri-prd-u2404-x64-od-eph-i-0144f0c56e23fbe52	ip-10-185-122-230	2026-09-24T00:54:53.3329163Z	A	nerdctl-v2.3.1-r0:do_fetch	gomod://github.com/google/gofuzz	/efsx	WARNING: nerdctl-v2.3.1-r0 do_fetch: Checksum failure encountered with download of gomod://github.com/google/gofuzz;version=v1.2.0;sha256sum=5948f40af1923d8f98dc1d4191311030e40e0057fb255df19ebc0360f2faac16 - will attempt other sources if available
qualcomm-linux/meta-qcom-robotics-sdk	35938315722	2	107449994671	build-pr / iq-8275-evk/qcom-robotics-distro-catchall_base_linux-qcom-next	foundri-prd-u2404-x64-od-eph-i-0144f0c56e23fbe52	ip-10-185-122-230	2026-09-24T00:54:53.3329163Z	A	nerdctl-v2.3.1-r0:do_fetch	gomod://github.com/google/gofuzz	/efsx	WARNING: nerdctl-v2.3.1-r0 do_fetch: Checksum failure encountered with download of gomod://github.com/google/gofuzz;version=v1.2.0;sha256sum=5948f40af1923d8f98dc1d4191311030e40e0057fb255df19ebc0360f2faac16 - will attempt other sources if available
qualcomm-linux/meta-qcom-robotics-sdk	35938315722	3	107673385937	build-pr / iq-8275-evk/qcom-robotics-distro-catchall_base_linux-qcom-next	foundri-prd-u2404-x64-od-eph-i-0144f0c56e23fbe52	ip-10-185-122-230	2026-09-24T00:54:53.3329163Z	A	nerdctl-v2.3.1-r0:do_fetch	gomod://github.com/google/gofuzz	/efsx	WARNING: nerdctl-v2.3.1-r0 do_fetch: Checksum failure encountered with download of gomod://github.com/google/gofuzz;version=v1.2.0;sha256sum=5948f40af1923d8f98dc1d4191311030e40e0057fb255df19ebc0360f2faac16 - will attempt other sources if available
qualcomm-linux/meta-qcom-robotics-sdk	35938315722	1	107441032610	build-pr / iq-9075-evk/debug_full_linux-qcom-next	foundri-prd-u2404-x64-od-eph-i-04ce780dae001b5fc	ip-10-185-116-32	2026-09-24T00:54:54.1799890Z	A	nerdctl-v2.3.1-r0:do_fetch	/downloads/github.com.google.gofuzz@v1.2.0.zip	/efsx	WARNING: nerdctl-v2.3.1-r0 do_fetch: Checksum mismatch for local file /downloads/github.com.google.gofuzz@v1.2.0.zip
qualcomm-linux/meta-qcom-robotics-sdk	35938315722	1	107441032610	build-pr / iq-9075-evk/debug_full_linux-qcom-next	foundri-prd-u2404-x64-od-eph-i-04ce780dae001b5fc	ip-10-185-116-32	2026-09-24T00:54:54.1799890Z	A	nerdctl-v2.3.1-r0:do_fetch	/downloads/github.com.google.gofuzz@v1.2.0.zip	/efsx	WARNING: nerdctl-v2.3.1-r0 do_fetch: Checksum mismatch for local file /downloads/github.com.google.gofuzz@v1.2.0.zip
qualcomm-linux/meta-qcom-robotics-sdk	35938315722	2	107449994961	build-pr / iq-9075-evk/debug_full_linux-qcom-next	foundri-prd-u2404-x64-od-eph-i-04ce780dae001b5fc	ip-10-185-116-32	2026-09-24T00:54:54.1799890Z	A	nerdctl-v2.3.1-r0:do_fetch	/downloads/github.com.google.gofuzz@v1.2.0.zip	/efsx	WARNING: nerdctl-v2.3.1-r0 do_fetch: Checksum mismatch for local file /downloads/github.com.google.gofuzz@v1.2.0.zip
qualcomm-linux/meta-qcom-robotics-sdk	35938315722	3	107673389058	build-pr / iq-9075-evk/debug_full_linux-qcom-next	foundri-prd-u2404-x64-od-eph-i-04ce780dae001b5fc	ip-10-185-116-32	2026-09-24T00:54:54.1799890Z	A	nerdctl-v2.3.1-r0:do_fetch	/downloads/github.com.google.gofuzz@v1.2.0.zip	/efsx	WARNING: nerdctl-v2.3.1-r0 do_fetch: Checksum mismatch for local file /downloads/github.com.google.gofuzz@v1.2.0.zip
qualcomm-linux/meta-qcom-robotics-sdk	35938315722	1	107441032610	build-pr / iq-9075-evk/debug_full_linux-qcom-next	foundri-prd-u2404-x64-od-eph-i-04ce780dae001b5fc	ip-10-185-116-32	2026-09-24T00:54:54.1802354Z	A	nerdctl-v2.3.1-r0:do_fetch	/downloads/github.com.google.gofuzz@v1.2.0.zip	/efsx	WARNING: nerdctl-v2.3.1-r0 do_fetch: Renaming /downloads/github.com.google.gofuzz@v1.2.0.zip to /downloads/github.com.google.gofuzz@v1.2.0.zip_bad-checksum_393ce54ea04178301d10bb7995b333dcffb11c7a5f55dc717e96d962ef041fc0
qualcomm-linux/meta-qcom-robotics-sdk	35938315722	1	107441032610	build-pr / iq-9075-evk/debug_full_linux-qcom-next	foundri-prd-u2404-x64-od-eph-i-04ce780dae001b5fc	ip-10-185-116-32	2026-09-24T00:54:54.1802354Z	A	nerdctl-v2.3.1-r0:do_fetch	/downloads/github.com.google.gofuzz@v1.2.0.zip	/efsx	WARNING: nerdctl-v2.3.1-r0 do_fetch: Renaming /downloads/github.com.google.gofuzz@v1.2.0.zip to /downloads/github.com.google.gofuzz@v1.2.0.zip_bad-checksum_393ce54ea04178301d10bb7995b333dcffb11c7a5f55dc717e96d962ef041fc0
qualcomm-linux/meta-qcom-robotics-sdk	35938315722	2	107449994961	build-pr / iq-9075-evk/debug_full_linux-qcom-next	foundri-prd-u2404-x64-od-eph-i-04ce780dae001b5fc	ip-10-185-116-32	2026-09-24T00:54:54.1802354Z	A	nerdctl-v2.3.1-r0:do_fetch	/downloads/github.com.google.gofuzz@v1.2.0.zip	/efsx	WARNING: nerdctl-v2.3.1-r0 do_fetch: Renaming /downloads/github.com.google.gofuzz@v1.2.0.zip to /downloads/github.com.google.gofuzz@v1.2.0.zip_bad-checksum_393ce54ea04178301d10bb7995b333dcffb11c7a5f55dc717e96d962ef041fc0
qualcomm-linux/meta-qcom-robotics-sdk	35938315722	3	107673389058	build-pr / iq-9075-evk/debug_full_linux-qcom-next	foundri-prd-u2404-x64-od-eph-i-04ce780dae001b5fc	ip-10-185-116-32	2026-09-24T00:54:54.1802354Z	A	nerdctl-v2.3.1-r0:do_fetch	/downloads/github.com.google.gofuzz@v1.2.0.zip	/efsx	WARNING: nerdctl-v2.3.1-r0 do_fetch: Renaming /downloads/github.com.google.gofuzz@v1.2.0.zip to /downloads/github.com.google.gofuzz@v1.2.0.zip_bad-checksum_393ce54ea04178301d10bb7995b333dcffb11c7a5f55dc717e96d962ef041fc0
qualcomm-linux/meta-qcom-robotics-sdk	35938315722	1	107441032610	build-pr / iq-9075-evk/debug_full_linux-qcom-next	foundri-prd-u2404-x64-od-eph-i-04ce780dae001b5fc	ip-10-185-116-32	2026-09-24T00:54:54.1925116Z	A	nerdctl-v2.3.1-r0:do_fetch	gomod://github.com/google/gofuzz	/efsx	ERROR: nerdctl-v2.3.1-r0 do_fetch: Checksum failure fetching gomod://github.com/google/gofuzz;version=v1.2.0;sha256sum=5948f40af1923d8f98dc1d4191311030e40e0057fb255df19ebc0360f2faac16
qualcomm-linux/meta-qcom-robotics-sdk	35938315722	1	107441032610	build-pr / iq-9075-evk/debug_full_linux-qcom-next	foundri-prd-u2404-x64-od-eph-i-04ce780dae001b5fc	ip-10-185-116-32	2026-09-24T00:54:54.1925116Z	A	nerdctl-v2.3.1-r0:do_fetch	gomod://github.com/google/gofuzz	/efsx	ERROR: nerdctl-v2.3.1-r0 do_fetch: Checksum failure fetching gomod://github.com/google/gofuzz;version=v1.2.0;sha256sum=5948f40af1923d8f98dc1d4191311030e40e0057fb255df19ebc0360f2faac16
qualcomm-linux/meta-qcom-robotics-sdk	35938315722	2	107449994961	build-pr / iq-9075-evk/debug_full_linux-qcom-next	foundri-prd-u2404-x64-od-eph-i-04ce780dae001b5fc	ip-10-185-116-32	2026-09-24T00:54:54.1925116Z	A	nerdctl-v2.3.1-r0:do_fetch	gomod://github.com/google/gofuzz	/efsx	ERROR: nerdctl-v2.3.1-r0 do_fetch: Checksum failure fetching gomod://github.com/google/gofuzz;version=v1.2.0;sha256sum=5948f40af1923d8f98dc1d4191311030e40e0057fb255df19ebc0360f2faac16
qualcomm-linux/meta-qcom-robotics-sdk	35938315722	3	107673389058	build-pr / iq-9075-evk/debug_full_linux-qcom-next	foundri-prd-u2404-x64-od-eph-i-04ce780dae001b5fc	ip-10-185-116-32	2026-09-24T00:54:54.1925116Z	A	nerdctl-v2.3.1-r0:do_fetch	gomod://github.com/google/gofuzz	/efsx	ERROR: nerdctl-v2.3.1-r0 do_fetch: Checksum failure fetching gomod://github.com/google/gofuzz;version=v1.2.0;sha256sum=5948f40af1923d8f98dc1d4191311030e40e0057fb255df19ebc0360f2faac16
qualcomm-linux/meta-qcom-robotics-sdk	35938315722	1	107441032610	build-pr / iq-9075-evk/debug_full_linux-qcom-next	foundri-prd-u2404-x64-od-eph-i-04ce780dae001b5fc	ip-10-185-116-32	2026-09-24T00:54:54.1956162Z	A	nerdctl-v2.3.1-r0:do_fetch	/downloads/github.com.google.gofuzz@v1.2.0.zip\	/efsx	ERROR: nerdctl-v2.3.1-r0 do_fetch: Bitbake Fetcher Error: ChecksumError('Checksum mismatch!\nFile: \'/downloads/github.com.google.gofuzz@v1.2.0.zip\' has sha256 checksum \'393ce54ea04178301d10bb7995b333dcffb11c7a5f55dc717e96d962ef041fc0\' when \'5948f40af1923d8f98dc1d4191311030e40e0057fb255df19ebc0360f2faac16\' was expected\nIf this change is expected (e.g. you have upgraded to a new version witho
qualcomm-linux/meta-qcom-robotics-sdk	35938315722	1	107441032610	build-pr / iq-9075-evk/debug_full_linux-qcom-next	foundri-prd-u2404-x64-od-eph-i-04ce780dae001b5fc	ip-10-185-116-32	2026-09-24T00:54:54.1956162Z	A	nerdctl-v2.3.1-r0:do_fetch	/downloads/github.com.google.gofuzz@v1.2.0.zip\	/efsx	ERROR: nerdctl-v2.3.1-r0 do_fetch: Bitbake Fetcher Error: ChecksumError('Checksum mismatch!\nFile: \'/downloads/github.com.google.gofuzz@v1.2.0.zip\' has sha256 checksum \'393ce54ea04178301d10bb7995b333dcffb11c7a5f55dc717e96d962ef041fc0\' when \'5948f40af1923d8f98dc1d4191311030e40e0057fb255df19ebc0360f2faac16\' was expected\nIf this change is expected (e.g. you have upgraded to a new version witho
qualcomm-linux/meta-qcom-robotics-sdk	35938315722	2	107449994961	build-pr / iq-9075-evk/debug_full_linux-qcom-next	foundri-prd-u2404-x64-od-eph-i-04ce780dae001b5fc	ip-10-185-116-32	2026-09-24T00:54:54.1956162Z	A	nerdctl-v2.3.1-r0:do_fetch	/downloads/github.com.google.gofuzz@v1.2.0.zip\	/efsx	ERROR: nerdctl-v2.3.1-r0 do_fetch: Bitbake Fetcher Error: ChecksumError('Checksum mismatch!\nFile: \'/downloads/github.com.google.gofuzz@v1.2.0.zip\' has sha256 checksum \'393ce54ea04178301d10bb7995b333dcffb11c7a5f55dc717e96d962ef041fc0\' when \'5948f40af1923d8f98dc1d4191311030e40e0057fb255df19ebc0360f2faac16\' was expected\nIf this change is expected (e.g. you have upgraded to a new version witho
qualcomm-linux/meta-qcom-robotics-sdk	35938315722	3	107673389058	build-pr / iq-9075-evk/debug_full_linux-qcom-next	foundri-prd-u2404-x64-od-eph-i-04ce780dae001b5fc	ip-10-185-116-32	2026-09-24T00:54:54.1956162Z	A	nerdctl-v2.3.1-r0:do_fetch	/downloads/github.com.google.gofuzz@v1.2.0.zip\	/efsx	ERROR: nerdctl-v2.3.1-r0 do_fetch: Bitbake Fetcher Error: ChecksumError('Checksum mismatch!\nFile: \'/downloads/github.com.google.gofuzz@v1.2.0.zip\' has sha256 checksum \'393ce54ea04178301d10bb7995b333dcffb11c7a5f55dc717e96d962ef041fc0\' when \'5948f40af1923d8f98dc1d4191311030e40e0057fb255df19ebc0360f2faac16\' was expected\nIf this change is expected (e.g. you have upgraded to a new version witho
qualcomm-linux/meta-qcom-robotics-sdk	35938315722	2	107449993868	build-pr / iq-8275-evk/qcom-robotics-distro_base_linux-qcom-next	foundri-prd-u2404-x64-od-eph-i-0f924cff9d4253bb3	ip-10-185-117-107	2026-09-24T01:30:55.7152492Z	A			/efsx	     1933:                        # early checksum verify, so that if checksum mismatched,
qualcomm-linux/meta-qcom-robotics-sdk	35938315722	2	107449993868	build-pr / iq-8275-evk/qcom-robotics-distro_base_linux-qcom-next	foundri-prd-u2404-x64-od-eph-i-0f924cff9d4253bb3	ip-10-185-117-107	2026-09-24T01:30:55.7152492Z	A			/efsx	     1933:                        # early checksum verify, so that if checksum mismatched,
qualcomm-linux/meta-qcom-robotics-sdk	35938315722	2	107449993868	build-pr / iq-8275-evk/qcom-robotics-distro_base_linux-qcom-next	foundri-prd-u2404-x64-od-eph-i-0f924cff9d4253bb3	ip-10-185-117-107	2026-09-24T01:30:55.7169068Z	A			/efsx	     0721:        except zipfile.BadZipFile:
qualcomm-linux/meta-qcom-robotics-sdk	35938315722	2	107449993868	build-pr / iq-8275-evk/qcom-robotics-distro_base_linux-qcom-next	foundri-prd-u2404-x64-od-eph-i-0f924cff9d4253bb3	ip-10-185-117-107	2026-09-24T01:30:55.7169068Z	A			/efsx	     0721:        except zipfile.BadZipFile:
qualcomm-linux/meta-qcom-robotics-sdk	35938315722	2	107449993868	build-pr / iq-8275-evk/qcom-robotics-distro_base_linux-qcom-next	foundri-prd-u2404-x64-od-eph-i-0f924cff9d4253bb3	ip-10-185-117-107	2026-09-24T01:30:55.7193417Z	A			/efsx	Exception: zlib.error: Error -3 while decompressing data: invalid stored block lengths
qualcomm-linux/meta-qcom-robotics-sdk	35938315722	2	107449993868	build-pr / iq-8275-evk/qcom-robotics-distro_base_linux-qcom-next	foundri-prd-u2404-x64-od-eph-i-0f924cff9d4253bb3	ip-10-185-117-107	2026-09-24T01:30:55.7193417Z	A			/efsx	Exception: zlib.error: Error -3 while decompressing data: invalid stored block lengths
qualcomm-linux/meta-qcom-robotics-sdk	35938315722	3	107673387591	build-pr / iq-8275-evk/qcom-robotics-distro_base_linux-qcom-next	foundri-prd-u2404-x64-od-eph-i-05b845a7e037b1130	ip-10-185-112-118	2026-09-24T14:36:37.0741122Z	A			/efsx	     1933:                        # early checksum verify, so that if checksum mismatched,
qualcomm-linux/meta-qcom-robotics-sdk	35938315722	3	107673387591	build-pr / iq-8275-evk/qcom-robotics-distro_base_linux-qcom-next	foundri-prd-u2404-x64-od-eph-i-05b845a7e037b1130	ip-10-185-112-118	2026-09-24T14:36:37.0741122Z	A			/efsx	     1933:                        # early checksum verify, so that if checksum mismatched,
qualcomm-linux/meta-qcom-robotics-sdk	35938315722	3	107673387591	build-pr / iq-8275-evk/qcom-robotics-distro_base_linux-qcom-next	foundri-prd-u2404-x64-od-eph-i-05b845a7e037b1130	ip-10-185-112-118	2026-09-24T14:36:37.0757325Z	A			/efsx	     0721:        except zipfile.BadZipFile:
qualcomm-linux/meta-qcom-robotics-sdk	35938315722	3	107673387591	build-pr / iq-8275-evk/qcom-robotics-distro_base_linux-qcom-next	foundri-prd-u2404-x64-od-eph-i-05b845a7e037b1130	ip-10-185-112-118	2026-09-24T14:36:37.0757325Z	A			/efsx	     0721:        except zipfile.BadZipFile:
qualcomm-linux/meta-qcom-robotics-sdk	35938315722	3	107673387591	build-pr / iq-8275-evk/qcom-robotics-distro_base_linux-qcom-next	foundri-prd-u2404-x64-od-eph-i-05b845a7e037b1130	ip-10-185-112-118	2026-09-24T14:36:37.0770565Z	A			/efsx	Exception: zlib.error: Error -3 while decompressing data: invalid stored block lengths
qualcomm-linux/meta-qcom-robotics-sdk	35938315722	3	107673387591	build-pr / iq-8275-evk/qcom-robotics-distro_base_linux-qcom-next	foundri-prd-u2404-x64-od-eph-i-05b845a7e037b1130	ip-10-185-112-118	2026-09-24T14:36:37.0770565Z	A			/efsx	Exception: zlib.error: Error -3 while decompressing data: invalid stored block lengths
qualcomm-linux/meta-qcom-robotics-sdk	35938315722	4	107711490085	build-pr / iq-8275-evk/qcom-robotics-distro-catchall_full_linux-qcom-next	foundri-prd-u2404-x64-od-eph-i-04f961fad778a6a91	ip-10-185-116-247	2026-09-24T16:04:51.4652007Z	A			/efsx	     1933:                        # early checksum verify, so that if checksum mismatched,
qualcomm-linux/meta-qcom-robotics-sdk	35938315722	4	107711490085	build-pr / iq-8275-evk/qcom-robotics-distro-catchall_full_linux-qcom-next	foundri-prd-u2404-x64-od-eph-i-04f961fad778a6a91	ip-10-185-116-247	2026-09-24T16:04:51.4652007Z	A			/efsx	     1933:                        # early checksum verify, so that if checksum mismatched,
qualcomm-linux/meta-qcom-robotics-sdk	35938315722	4	107711490085	build-pr / iq-8275-evk/qcom-robotics-distro-catchall_full_linux-qcom-next	foundri-prd-u2404-x64-od-eph-i-04f961fad778a6a91	ip-10-185-116-247	2026-09-24T16:04:51.4668858Z	A			/efsx	     0721:        except zipfile.BadZipFile:
qualcomm-linux/meta-qcom-robotics-sdk	35938315722	4	107711490085	build-pr / iq-8275-evk/qcom-robotics-distro-catchall_full_linux-qcom-next	foundri-prd-u2404-x64-od-eph-i-04f961fad778a6a91	ip-10-185-116-247	2026-09-24T16:04:51.4668858Z	A			/efsx	     0721:        except zipfile.BadZipFile:
qualcomm-linux/meta-qcom-robotics-sdk	35938315722	4	107711490085	build-pr / iq-8275-evk/qcom-robotics-distro-catchall_full_linux-qcom-next	foundri-prd-u2404-x64-od-eph-i-04f961fad778a6a91	ip-10-185-116-247	2026-09-24T16:04:51.4684108Z	A			/efsx	Exception: zlib.error: Error -3 while decompressing data: invalid stored block lengths
qualcomm-linux/meta-qcom-robotics-sdk	35938315722	4	107711490085	build-pr / iq-8275-evk/qcom-robotics-distro-catchall_full_linux-qcom-next	foundri-prd-u2404-x64-od-eph-i-04f961fad778a6a91	ip-10-185-116-247	2026-09-24T16:04:51.4684108Z	A			/efsx	Exception: zlib.error: Error -3 while decompressing data: invalid stored block lengths
qualcomm-linux/meta-qcom-robotics-sdk	35938315722	4	107711490178	build-pr / iq-8275-evk/performance_full_linux-qcom-next	foundri-prd-u2404-x64-od-eph-i-06bca5db4cabf49ab	ip-10-185-116-229	2026-09-24T16:05:33.4470077Z	A			/efsx	     1933:                        # early checksum verify, so that if checksum mismatched,
qualcomm-linux/meta-qcom-robotics-sdk	35938315722	4	107711490178	build-pr / iq-8275-evk/performance_full_linux-qcom-next	foundri-prd-u2404-x64-od-eph-i-06bca5db4cabf49ab	ip-10-185-116-229	2026-09-24T16:05:33.4470077Z	A			/efsx	     1933:                        # early checksum verify, so that if checksum mismatched,
qualcomm-linux/meta-qcom-robotics-sdk	35938315722	4	107711490178	build-pr / iq-8275-evk/performance_full_linux-qcom-next	foundri-prd-u2404-x64-od-eph-i-06bca5db4cabf49ab	ip-10-185-116-229	2026-09-24T16:05:33.4487561Z	A			/efsx	     0721:        except zipfile.BadZipFile:
qualcomm-linux/meta-qcom-robotics-sdk	35938315722	4	107711490178	build-pr / iq-8275-evk/performance_full_linux-qcom-next	foundri-prd-u2404-x64-od-eph-i-06bca5db4cabf49ab	ip-10-185-116-229	2026-09-24T16:05:33.4487561Z	A			/efsx	     0721:        except zipfile.BadZipFile:
qualcomm-linux/meta-qcom-robotics-sdk	35938315722	4	107711490178	build-pr / iq-8275-evk/performance_full_linux-qcom-next	foundri-prd-u2404-x64-od-eph-i-06bca5db4cabf49ab	ip-10-185-116-229	2026-09-24T16:05:33.4501831Z	A			/efsx	Exception: zlib.error: Error -3 while decompressing data: invalid stored block lengths
qualcomm-linux/meta-qcom-robotics-sdk	35938315722	4	107711490178	build-pr / iq-8275-evk/performance_full_linux-qcom-next	foundri-prd-u2404-x64-od-eph-i-06bca5db4cabf49ab	ip-10-185-116-229	2026-09-24T16:05:33.4501831Z	A			/efsx	Exception: zlib.error: Error -3 while decompressing data: invalid stored block lengths
qualcomm-linux/meta-qcom-robotics-sdk	35938315722	4	107711490210	build-pr / iq-9075-evk/performance_base_linux-qcom-next	foundri-prd-u2404-x64-od-eph-i-02ef9e4c9c898caa1	ip-10-185-115-27	2026-09-24T16:05:36.3747474Z	A			/efsx	     1933:                        # early checksum verify, so that if checksum mismatched,
qualcomm-linux/meta-qcom-robotics-sdk	35938315722	4	107711490210	build-pr / iq-9075-evk/performance_base_linux-qcom-next	foundri-prd-u2404-x64-od-eph-i-02ef9e4c9c898caa1	ip-10-185-115-27	2026-09-24T16:05:36.3747474Z	A			/efsx	     1933:                        # early checksum verify, so that if checksum mismatched,
qualcomm-linux/meta-qcom-robotics-sdk	35938315722	4	107711490210	build-pr / iq-9075-evk/performance_base_linux-qcom-next	foundri-prd-u2404-x64-od-eph-i-02ef9e4c9c898caa1	ip-10-185-115-27	2026-09-24T16:05:36.3762244Z	A			/efsx	     0721:        except zipfile.BadZipFile:
qualcomm-linux/meta-qcom-robotics-sdk	35938315722	4	107711490210	build-pr / iq-9075-evk/performance_base_linux-qcom-next	foundri-prd-u2404-x64-od-eph-i-02ef9e4c9c898caa1	ip-10-185-115-27	2026-09-24T16:05:36.3762244Z	A			/efsx	     0721:        except zipfile.BadZipFile:
qualcomm-linux/meta-qcom-robotics-sdk	35938315722	4	107711490210	build-pr / iq-9075-evk/performance_base_linux-qcom-next	foundri-prd-u2404-x64-od-eph-i-02ef9e4c9c898caa1	ip-10-185-115-27	2026-09-24T16:05:36.3784101Z	A			/efsx	Exception: zlib.error: Error -3 while decompressing data: invalid stored block lengths
qualcomm-linux/meta-qcom-robotics-sdk	35938315722	4	107711490210	build-pr / iq-9075-evk/performance_base_linux-qcom-next	foundri-prd-u2404-x64-od-eph-i-02ef9e4c9c898caa1	ip-10-185-115-27	2026-09-24T16:05:36.3784101Z	A			/efsx	Exception: zlib.error: Error -3 while decompressing data: invalid stored block lengths
qualcomm-linux/meta-qcom-robotics-sdk	35938315722	4	107711490248	build-pr / iq-9075-evk/qcom-robotics-distro-catchall_base_linux-qcom-next	foundri-prd-u2404-x64-od-eph-i-0102611ea522fe76b	ip-10-185-118-166	2026-09-24T16:06:14.6855555Z	A			/efsx	     1933:                        # early checksum verify, so that if checksum mismatched,
qualcomm-linux/meta-qcom-robotics-sdk	35938315722	4	107711490248	build-pr / iq-9075-evk/qcom-robotics-distro-catchall_base_linux-qcom-next	foundri-prd-u2404-x64-od-eph-i-0102611ea522fe76b	ip-10-185-118-166	2026-09-24T16:06:14.6855555Z	A			/efsx	     1933:                        # early checksum verify, so that if checksum mismatched,
qualcomm-linux/meta-qcom-robotics-sdk	35938315722	4	107711490248	build-pr / iq-9075-evk/qcom-robotics-distro-catchall_base_linux-qcom-next	foundri-prd-u2404-x64-od-eph-i-0102611ea522fe76b	ip-10-185-118-166	2026-09-24T16:06:14.6871083Z	A			/efsx	     0721:        except zipfile.BadZipFile:
qualcomm-linux/meta-qcom-robotics-sdk	35938315722	4	107711490248	build-pr / iq-9075-evk/qcom-robotics-distro-catchall_base_linux-qcom-next	foundri-prd-u2404-x64-od-eph-i-0102611ea522fe76b	ip-10-185-118-166	2026-09-24T16:06:14.6871083Z	A			/efsx	     0721:        except zipfile.BadZipFile:
qualcomm-linux/meta-qcom-robotics-sdk	35938315722	4	107711490248	build-pr / iq-9075-evk/qcom-robotics-distro-catchall_base_linux-qcom-next	foundri-prd-u2404-x64-od-eph-i-0102611ea522fe76b	ip-10-185-118-166	2026-09-24T16:06:14.6883637Z	A			/efsx	Exception: zlib.error: Error -3 while decompressing data: invalid stored block lengths
qualcomm-linux/meta-qcom-robotics-sdk	35938315722	4	107711490248	build-pr / iq-9075-evk/qcom-robotics-distro-catchall_base_linux-qcom-next	foundri-prd-u2404-x64-od-eph-i-0102611ea522fe76b	ip-10-185-118-166	2026-09-24T16:06:14.6883637Z	A			/efsx	Exception: zlib.error: Error -3 while decompressing data: invalid stored block lengths
qualcomm-linux/meta-qcom-robotics-sdk	35938315722	4	107711490264	build-pr / iq-9075-evk/qcom-robotics-distro-catchall_full_linux-qcom-next	foundri-prd-u2404-x64-od-eph-i-00397304abce07766	ip-10-185-112-248	2026-09-24T16:06:53.8850191Z	A			/efsx	     1933:                        # early checksum verify, so that if checksum mismatched,
qualcomm-linux/meta-qcom-robotics-sdk	35938315722	4	107711490264	build-pr / iq-9075-evk/qcom-robotics-distro-catchall_full_linux-qcom-next	foundri-prd-u2404-x64-od-eph-i-00397304abce07766	ip-10-185-112-248	2026-09-24T16:06:53.8850191Z	A			/efsx	     1933:                        # early checksum verify, so that if checksum mismatched,
qualcomm-linux/meta-qcom-robotics-sdk	35938315722	4	107711490264	build-pr / iq-9075-evk/qcom-robotics-distro-catchall_full_linux-qcom-next	foundri-prd-u2404-x64-od-eph-i-00397304abce07766	ip-10-185-112-248	2026-09-24T16:06:53.8866184Z	A			/efsx	     0721:        except zipfile.BadZipFile:
qualcomm-linux/meta-qcom-robotics-sdk	35938315722	4	107711490264	build-pr / iq-9075-evk/qcom-robotics-distro-catchall_full_linux-qcom-next	foundri-prd-u2404-x64-od-eph-i-00397304abce07766	ip-10-185-112-248	2026-09-24T16:06:53.8866184Z	A			/efsx	     0721:        except zipfile.BadZipFile:
qualcomm-linux/meta-qcom-robotics-sdk	35938315722	4	107711490264	build-pr / iq-9075-evk/qcom-robotics-distro-catchall_full_linux-qcom-next	foundri-prd-u2404-x64-od-eph-i-00397304abce07766	ip-10-185-112-248	2026-09-24T16:06:53.8878366Z	A			/efsx	Exception: zlib.error: Error -3 while decompressing data: invalid stored block lengths
qualcomm-linux/meta-qcom-robotics-sdk	35938315722	4	107711490264	build-pr / iq-9075-evk/qcom-robotics-distro-catchall_full_linux-qcom-next	foundri-prd-u2404-x64-od-eph-i-00397304abce07766	ip-10-185-112-248	2026-09-24T16:06:53.8878366Z	A			/efsx	Exception: zlib.error: Error -3 while decompressing data: invalid stored block lengths
qualcomm-linux/meta-qcom-robotics-sdk	35938315722	4	107711490298	build-pr / iq-9075-evk/performance_full_linux-qcom-next	foundri-prd-u2404-x64-od-eph-i-05850c4bbf23ead12	ip-10-185-124-122	2026-09-24T16:06:58.4011821Z	A			/efsx	     1933:                        # early checksum verify, so that if checksum mismatched,
qualcomm-linux/meta-qcom-robotics-sdk	35938315722	4	107711490298	build-pr / iq-9075-evk/performance_full_linux-qcom-next	foundri-prd-u2404-x64-od-eph-i-05850c4bbf23ead12	ip-10-185-124-122	2026-09-24T16:06:58.4011821Z	A			/efsx	     1933:                        # early checksum verify, so that if checksum mismatched,
qualcomm-linux/meta-qcom-robotics-sdk	35938315722	4	107711490298	build-pr / iq-9075-evk/performance_full_linux-qcom-next	foundri-prd-u2404-x64-od-eph-i-05850c4bbf23ead12	ip-10-185-124-122	2026-09-24T16:06:58.4028556Z	A			/efsx	     0721:        except zipfile.BadZipFile:
qualcomm-linux/meta-qcom-robotics-sdk	35938315722	4	107711490298	build-pr / iq-9075-evk/performance_full_linux-qcom-next	foundri-prd-u2404-x64-od-eph-i-05850c4bbf23ead12	ip-10-185-124-122	2026-09-24T16:06:58.4028556Z	A			/efsx	     0721:        except zipfile.BadZipFile:
qualcomm-linux/meta-qcom-robotics-sdk	35938315722	4	107711490298	build-pr / iq-9075-evk/performance_full_linux-qcom-next	foundri-prd-u2404-x64-od-eph-i-05850c4bbf23ead12	ip-10-185-124-122	2026-09-24T16:06:58.4054032Z	A			/efsx	Exception: zlib.error: Error -3 while decompressing data: invalid stored block lengths
qualcomm-linux/meta-qcom-robotics-sdk	35938315722	4	107711490298	build-pr / iq-9075-evk/performance_full_linux-qcom-next	foundri-prd-u2404-x64-od-eph-i-05850c4bbf23ead12	ip-10-185-124-122	2026-09-24T16:06:58.4054032Z	A			/efsx	Exception: zlib.error: Error -3 while decompressing data: invalid stored block lengths
qualcomm-linux/meta-qcom-robotics-sdk	35938315722	4	107711490142	build-pr / iq-8275-evk/qcom-robotics-distro-catchall_base_linux-qcom-next	foundri-prd-u2404-x64-od-eph-i-004487c9b8d375898	ip-10-185-121-105	2026-09-24T16:07:35.2677568Z	A			/efsx	     1933:                        # early checksum verify, so that if checksum mismatched,
qualcomm-linux/meta-qcom-robotics-sdk	35938315722	4	107711490142	build-pr / iq-8275-evk/qcom-robotics-distro-catchall_base_linux-qcom-next	foundri-prd-u2404-x64-od-eph-i-004487c9b8d375898	ip-10-185-121-105	2026-09-24T16:07:35.2677568Z	A			/efsx	     1933:                        # early checksum verify, so that if checksum mismatched,
qualcomm-linux/meta-qcom-robotics-sdk	35938315722	4	107711490142	build-pr / iq-8275-evk/qcom-robotics-distro-catchall_base_linux-qcom-next	foundri-prd-u2404-x64-od-eph-i-004487c9b8d375898	ip-10-185-121-105	2026-09-24T16:07:35.2693391Z	A			/efsx	     0721:        except zipfile.BadZipFile:
qualcomm-linux/meta-qcom-robotics-sdk	35938315722	4	107711490142	build-pr / iq-8275-evk/qcom-robotics-distro-catchall_base_linux-qcom-next	foundri-prd-u2404-x64-od-eph-i-004487c9b8d375898	ip-10-185-121-105	2026-09-24T16:07:35.2693391Z	A			/efsx	     0721:        except zipfile.BadZipFile:
qualcomm-linux/meta-qcom-robotics-sdk	35938315722	4	107711490142	build-pr / iq-8275-evk/qcom-robotics-distro-catchall_base_linux-qcom-next	foundri-prd-u2404-x64-od-eph-i-004487c9b8d375898	ip-10-185-121-105	2026-09-24T16:07:35.2708911Z	A			/efsx	Exception: zlib.error: Error -3 while decompressing data: invalid stored block lengths
qualcomm-linux/meta-qcom-robotics-sdk	35938315722	4	107711490142	build-pr / iq-8275-evk/qcom-robotics-distro-catchall_base_linux-qcom-next	foundri-prd-u2404-x64-od-eph-i-004487c9b8d375898	ip-10-185-121-105	2026-09-24T16:07:35.2708911Z	A			/efsx	Exception: zlib.error: Error -3 while decompressing data: invalid stored block lengths
qualcomm-linux/meta-qcom-robotics-sdk	35938315722	4	107711490380	build-pr / iq-8275-evk/performance_base_linux-qcom-next	foundri-prd-u2404-x64-od-eph-i-0daab603619ae6e56	ip-10-185-121-28	2026-09-24T16:08:55.4801608Z	A			/efsx	     1933:                        # early checksum verify, so that if checksum mismatched,
qualcomm-linux/meta-qcom-robotics-sdk	35938315722	4	107711490380	build-pr / iq-8275-evk/performance_base_linux-qcom-next	foundri-prd-u2404-x64-od-eph-i-0daab603619ae6e56	ip-10-185-121-28	2026-09-24T16:08:55.4801608Z	A			/efsx	     1933:                        # early checksum verify, so that if checksum mismatched,
qualcomm-linux/meta-qcom-robotics-sdk	35938315722	4	107711490380	build-pr / iq-8275-evk/performance_base_linux-qcom-next	foundri-prd-u2404-x64-od-eph-i-0daab603619ae6e56	ip-10-185-121-28	2026-09-24T16:08:55.4818806Z	A			/efsx	     0721:        except zipfile.BadZipFile:
qualcomm-linux/meta-qcom-robotics-sdk	35938315722	4	107711490380	build-pr / iq-8275-evk/performance_base_linux-qcom-next	foundri-prd-u2404-x64-od-eph-i-0daab603619ae6e56	ip-10-185-121-28	2026-09-24T16:08:55.4818806Z	A			/efsx	     0721:        except zipfile.BadZipFile:
qualcomm-linux/meta-qcom-robotics-sdk	35938315722	4	107711490380	build-pr / iq-8275-evk/performance_base_linux-qcom-next	foundri-prd-u2404-x64-od-eph-i-0daab603619ae6e56	ip-10-185-121-28	2026-09-24T16:08:55.4833267Z	A			/efsx	Exception: zlib.error: Error -3 while decompressing data: invalid stored block lengths
qualcomm-linux/meta-qcom-robotics-sdk	35938315722	4	107711490380	build-pr / iq-8275-evk/performance_base_linux-qcom-next	foundri-prd-u2404-x64-od-eph-i-0daab603619ae6e56	ip-10-185-121-28	2026-09-24T16:08:55.4833267Z	A			/efsx	Exception: zlib.error: Error -3 while decompressing data: invalid stored block lengths
qualcomm-linux/meta-qcom-robotics-sdk	35938315722	4	107711490180	build-pr / iq-9075-evk/debug_full_linux-qcom-next	foundri-prd-u2404-x64-od-eph-i-0e41923eed0468538	ip-10-185-119-40	2026-09-24T16:14:51.8346038Z	A			/efsx	     1933:                        # early checksum verify, so that if checksum mismatched,
qualcomm-linux/meta-qcom-robotics-sdk	35938315722	4	107711490180	build-pr / iq-9075-evk/debug_full_linux-qcom-next	foundri-prd-u2404-x64-od-eph-i-0e41923eed0468538	ip-10-185-119-40	2026-09-24T16:14:51.8346038Z	A			/efsx	     1933:                        # early checksum verify, so that if checksum mismatched,
qualcomm-linux/meta-qcom-robotics-sdk	35938315722	4	107711490180	build-pr / iq-9075-evk/debug_full_linux-qcom-next	foundri-prd-u2404-x64-od-eph-i-0e41923eed0468538	ip-10-185-119-40	2026-09-24T16:14:51.8362314Z	A			/efsx	     0721:        except zipfile.BadZipFile:
qualcomm-linux/meta-qcom-robotics-sdk	35938315722	4	107711490180	build-pr / iq-9075-evk/debug_full_linux-qcom-next	foundri-prd-u2404-x64-od-eph-i-0e41923eed0468538	ip-10-185-119-40	2026-09-24T16:14:51.8362314Z	A			/efsx	     0721:        except zipfile.BadZipFile:
qualcomm-linux/meta-qcom-robotics-sdk	35938315722	4	107711490180	build-pr / iq-9075-evk/debug_full_linux-qcom-next	foundri-prd-u2404-x64-od-eph-i-0e41923eed0468538	ip-10-185-119-40	2026-09-24T16:14:51.8400399Z	A			/efsx	Exception: zlib.error: Error -3 while decompressing data: invalid stored block lengths
qualcomm-linux/meta-qcom-robotics-sdk	35938315722	4	107711490180	build-pr / iq-9075-evk/debug_full_linux-qcom-next	foundri-prd-u2404-x64-od-eph-i-0e41923eed0468538	ip-10-185-119-40	2026-09-24T16:14:51.8400399Z	A			/efsx	Exception: zlib.error: Error -3 while decompressing data: invalid stored block lengths
qualcomm-linux/meta-qcom-robotics-sdk	35938315722	4	107711490257	build-pr / iq-8275-evk/debug_base_linux-qcom-next	foundri-prd-u2404-x64-od-eph-i-0d0dbb63691fab289	ip-10-185-113-155	2026-09-24T16:15:32.1654956Z	A			/efsx	     1933:                        # early checksum verify, so that if checksum mismatched,
qualcomm-linux/meta-qcom-robotics-sdk	35938315722	4	107711490257	build-pr / iq-8275-evk/debug_base_linux-qcom-next	foundri-prd-u2404-x64-od-eph-i-0d0dbb63691fab289	ip-10-185-113-155	2026-09-24T16:15:32.1654956Z	A			/efsx	     1933:                        # early checksum verify, so that if checksum mismatched,
qualcomm-linux/meta-qcom-robotics-sdk	35938315722	4	107711490257	build-pr / iq-8275-evk/debug_base_linux-qcom-next	foundri-prd-u2404-x64-od-eph-i-0d0dbb63691fab289	ip-10-185-113-155	2026-09-24T16:15:32.1671195Z	A			/efsx	     0721:        except zipfile.BadZipFile:
qualcomm-linux/meta-qcom-robotics-sdk	35938315722	4	107711490257	build-pr / iq-8275-evk/debug_base_linux-qcom-next	foundri-prd-u2404-x64-od-eph-i-0d0dbb63691fab289	ip-10-185-113-155	2026-09-24T16:15:32.1671195Z	A			/efsx	     0721:        except zipfile.BadZipFile:
qualcomm-linux/meta-qcom-robotics-sdk	35938315722	4	107711490257	build-pr / iq-8275-evk/debug_base_linux-qcom-next	foundri-prd-u2404-x64-od-eph-i-0d0dbb63691fab289	ip-10-185-113-155	2026-09-24T16:15:32.1684110Z	A			/efsx	Exception: zlib.error: Error -3 while decompressing data: invalid stored block lengths
qualcomm-linux/meta-qcom-robotics-sdk	35938315722	4	107711490257	build-pr / iq-8275-evk/debug_base_linux-qcom-next	foundri-prd-u2404-x64-od-eph-i-0d0dbb63691fab289	ip-10-185-113-155	2026-09-24T16:15:32.1684110Z	A			/efsx	Exception: zlib.error: Error -3 while decompressing data: invalid stored block lengths
qualcomm-linux/meta-qcom-robotics-sdk	35938315722	4	107711490235	build-pr / iq-8275-evk/debug_full_linux-qcom-next	foundri-prd-u2404-x64-od-eph-i-03e0e8ded5c508ea6	ip-10-185-113-41	2026-09-24T16:16:13.2517997Z	A			/efsx	     1933:                        # early checksum verify, so that if checksum mismatched,
qualcomm-linux/meta-qcom-robotics-sdk	35938315722	4	107711490235	build-pr / iq-8275-evk/debug_full_linux-qcom-next	foundri-prd-u2404-x64-od-eph-i-03e0e8ded5c508ea6	ip-10-185-113-41	2026-09-24T16:16:13.2517997Z	A			/efsx	     1933:                        # early checksum verify, so that if checksum mismatched,
qualcomm-linux/meta-qcom-robotics-sdk	35938315722	4	107711490235	build-pr / iq-8275-evk/debug_full_linux-qcom-next	foundri-prd-u2404-x64-od-eph-i-03e0e8ded5c508ea6	ip-10-185-113-41	2026-09-24T16:16:13.2533930Z	A			/efsx	     0721:        except zipfile.BadZipFile:
qualcomm-linux/meta-qcom-robotics-sdk	35938315722	4	107711490235	build-pr / iq-8275-evk/debug_full_linux-qcom-next	foundri-prd-u2404-x64-od-eph-i-03e0e8ded5c508ea6	ip-10-185-113-41	2026-09-24T16:16:13.2533930Z	A			/efsx	     0721:        except zipfile.BadZipFile:
qualcomm-linux/meta-qcom-robotics-sdk	35938315722	4	107711490235	build-pr / iq-8275-evk/debug_full_linux-qcom-next	foundri-prd-u2404-x64-od-eph-i-03e0e8ded5c508ea6	ip-10-185-113-41	2026-09-24T16:16:13.2548797Z	A			/efsx	Exception: zlib.error: Error -3 while decompressing data: invalid stored block lengths
qualcomm-linux/meta-qcom-robotics-sdk	35938315722	4	107711490235	build-pr / iq-8275-evk/debug_full_linux-qcom-next	foundri-prd-u2404-x64-od-eph-i-03e0e8ded5c508ea6	ip-10-185-113-41	2026-09-24T16:16:13.2548797Z	A			/efsx	Exception: zlib.error: Error -3 while decompressing data: invalid stored block lengths
qualcomm-linux/meta-qcom-robotics-sdk	35938315722	4	107711490282	build-pr / iq-9075-evk/debug_base_linux-qcom-next	foundri-prd-u2404-x64-od-eph-i-0577101d99e2fe9db	ip-10-185-116-27	2026-09-24T16:16:53.5135592Z	A			/efsx	     1933:                        # early checksum verify, so that if checksum mismatched,
qualcomm-linux/meta-qcom-robotics-sdk	35938315722	4	107711490282	build-pr / iq-9075-evk/debug_base_linux-qcom-next	foundri-prd-u2404-x64-od-eph-i-0577101d99e2fe9db	ip-10-185-116-27	2026-09-24T16:16:53.5135592Z	A			/efsx	     1933:                        # early checksum verify, so that if checksum mismatched,
qualcomm-linux/meta-qcom-robotics-sdk	35938315722	4	107711490282	build-pr / iq-9075-evk/debug_base_linux-qcom-next	foundri-prd-u2404-x64-od-eph-i-0577101d99e2fe9db	ip-10-185-116-27	2026-09-24T16:16:53.5153523Z	A			/efsx	     0721:        except zipfile.BadZipFile:
qualcomm-linux/meta-qcom-robotics-sdk	35938315722	4	107711490282	build-pr / iq-9075-evk/debug_base_linux-qcom-next	foundri-prd-u2404-x64-od-eph-i-0577101d99e2fe9db	ip-10-185-116-27	2026-09-24T16:16:53.5153523Z	A			/efsx	     0721:        except zipfile.BadZipFile:
qualcomm-linux/meta-qcom-robotics-sdk	35938315722	4	107711490282	build-pr / iq-9075-evk/debug_base_linux-qcom-next	foundri-prd-u2404-x64-od-eph-i-0577101d99e2fe9db	ip-10-185-116-27	2026-09-24T16:16:53.5167255Z	A			/efsx	Exception: zlib.error: Error -3 while decompressing data: invalid stored block lengths
qualcomm-linux/meta-qcom-robotics-sdk	35938315722	4	107711490282	build-pr / iq-9075-evk/debug_base_linux-qcom-next	foundri-prd-u2404-x64-od-eph-i-0577101d99e2fe9db	ip-10-185-116-27	2026-09-24T16:16:53.5167255Z	A			/efsx	Exception: zlib.error: Error -3 while decompressing data: invalid stored block lengths
qualcomm-linux/meta-qcom-robotics-sdk	36061146634	1	107841817804	build-pr / iq-9075-evk/qcom-robotics-distro-catchall_full_linux-qcom-next	foundri-prd-u2404-x64-od-eph-i-0388aeb5c2b31cc92	ip-10-185-113-126	2026-09-24T21:30:31.7659246Z	A			/efsx	find "${DST}" -maxdepth 1 -name '*_bad-checksum_*' -print -delete
qualcomm-linux/meta-qcom-robotics-sdk	36061146634	1	107841817804	build-pr / iq-9075-evk/qcom-robotics-distro-catchall_full_linux-qcom-next	foundri-prd-u2404-x64-od-eph-i-0388aeb5c2b31cc92	ip-10-185-113-126	2026-09-24T21:30:31.7660590Z	A			/efsx	  --exclude '*_bad-checksum_*' "${SRC}/" "${DST}/"
qualcomm-linux/meta-qcom-robotics-sdk	36061146634	1	107841817804	build-pr / iq-9075-evk/qcom-robotics-distro-catchall_full_linux-qcom-next	foundri-prd-u2404-x64-od-eph-i-0388aeb5c2b31cc92	ip-10-185-113-126	2026-09-24T21:30:31.9915994Z	A			/efsx	+ find /efsx/qli/meta-qcom-robotics-sdk/downloads -maxdepth 1 -name '*_bad-checksum_*' -print -delete
qualcomm-linux/meta-qcom-robotics-sdk	36061146634	1	107841817804	build-pr / iq-9075-evk/qcom-robotics-distro-catchall_full_linux-qcom-next	foundri-prd-u2404-x64-od-eph-i-0388aeb5c2b31cc92	ip-10-185-113-126	2026-09-24T21:30:32.0919422Z	A		/downloads/github.com.cenkalti.backoff.v5@v5.0.3.zip_bad-checksum_a9d1a38e5cbf725ccc503febff019fda32deaded92a514a4b613e106ba515a42	/efsx	/efsx/qli/meta-qcom-robotics-sdk/downloads/github.com.cenkalti.backoff.v5@v5.0.3.zip_bad-checksum_a9d1a38e5cbf725ccc503febff019fda32deaded92a514a4b613e106ba515a42
qualcomm-linux/meta-qcom-robotics-sdk	36061146634	1	107841817804	build-pr / iq-9075-evk/qcom-robotics-distro-catchall_full_linux-qcom-next	foundri-prd-u2404-x64-od-eph-i-0388aeb5c2b31cc92	ip-10-185-113-126	2026-09-24T21:30:32.0920285Z	A		/downloads/rustc-1.97.1-x86_64-unknown-linux-gnu.tar.xz_bad-checksum_8c60230e953352493c07dc57615c2c1b0598694298cf52389feb819715bb5cf0	/efsx	/efsx/qli/meta-qcom-robotics-sdk/downloads/rustc-1.97.1-x86_64-unknown-linux-gnu.tar.xz_bad-checksum_8c60230e953352493c07dc57615c2c1b0598694298cf52389feb819715bb5cf0
qualcomm-linux/meta-qcom-robotics-sdk	36061146634	1	107841817804	build-pr / iq-9075-evk/qcom-robotics-distro-catchall_full_linux-qcom-next	foundri-prd-u2404-x64-od-eph-i-0388aeb5c2b31cc92	ip-10-185-113-126	2026-09-24T21:30:32.0921084Z	A		/downloads/github.com.cloudflare.circl@v1.6.3.zip_bad-checksum_f478a04528e7c2a8b782d9ed531d9c3e74d461be366e8a0c96e0967f14fc48d5	/efsx	/efsx/qli/meta-qcom-robotics-sdk/downloads/github.com.cloudflare.circl@v1.6.3.zip_bad-checksum_f478a04528e7c2a8b782d9ed531d9c3e74d461be366e8a0c96e0967f14fc48d5
qualcomm-linux/meta-qcom-robotics-sdk	36061146634	1	107841817804	build-pr / iq-9075-evk/qcom-robotics-distro-catchall_full_linux-qcom-next	foundri-prd-u2404-x64-od-eph-i-0388aeb5c2b31cc92	ip-10-185-113-126	2026-09-24T21:30:32.0922211Z	A		/downloads/portable-atomic-util-0.2.7.crate_bad-checksum_ce18b0f357f7a6ef7eb87ee20096001bbaecf4d6fb6f1faf1484e596eba6e5cb	/efsx	/efsx/qli/meta-qcom-robotics-sdk/downloads/portable-atomic-util-0.2.7.crate_bad-checksum_ce18b0f357f7a6ef7eb87ee20096001bbaecf4d6fb6f1faf1484e596eba6e5cb
qualcomm-linux/meta-qcom-robotics-sdk	36061146634	1	107841817804	build-pr / iq-9075-evk/qcom-robotics-distro-catchall_full_linux-qcom-next	foundri-prd-u2404-x64-od-eph-i-0388aeb5c2b31cc92	ip-10-185-113-126	2026-09-24T21:30:32.0922997Z	A		/downloads/github.com.aws.aws-sdk-go-v2.feature.s3.manager@v1.17.10.zip_bad-checksum_acf708a9a615bc024f7753ebda92e311a657b589d266aa7ae2c651153a5fa2d7	/efsx	/efsx/qli/meta-qcom-robotics-sdk/downloads/github.com.aws.aws-sdk-go-v2.feature.s3.manager@v1.17.10.zip_bad-checksum_acf708a9a615bc024f7753ebda92e311a657b589d266aa7ae2c651153a5fa2d7
qualcomm-linux/meta-qcom-robotics-sdk	36061146634	1	107841817804	build-pr / iq-9075-evk/qcom-robotics-distro-catchall_full_linux-qcom-next	foundri-prd-u2404-x64-od-eph-i-0388aeb5c2b31cc92	ip-10-185-113-126	2026-09-24T21:30:32.0923743Z	A		/downloads/untrusted-0.9.0.crate_bad-checksum_5405d394dd789af13a6328310e15076bc341c2d9dd5ea6f09f15f4fbc712619f	/efsx	/efsx/qli/meta-qcom-robotics-sdk/downloads/untrusted-0.9.0.crate_bad-checksum_5405d394dd789af13a6328310e15076bc341c2d9dd5ea6f09f15f4fbc712619f
qualcomm-linux/meta-qcom-robotics-sdk	36061146634	1	107841817804	build-pr / iq-9075-evk/qcom-robotics-distro-catchall_full_linux-qcom-next	foundri-prd-u2404-x64-od-eph-i-0388aeb5c2b31cc92	ip-10-185-113-126	2026-09-24T21:30:32.0924437Z	A		/downloads/github.com.google.gofuzz@v1.2.0.zip_bad-checksum_393ce54ea04178301d10bb7995b333dcffb11c7a5f55dc717e96d962ef041fc0	/efsx	/efsx/qli/meta-qcom-robotics-sdk/downloads/github.com.google.gofuzz@v1.2.0.zip_bad-checksum_393ce54ea04178301d10bb7995b333dcffb11c7a5f55dc717e96d962ef041fc0
qualcomm-linux/meta-qcom-robotics-sdk	36061146634	1	107841817804	build-pr / iq-9075-evk/qcom-robotics-distro-catchall_full_linux-qcom-next	foundri-prd-u2404-x64-od-eph-i-0388aeb5c2b31cc92	ip-10-185-113-126	2026-09-24T21:30:32.0925118Z	A		/downloads/endian-type-0.1.2.crate_bad-checksum_f3e43768bec229ad4567bca3e86146a3a6919648b8991d545e3a97c1f7c239b9	/efsx	/efsx/qli/meta-qcom-robotics-sdk/downloads/endian-type-0.1.2.crate_bad-checksum_f3e43768bec229ad4567bca3e86146a3a6919648b8991d545e3a97c1f7c239b9
qualcomm-linux/meta-qcom-robotics-sdk	36061146634	1	107841817804	build-pr / iq-9075-evk/qcom-robotics-distro-catchall_full_linux-qcom-next	foundri-prd-u2404-x64-od-eph-i-0388aeb5c2b31cc92	ip-10-185-113-126	2026-09-24T21:30:32.0925794Z	A		/downloads/setuptools_rust-1.13.0.tar.gz_bad-checksum_0b47c975b4dcb093df1ab689ed8ad03c3078211adfab2f3dc8729bea45f4ecc1	/efsx	/efsx/qli/meta-qcom-robotics-sdk/downloads/setuptools_rust-1.13.0.tar.gz_bad-checksum_0b47c975b4dcb093df1ab689ed8ad03c3078211adfab2f3dc8729bea45f4ecc1
qualcomm-linux/meta-qcom-robotics-sdk	36061146634	1	107841817804	build-pr / iq-9075-evk/qcom-robotics-distro-catchall_full_linux-qcom-next	foundri-prd-u2404-x64-od-eph-i-0388aeb5c2b31cc92	ip-10-185-113-126	2026-09-24T21:30:32.0926477Z	A		/downloads/endian-type-0.1.2.crate_bad-checksum_5accc8db88f1d0e88bb51d47a3c4fa06bde96bb69be77ef0e12a364745f1c744	/efsx	/efsx/qli/meta-qcom-robotics-sdk/downloads/endian-type-0.1.2.crate_bad-checksum_5accc8db88f1d0e88bb51d47a3c4fa06bde96bb69be77ef0e12a364745f1c744
qualcomm-linux/meta-qcom-robotics-sdk	36061146634	1	107841817804	build-pr / iq-9075-evk/qcom-robotics-distro-catchall_full_linux-qcom-next	foundri-prd-u2404-x64-od-eph-i-0388aeb5c2b31cc92	ip-10-185-113-126	2026-09-24T21:30:32.0927317Z	A		/downloads/glam-0.27.0.crate_bad-checksum_02598891d0107f351d1b52116b02804e3f66efacf20ea2d455a4518bfd8ef3b3	/efsx	/efsx/qli/meta-qcom-robotics-sdk/downloads/glam-0.27.0.crate_bad-checksum_02598891d0107f351d1b52116b02804e3f66efacf20ea2d455a4518bfd8ef3b3
qualcomm-linux/meta-qcom-robotics-sdk	36061146634	1	107841817804	build-pr / iq-9075-evk/qcom-robotics-distro-catchall_full_linux-qcom-next	foundri-prd-u2404-x64-od-eph-i-0388aeb5c2b31cc92	ip-10-185-113-126	2026-09-24T21:30:32.0927941Z	A		/downloads/jinja2-3.1.6.tar.gz_bad-checksum_e8cf3321ee743892208bda63b6e976b4b9d65114e926934b62968e0cae8460fb	/efsx	/efsx/qli/meta-qcom-robotics-sdk/downloads/jinja2-3.1.6.tar.gz_bad-checksum_e8cf3321ee743892208bda63b6e976b4b9d65114e926934b62968e0cae8460fb
qualcomm-linux/meta-qcom-robotics-sdk	36061146634	1	107841817804	build-pr / iq-9075-evk/qcom-robotics-distro-catchall_full_linux-qcom-next	foundri-prd-u2404-x64-od-eph-i-0388aeb5c2b31cc92	ip-10-185-113-126	2026-09-24T21:30:32.0928641Z	A		/downloads/github.com.anchore.go-struct-converter@v0.1.0.zip_bad-checksum_0de3d097a8c9be4692b5838fe98f8363f2d7208802b316c38dceb25ab1276275	/efsx	/efsx/qli/meta-qcom-robotics-sdk/downloads/github.com.anchore.go-struct-converter@v0.1.0.zip_bad-checksum_0de3d097a8c9be4692b5838fe98f8363f2d7208802b316c38dceb25ab1276275
qualcomm-linux/meta-qcom-robotics-sdk	36061146634	1	107841817804	build-pr / iq-9075-evk/qcom-robotics-distro-catchall_full_linux-qcom-next	foundri-prd-u2404-x64-od-eph-i-0388aeb5c2b31cc92	ip-10-185-113-126	2026-09-24T21:30:53.8789381Z	A			/efsx	+ rsync -a --stats --ignore-existing --exclude git2/ --exclude '*.lock' --exclude '*.tmp' --exclude '*_bad-checksum_*' /efs/qli/meta-qcom-robotics-sdk/downloads/ /efsx/qli/meta-qcom-robotics-sdk/downloads/
qualcomm-linux/meta-qcom-robotics-sdk	36077448871	1	107892932291	build-pr / iq-9075-evk/qcom-robotics-distro-catchall_base_linux-qcom-next	foundri-prd-u2404-x64-od-eph-i-019db03950d3340c0	ip-10-185-127-235	2026-09-25T04:52:54.6521764Z	B	nativesdk-glibc-2.44+git-r0:do_unpack	git2/sourceware.org.git.glibc.git;	/efsx	ERROR: nativesdk-glibc-2.44+git-r0 do_unpack: Bitbake Fetcher Error: UnpackError('No up to date source found: clone directory not available or not up to date: /work/build/tmp/git2/sourceware.org.git.glibc.git; shallow clone not enabled', 'git://sourceware.org/git/glibc.git;protocol=https;branch=release/2.44/master;name=glibc')
qualcomm-linux/meta-qcom-robotics-sdk	36077448871	1	107892932291	build-pr / iq-9075-evk/qcom-robotics-distro-catchall_base_linux-qcom-next	foundri-prd-u2404-x64-od-eph-i-019db03950d3340c0	ip-10-185-127-235	2026-09-25T04:52:54.6521764Z	B	nativesdk-glibc-2.44+git-r0:do_unpack	git2/sourceware.org.git.glibc.git;	/efsx	ERROR: nativesdk-glibc-2.44+git-r0 do_unpack: Bitbake Fetcher Error: UnpackError('No up to date source found: clone directory not available or not up to date: /work/build/tmp/git2/sourceware.org.git.glibc.git; shallow clone not enabled', 'git://sourceware.org/git/glibc.git;protocol=https;branch=release/2.44/master;name=glibc')
qualcomm-linux/meta-qcom-robotics-sdk	36077448871	1	107892932259	build-pr / iq-8275-evk/qcom-robotics-distro-catchall_base_linux-qcom-next	foundri-prd-u2404-x64-od-eph-i-0de822578e5e67e7a	ip-10-185-114-44	2026-09-25T04:54:04.8626646Z	B	nativesdk-glibc-2.44+git-r0:do_unpack	git2/sourceware.org.git.glibc.git;	/efsx	ERROR: nativesdk-glibc-2.44+git-r0 do_unpack: Bitbake Fetcher Error: UnpackError('No up to date source found: clone directory not available or not up to date: /work/build/tmp/git2/sourceware.org.git.glibc.git; shallow clone not enabled', 'git://sourceware.org/git/glibc.git;protocol=https;branch=release/2.44/master;name=glibc')
