28489081437	stales.yml	schedule	main	2026-07-01T02:20:55Z	success	1	8e77eb1177	
28490134427	commit-lint.yml	pull_request	auto-update-meta-qcom-commit-28413748120	2026-07-01T02:51:23Z	success	1	5bee9d79f0	
28490134440	repolinter.yml	pull_request	auto-update-meta-qcom-commit-28413748120	2026-07-01T02:51:23Z	skipped	1	5bee9d79f0	
28490134527	pr.yml	pull_request	auto-update-meta-qcom-commit-28413748120	2026-07-01T02:51:23Z	failure	1	5bee9d79f0	
28490134552	test-pr.yml	pull_request	auto-update-meta-qcom-commit-28413748120	2026-07-01T02:51:23Z	skipped	1	5bee9d79f0	
28490134938	qcom-preflight-checks.yml	pull_request	auto-update-meta-qcom-commit-28413748120	2026-07-01T02:51:24Z	success	1	5bee9d79f0	
28490455183	test-pr.yml	workflow_run	main	2026-07-01T03:00:42Z	skipped	1	8e77eb1177	
28491559649	repolinter.yml	pull_request	auto-update-meta-qcom-commit-28413748120	2026-07-01T03:31:54Z	skipped	1	46578002bc	
28491559670	commit-lint.yml	pull_request	auto-update-meta-qcom-commit-28413748120	2026-07-01T03:31:54Z	success	1	46578002bc	
28491559826	test-pr.yml	pull_request	auto-update-meta-qcom-commit-28413748120	2026-07-01T03:31:54Z	skipped	1	46578002bc	
28491559853	pr.yml	pull_request	auto-update-meta-qcom-commit-28413748120	2026-07-01T03:31:54Z	failure	1	46578002bc	
28491560238	qcom-preflight-checks.yml	pull_request	auto-update-meta-qcom-commit-28413748120	2026-07-01T03:31:55Z	success	1	46578002bc	
28494174850	test-pr.yml	workflow_run	main	2026-07-01T04:46:08Z	skipped	1	8e77eb1177	
28502023937	repolinter.yml	pull_request	rdepends-fix	2026-07-01T07:47:08Z	skipped	1	2610fa1c04	
28502023985	commit-lint.yml	pull_request	rdepends-fix	2026-07-01T07:47:08Z	failure	1	2610fa1c04	
28502024214	test-pr.yml	pull_request	rdepends-fix	2026-07-01T07:47:08Z	skipped	1	2610fa1c04	
28502024233	pr.yml	pull_request	rdepends-fix	2026-07-01T07:47:08Z	cancelled	1	2610fa1c04	
28502025167	qcom-preflight-checks.yml	pull_request	rdepends-fix	2026-07-01T07:47:09Z	success	1	2610fa1c04	
28502095787	commit-lint.yml	pull_request	rdepends-fix	2026-07-01T07:48:32Z	success	1	ce9f622f03	
28502095979	repolinter.yml	pull_request	rdepends-fix	2026-07-01T07:48:33Z	skipped	1	ce9f622f03	
28502096270	pr.yml	pull_request	rdepends-fix	2026-07-01T07:48:33Z	success	1	ce9f622f03	
28502096468	test-pr.yml	pull_request	rdepends-fix	2026-07-01T07:48:33Z	skipped	1	ce9f622f03	
28502096810	qcom-preflight-checks.yml	pull_request	rdepends-fix	2026-07-01T07:48:34Z	success	1	ce9f622f03	
28502102004	test-pr.yml	workflow_run	main	2026-07-01T07:48:39Z	skipped	1	8e77eb1177	
28512834752	nightly-build.yml	schedule	main	2026-07-01T11:02:50Z	success	1	8e77eb1177	
28514169003	commit-lint.yml	pull_request	auto-update-meta-qcom-commit-28413748120	2026-07-01T11:27:36Z	success	1	e3d0f4ace6	
28514169011	repolinter.yml	pull_request	auto-update-meta-qcom-commit-28413748120	2026-07-01T11:27:36Z	skipped	1	e3d0f4ace6	
28514169186	pr.yml	pull_request	auto-update-meta-qcom-commit-28413748120	2026-07-01T11:27:37Z	failure	1	e3d0f4ace6	
28514169188	test-pr.yml	pull_request	auto-update-meta-qcom-commit-28413748120	2026-07-01T11:27:37Z	skipped	1	e3d0f4ace6	
28514169876	qcom-preflight-checks.yml	pull_request	auto-update-meta-qcom-commit-28413748120	2026-07-01T11:27:37Z	success	1	e3d0f4ace6	
28515661801	test-pr.yml	workflow_run	main	2026-07-01T11:55:33Z	skipped	1	8e77eb1177	
28515930128	commit-lint.yml	pull_request	auto-update-meta-qcom-commit-28413748120	2026-07-01T12:00:28Z	success	1	4faf4f646c	
28515930277	repolinter.yml	pull_request	auto-update-meta-qcom-commit-28413748120	2026-07-01T12:00:28Z	skipped	1	4faf4f646c	
28515930544	test-pr.yml	pull_request	auto-update-meta-qcom-commit-28413748120	2026-07-01T12:00:28Z	skipped	1	4faf4f646c	
28515930577	pr.yml	pull_request	auto-update-meta-qcom-commit-28413748120	2026-07-01T12:00:28Z	failure	1	4faf4f646c	
28515931380	qcom-preflight-checks.yml	pull_request	auto-update-meta-qcom-commit-28413748120	2026-07-01T12:00:29Z	success	1	4faf4f646c	
28517217709	test-pr.yml	workflow_run	main	2026-07-01T12:23:25Z	skipped	1	8e77eb1177	
28519321448	commit-lint.yml	pull_request	auto-update-meta-qcom-commit-28413748120	2026-07-01T12:59:47Z	success	1	bdf7f47809	
28519321449	repolinter.yml	pull_request	auto-update-meta-qcom-commit-28413748120	2026-07-01T12:59:47Z	skipped	1	bdf7f47809	
28519321618	pr.yml	pull_request	auto-update-meta-qcom-commit-28413748120	2026-07-01T12:59:48Z	failure	1	bdf7f47809	
28519321697	test-pr.yml	pull_request	auto-update-meta-qcom-commit-28413748120	2026-07-01T12:59:48Z	skipped	1	bdf7f47809	
28519322780	qcom-preflight-checks.yml	pull_request	auto-update-meta-qcom-commit-28413748120	2026-07-01T12:59:49Z	success	1	bdf7f47809	
28519326765	nightly-build-wrynose.yml	schedule	main	2026-07-01T12:59:53Z	success	1	8e77eb1177	
28519331569	nightly-build.yml	workflow_dispatch	wrynose	2026-07-01T12:59:58Z	failure	1	b6b5a5e489	
28520104520	commit-lint.yml	pull_request	chore/update-meta-ros-wrynose-c671acf8	2026-07-01T13:12:19Z	failure	1	dd8def9a6a	
28520104558	repolinter.yml	pull_request	chore/update-meta-ros-wrynose-c671acf8	2026-07-01T13:12:19Z	success	1	dd8def9a6a	
28520104665	commit-lint.yml	pull_request	chore/update-meta-ros-main-7c0bded4	2026-07-01T13:12:19Z	failure	1	1266812c4c	
28520104677	repolinter.yml	pull_request	chore/update-meta-ros-main-7c0bded4	2026-07-01T13:12:19Z	skipped	1	1266812c4c	
28520104805	pr.yml	pull_request	chore/update-meta-ros-wrynose-c671acf8	2026-07-01T13:12:19Z	failure	1	dd8def9a6a	
28520104863	test-pr.yml	pull_request	chore/update-meta-ros-main-7c0bded4	2026-07-01T13:12:19Z	skipped	1	1266812c4c	
28520104954	pr.yml	pull_request	chore/update-meta-ros-main-7c0bded4	2026-07-01T13:12:19Z	success	1	1266812c4c	
28520105033	test-pr.yml	pull_request	chore/update-meta-ros-wrynose-c671acf8	2026-07-01T13:12:19Z	skipped	1	dd8def9a6a	
28520105593	qcom-preflight-checks.yml	pull_request	chore/update-meta-ros-main-7c0bded4	2026-07-01T13:12:20Z	success	1	1266812c4c	
28520106069	qcom-preflight-checks.yml	pull_request	chore/update-meta-ros-wrynose-c671acf8	2026-07-01T13:12:21Z	success	1	dd8def9a6a	
28520678607	test-pr.yml	workflow_run	main	2026-07-01T13:21:21Z	skipped	1	8e77eb1177	
28531530337	test-pr.yml	workflow_run	main	2026-07-01T16:13:24Z	skipped	1	8e77eb1177	
28532747724	test-pr.yml	workflow_run	main	2026-07-01T16:34:44Z	success	1	8e77eb1177	
28533593404	test-pr.yml	workflow_run	main	2026-07-01T16:49:42Z	success	1	8e77eb1177	
28559051535	repolinter.yml	pull_request	chore/update-meta-ros-wrynose-c671acf8	2026-07-02T01:29:24Z	success	1	2f5ece4b8c	
28559051549	commit-lint.yml	pull_request	chore/update-meta-ros-wrynose-c671acf8	2026-07-02T01:29:24Z	failure	1	2f5ece4b8c	
28559051609	pr.yml	pull_request	chore/update-meta-ros-wrynose-c671acf8	2026-07-02T01:29:24Z	cancelled	1	2f5ece4b8c	
28559051612	test-pr.yml	pull_request	chore/update-meta-ros-wrynose-c671acf8	2026-07-02T01:29:24Z	skipped	1	2f5ece4b8c	
28559051902	qcom-preflight-checks.yml	pull_request	chore/update-meta-ros-wrynose-c671acf8	2026-07-02T01:29:25Z	success	1	2f5ece4b8c	
28559148698	repolinter.yml	pull_request	chore/update-meta-ros-wrynose-c671acf8	2026-07-02T01:32:06Z	success	1	76b6b4cd20	
28559148703	commit-lint.yml	pull_request	chore/update-meta-ros-wrynose-c671acf8	2026-07-02T01:32:06Z	failure	1	76b6b4cd20	
28559148779	test-pr.yml	pull_request	chore/update-meta-ros-wrynose-c671acf8	2026-07-02T01:32:06Z	skipped	1	76b6b4cd20	
28559148782	pr.yml	pull_request	chore/update-meta-ros-wrynose-c671acf8	2026-07-02T01:32:06Z	success	1	76b6b4cd20	
28559149243	qcom-preflight-checks.yml	pull_request	chore/update-meta-ros-wrynose-c671acf8	2026-07-02T01:32:07Z	success	1	76b6b4cd20	
28559156132	test-pr.yml	workflow_run	main	2026-07-02T01:32:19Z	skipped	1	8e77eb1177	
28559303099	repolinter.yml	pull_request	chore/update-meta-ros-main-7c0bded4	2026-07-02T01:36:34Z	skipped	1	044318ebef	
28559303125	commit-lint.yml	pull_request	chore/update-meta-ros-main-7c0bded4	2026-07-02T01:36:34Z	success	1	044318ebef	
28559303217	test-pr.yml	pull_request	chore/update-meta-ros-main-7c0bded4	2026-07-02T01:36:35Z	skipped	1	044318ebef	
28559303224	pr.yml	pull_request	chore/update-meta-ros-main-7c0bded4	2026-07-02T01:36:35Z	success	1	044318ebef	
28559303606	qcom-preflight-checks.yml	pull_request	chore/update-meta-ros-main-7c0bded4	2026-07-02T01:36:35Z	success	1	044318ebef	
28560842941	stales.yml	schedule	main	2026-07-02T02:20:44Z	success	1	8e77eb1177	
28561074172	commit-lint.yml	pull_request	auto-update-meta-qcom-commit-28413748120	2026-07-02T02:27:25Z	success	1	b10532c4e4	
28561074178	repolinter.yml	pull_request	auto-update-meta-qcom-commit-28413748120	2026-07-02T02:27:25Z	skipped	1	b10532c4e4	
28561074276	test-pr.yml	pull_request	auto-update-meta-qcom-commit-28413748120	2026-07-02T02:27:25Z	skipped	1	b10532c4e4	
28561074326	pr.yml	pull_request	auto-update-meta-qcom-commit-28413748120	2026-07-02T02:27:25Z	failure	1	b10532c4e4	
28561074710	qcom-preflight-checks.yml	pull_request	auto-update-meta-qcom-commit-28413748120	2026-07-02T02:27:25Z	success	1	b10532c4e4	
28563922153	test-pr.yml	workflow_run	main	2026-07-02T03:47:26Z	success	1	8e77eb1177	
28568410185	test-pr.yml	workflow_run	main	2026-07-02T05:47:08Z	skipped	1	8e77eb1177	
28572423638	test-pr.yml	workflow_run	main	2026-07-02T07:15:25Z	failure	1	8e77eb1177	
28572619178	repolinter.yml	pull_request	chore/update-meta-ros-wrynose-c671acf8	2026-07-02T07:19:02Z	success	1	b353b3996a	
28572619238	commit-lint.yml	pull_request	chore/update-meta-ros-wrynose-c671acf8	2026-07-02T07:19:02Z	success	1	b353b3996a	
28572619507	pr.yml	pull_request	chore/update-meta-ros-wrynose-c671acf8	2026-07-02T07:19:03Z	success	1	b353b3996a	
28572619516	test-pr.yml	pull_request	chore/update-meta-ros-wrynose-c671acf8	2026-07-02T07:19:03Z	skipped	1	b353b3996a	
28572620304	qcom-preflight-checks.yml	pull_request	chore/update-meta-ros-wrynose-c671acf8	2026-07-02T07:19:04Z	success	1	b353b3996a	
28578459795	commit-lint.yml	pull_request	auto-update-meta-qcom-commit-28413748120	2026-07-02T09:05:16Z	success	1	98dd2fee90	
28578459964	repolinter.yml	pull_request	auto-update-meta-qcom-commit-28413748120	2026-07-02T09:05:16Z	skipped	1	98dd2fee90	
28578460285	pr.yml	pull_request	auto-update-meta-qcom-commit-28413748120	2026-07-02T09:05:16Z	cancelled	2	98dd2fee90	
28578460439	test-pr.yml	pull_request	auto-update-meta-qcom-commit-28413748120	2026-07-02T09:05:16Z	skipped	1	98dd2fee90	
28578461596	qcom-preflight-checks.yml	pull_request	auto-update-meta-qcom-commit-28413748120	2026-07-02T09:05:17Z	success	1	98dd2fee90	
28579877929	test-pr.yml	workflow_run	main	2026-07-02T09:29:37Z	failure	1	8e77eb1177	
28580065538	test-pr.yml	workflow_run	main	2026-07-02T09:32:39Z	skipped	1	8e77eb1177	
28581061900	repolinter.yml	pull_request	auto-update-meta-qcom-commit-28413748120	2026-07-02T09:49:41Z	skipped	1	a3e2ffd1ff	
28581061909	commit-lint.yml	pull_request	auto-update-meta-qcom-commit-28413748120	2026-07-02T09:49:41Z	success	1	a3e2ffd1ff	
28581062223	test-pr.yml	pull_request	auto-update-meta-qcom-commit-28413748120	2026-07-02T09:49:41Z	skipped	1	a3e2ffd1ff	
28581062233	pr.yml	pull_request	auto-update-meta-qcom-commit-28413748120	2026-07-02T09:49:41Z	failure	1	a3e2ffd1ff	
28581062857	qcom-preflight-checks.yml	pull_request	auto-update-meta-qcom-commit-28413748120	2026-07-02T09:49:42Z	success	1	a3e2ffd1ff	
28584569849	nightly-build.yml	schedule	main	2026-07-02T10:52:41Z	success	1	8e77eb1177	
28589615502	commit-lint.yml	pull_request	chore/update-meta-ros-wrynose-dbb05e0b	2026-07-02T12:22:12Z	failure	1	e3c4f520bc	
28589615575	repolinter.yml	pull_request	chore/update-meta-ros-wrynose-dbb05e0b	2026-07-02T12:22:12Z	success	1	e3c4f520bc	
28589615752	pr.yml	pull_request	chore/update-meta-ros-wrynose-dbb05e0b	2026-07-02T12:22:12Z	success	1	e3c4f520bc	
28589615774	test-pr.yml	pull_request	chore/update-meta-ros-wrynose-dbb05e0b	2026-07-02T12:22:12Z	skipped	1	e3c4f520bc	
28589617936	qcom-preflight-checks.yml	pull_request	chore/update-meta-ros-wrynose-dbb05e0b	2026-07-02T12:22:15Z	success	1	e3c4f520bc	
28589623633	test-pr.yml	workflow_run	main	2026-07-02T12:22:20Z	skipped	1	8e77eb1177	
28590776158	nightly-build-wrynose.yml	schedule	main	2026-07-02T12:41:25Z	success	1	8e77eb1177	
28590783376	nightly-build.yml	workflow_dispatch	wrynose	2026-07-02T12:41:32Z	success	1	b6b5a5e489	
28593178525	commit-lint.yml	pull_request	rdepends-fix	2026-07-02T13:19:18Z	failure	1	a049219572	
28593178552	repolinter.yml	pull_request	rdepends-fix	2026-07-02T13:19:18Z	skipped	1	a049219572	
28593178883	pr.yml	pull_request	rdepends-fix	2026-07-02T13:19:18Z	success	1	a049219572	
28593179070	test-pr.yml	pull_request	rdepends-fix	2026-07-02T13:19:19Z	skipped	1	a049219572	
28593179912	qcom-preflight-checks.yml	pull_request	rdepends-fix	2026-07-02T13:19:19Z	success	1	a049219572	
28597822323	test-pr.yml	workflow_run	main	2026-07-02T14:28:25Z	failure	1	8e77eb1177	
28602169869	test-pr.yml	workflow_run	main	2026-07-02T15:33:23Z	success	1	8e77eb1177	
28632421852	backport.yml	pull_request_target	chore/update-meta-ros-wrynose-dbb05e0b	2026-07-03T01:29:16Z	skipped	1	e3c4f520bc	
28633142401	repolinter.yml	push	main	2026-07-03T01:50:10Z	skipped	1	11a81196f7	
28633142466	backport.yml	pull_request_target	update-readme	2026-07-03T01:50:10Z	success	1	f9d7d79e79	
28633142550	push.yml	push	main	2026-07-03T01:50:10Z	success	1	11a81196f7	
28633142885	qcom-preflight-checks.yml	push	main	2026-07-03T01:50:11Z	success	1	11a81196f7	
28634116173	stales.yml	schedule	main	2026-07-03T02:18:55Z	success	1	11a81196f7	
28634423239	repolinter.yml	pull_request	main	2026-07-03T02:28:14Z	skipped	1	480154613e	
28634423241	commit-lint.yml	pull_request	main	2026-07-03T02:28:14Z	success	1	480154613e	
28634423301	pr.yml	pull_request	main	2026-07-03T02:28:14Z	success	1	480154613e	
28634423376	test-pr.yml	pull_request	main	2026-07-03T02:28:14Z	skipped	1	480154613e	
28634423708	qcom-preflight-checks.yml	pull_request	main	2026-07-03T02:28:15Z	success	1	480154613e	
28634658516	test-pr.yml	workflow_run	main	2026-07-03T02:35:08Z	skipped	1	11a81196f7	
28634702278	repolinter.yml	pull_request	backport/305-to-wrynose	2026-07-03T02:36:28Z	success	1	24d77c5085	
28634702281	commit-lint.yml	pull_request	backport/305-to-wrynose	2026-07-03T02:36:28Z	success	1	24d77c5085	
28634702380	test-pr.yml	pull_request	backport/305-to-wrynose	2026-07-03T02:36:28Z	skipped	1	24d77c5085	
28634702718	qcom-preflight-checks.yml	pull_request	backport/305-to-wrynose	2026-07-03T02:36:29Z	success	1	24d77c5085	
28634762731	repolinter.yml	pull_request	backport/305-to-wrynose	2026-07-03T02:38:23Z	success	1	57520f7f45	
28634762751	commit-lint.yml	pull_request	backport/305-to-wrynose	2026-07-03T02:38:23Z	success	1	57520f7f45	
28634762844	test-pr.yml	pull_request	backport/305-to-wrynose	2026-07-03T02:38:24Z	skipped	1	57520f7f45	
28634763205	qcom-preflight-checks.yml	pull_request	backport/305-to-wrynose	2026-07-03T02:38:24Z	success	1	57520f7f45	
28635708042	backport.yml	pull_request_target	backport/305-to-wrynose	2026-07-03T03:06:29Z	skipped	1	57520f7f45	
28635708161	repolinter.yml	push	wrynose	2026-07-03T03:06:29Z	success	1	ebe2eaac6c	
28635708290	push.yml	push	wrynose	2026-07-03T03:06:29Z	success	1	ebe2eaac6c	
28638927542	test-pr.yml	workflow_run	main	2026-07-03T04:43:03Z	success	1	11a81196f7	
28645193504	backport.yml	pull_request_target	auto-update-meta-qcom-commit-28413748120	2026-07-03T07:22:15Z	skipped	1	a3e2ffd1ff	
28645213471	repolinter.yml	pull_request	auto-update-meta-qcom-commit-28413748120	2026-07-03T07:22:39Z	skipped	1	a3e2ffd1ff	
28645213549	commit-lint.yml	pull_request	auto-update-meta-qcom-commit-28413748120	2026-07-03T07:22:40Z	success	1	a3e2ffd1ff	
28645213671	test-pr.yml	pull_request	auto-update-meta-qcom-commit-28413748120	2026-07-03T07:22:40Z	skipped	1	a3e2ffd1ff	
28645213681	pr.yml	pull_request	auto-update-meta-qcom-commit-28413748120	2026-07-03T07:22:40Z	failure	1	a3e2ffd1ff	
28645214255	qcom-preflight-checks.yml	pull_request	auto-update-meta-qcom-commit-28413748120	2026-07-03T07:22:41Z	success	1	a3e2ffd1ff	
28647597646	test-pr.yml	workflow_run	main	2026-07-03T08:11:51Z	skipped	1	11a81196f7	
28649046146	repolinter.yml	push	main	2026-07-03T08:40:37Z	skipped	1	84f7ff316d	
28649046318	push.yml	push	main	2026-07-03T08:40:38Z	failure	1	84f7ff316d	
28649046319	backport.yml	pull_request_target	chore/update-meta-ros-main-7c0bded4	2026-07-03T08:40:38Z	success	1	044318ebef	
28649046910	qcom-preflight-checks.yml	push	main	2026-07-03T08:40:38Z	success	1	84f7ff316d	
28649190979	backport.yml	pull_request_target	chore/update-meta-ros-wrynose-c671acf8	2026-07-03T08:43:24Z	skipped	1	b353b3996a	
28649191050	repolinter.yml	push	wrynose	2026-07-03T08:43:24Z	success	1	a04f1eb38f	
28649191276	push.yml	push	wrynose	2026-07-03T08:43:24Z	success	1	a04f1eb38f	
28652085224	repolinter.yml	pull_request	auto-update-meta-qcom-commit-28413748120	2026-07-03T09:38:18Z	skipped	1	baba5ba4b8	
28652085229	commit-lint.yml	pull_request	auto-update-meta-qcom-commit-28413748120	2026-07-03T09:38:18Z	success	1	baba5ba4b8	
28652085508	pr.yml	pull_request	auto-update-meta-qcom-commit-28413748120	2026-07-03T09:38:18Z	failure	1	baba5ba4b8	
28652085546	test-pr.yml	pull_request	auto-update-meta-qcom-commit-28413748120	2026-07-03T09:38:18Z	skipped	1	baba5ba4b8	
28652086164	qcom-preflight-checks.yml	pull_request	auto-update-meta-qcom-commit-28413748120	2026-07-03T09:38:19Z	success	1	baba5ba4b8	
28652470401	test-pr.yml	workflow_run	main	2026-07-03T09:45:44Z	skipped	1	84f7ff316d	
28653350356	repolinter.yml	pull_request	auto-update-meta-qcom-commit-28413748120	2026-07-03T10:02:32Z	skipped	1	fbfdfe0ac2	
28653350472	commit-lint.yml	pull_request	auto-update-meta-qcom-commit-28413748120	2026-07-03T10:02:33Z	success	1	fbfdfe0ac2	
28653350602	test-pr.yml	pull_request	auto-update-meta-qcom-commit-28413748120	2026-07-03T10:02:33Z	skipped	1	fbfdfe0ac2	
28653350684	pr.yml	pull_request	auto-update-meta-qcom-commit-28413748120	2026-07-03T10:02:33Z	cancelled	1	fbfdfe0ac2	
28653351326	qcom-preflight-checks.yml	pull_request	auto-update-meta-qcom-commit-28413748120	2026-07-03T10:02:33Z	success	1	fbfdfe0ac2	
28653385213	commit-lint.yml	pull_request	auto-update-meta-qcom-commit-28413748120	2026-07-03T10:03:11Z	success	1	8c2978a45b	
28653385218	repolinter.yml	pull_request	auto-update-meta-qcom-commit-28413748120	2026-07-03T10:03:11Z	skipped	1	8c2978a45b	
28653385406	pr.yml	pull_request	auto-update-meta-qcom-commit-28413748120	2026-07-03T10:03:11Z	failure	1	8c2978a45b	
28653385727	test-pr.yml	pull_request	auto-update-meta-qcom-commit-28413748120	2026-07-03T10:03:11Z	skipped	1	8c2978a45b	
28653386492	qcom-preflight-checks.yml	pull_request	auto-update-meta-qcom-commit-28413748120	2026-07-03T10:03:12Z	success	1	8c2978a45b	
28653389835	test-pr.yml	workflow_run	main	2026-07-03T10:03:16Z	skipped	1	84f7ff316d	
28655800089	nightly-build.yml	schedule	main	2026-07-03T10:51:45Z	success	1	84f7ff316d	
28660190321	repolinter.yml	pull_request	chore/update-meta-ros-wrynose-dbb05e0b	2026-07-03T12:21:06Z	success	1	57ac804e25	
28660190426	commit-lint.yml	pull_request	chore/update-meta-ros-wrynose-dbb05e0b	2026-07-03T12:21:07Z	failure	1	57ac804e25	
28660190492	pr.yml	pull_request	chore/update-meta-ros-wrynose-dbb05e0b	2026-07-03T12:21:07Z	success	1	57ac804e25	
28660190572	test-pr.yml	pull_request	chore/update-meta-ros-wrynose-dbb05e0b	2026-07-03T12:21:07Z	skipped	1	57ac804e25	
28660191112	qcom-preflight-checks.yml	pull_request	chore/update-meta-ros-wrynose-dbb05e0b	2026-07-03T12:21:07Z	success	1	57ac804e25	
28660783369	repolinter.yml	pull_request	rdepends-fix	2026-07-03T12:32:51Z	skipped	1	6aa9881f32	
28660783387	commit-lint.yml	pull_request	rdepends-fix	2026-07-03T12:32:52Z	failure	1	6aa9881f32	
28660783554	pr.yml	pull_request	rdepends-fix	2026-07-03T12:32:52Z	success	1	6aa9881f32	
28660783593	test-pr.yml	pull_request	rdepends-fix	2026-07-03T12:32:52Z	skipped	1	6aa9881f32	
28660784089	qcom-preflight-checks.yml	pull_request	rdepends-fix	2026-07-03T12:32:52Z	success	1	6aa9881f32	
28661169907	nightly-build-wrynose.yml	schedule	main	2026-07-03T12:40:27Z	success	1	84f7ff316d	
28661175897	nightly-build.yml	workflow_dispatch	wrynose	2026-07-03T12:40:34Z	success	1	a04f1eb38f	
28667041471	test-pr.yml	workflow_run	main	2026-07-03T14:32:44Z	failure	1	84f7ff316d	
28672426576	test-pr.yml	workflow_run	main	2026-07-03T16:23:24Z	skipped	1	84f7ff316d	
28673052996	test-pr.yml	workflow_run	main	2026-07-03T16:38:00Z	success	1	84f7ff316d	
28691937810	stales.yml	schedule	main	2026-07-04T02:18:50Z	success	1	84f7ff316d	
28701860624	commit-lint.yml	pull_request	auto-update-meta-qcom-commit-28413748120	2026-07-04T09:24:52Z	success	1	13a6ff5f8e	
28701860628	repolinter.yml	pull_request	auto-update-meta-qcom-commit-28413748120	2026-07-04T09:24:52Z	skipped	1	13a6ff5f8e	
28701860713	test-pr.yml	pull_request	auto-update-meta-qcom-commit-28413748120	2026-07-04T09:24:52Z	skipped	1	13a6ff5f8e	
28701860727	pr.yml	pull_request	auto-update-meta-qcom-commit-28413748120	2026-07-04T09:24:52Z	cancelled	1	13a6ff5f8e	
28701860980	qcom-preflight-checks.yml	pull_request	auto-update-meta-qcom-commit-28413748120	2026-07-04T09:24:53Z	success	1	13a6ff5f8e	
28701884487	repolinter.yml	pull_request	auto-update-meta-qcom-commit-28413748120	2026-07-04T09:25:54Z	skipped	1	ccfe0fae60	
28701884492	commit-lint.yml	pull_request	auto-update-meta-qcom-commit-28413748120	2026-07-04T09:25:54Z	success	1	ccfe0fae60	
28701884542	pr.yml	pull_request	auto-update-meta-qcom-commit-28413748120	2026-07-04T09:25:54Z	cancelled	1	ccfe0fae60	
28701884590	test-pr.yml	pull_request	auto-update-meta-qcom-commit-28413748120	2026-07-04T09:25:54Z	skipped	1	ccfe0fae60	
28701884884	qcom-preflight-checks.yml	pull_request	auto-update-meta-qcom-commit-28413748120	2026-07-04T09:25:54Z	success	1	ccfe0fae60	
28701886359	test-pr.yml	workflow_run	main	2026-07-04T09:25:58Z	skipped	1	84f7ff316d	
28701897870	repolinter.yml	pull_request	auto-update-meta-qcom-commit-28413748120	2026-07-04T09:26:26Z	skipped	1	8ca563b47b	
28701897879	commit-lint.yml	pull_request	auto-update-meta-qcom-commit-28413748120	2026-07-04T09:26:26Z	success	1	8ca563b47b	
28701897916	pr.yml	pull_request	auto-update-meta-qcom-commit-28413748120	2026-07-04T09:26:26Z	failure	1	8ca563b47b	
28701897922	test-pr.yml	pull_request	auto-update-meta-qcom-commit-28413748120	2026-07-04T09:26:26Z	skipped	1	8ca563b47b	
28701898147	qcom-preflight-checks.yml	pull_request	auto-update-meta-qcom-commit-28413748120	2026-07-04T09:26:27Z	success	1	8ca563b47b	
28701899357	test-pr.yml	workflow_run	main	2026-07-04T09:26:30Z	skipped	1	84f7ff316d	
28703094516	test-pr.yml	workflow_run	main	2026-07-04T10:17:59Z	skipped	1	84f7ff316d	
28703541284	nightly-build.yml	schedule	main	2026-07-04T10:37:27Z	success	1	84f7ff316d	
28706173118	nightly-build-wrynose.yml	schedule	main	2026-07-04T12:26:54Z	success	1	84f7ff316d	
28706175326	nightly-build.yml	workflow_dispatch	wrynose	2026-07-04T12:27:00Z	success	1	a04f1eb38f	
28713280375	repolinter.yml	pull_request	rdepends-fix	2026-07-04T16:59:25Z	skipped	1	ae304aeee4	
28713280376	commit-lint.yml	pull_request	rdepends-fix	2026-07-04T16:59:25Z	success	1	ae304aeee4	
28713280437	pr.yml	pull_request	rdepends-fix	2026-07-04T16:59:25Z	success	1	ae304aeee4	
28713280482	test-pr.yml	pull_request	rdepends-fix	2026-07-04T16:59:25Z	skipped	1	ae304aeee4	
28713280678	qcom-preflight-checks.yml	pull_request	rdepends-fix	2026-07-04T16:59:26Z	success	1	ae304aeee4	
28716754671	test-pr.yml	workflow_run	main	2026-07-04T19:11:33Z	success	1	84f7ff316d	
28726776796	stales.yml	schedule	main	2026-07-05T02:18:54Z	success	1	84f7ff316d	
28730702987	commit-lint.yml	pull_request	auto-update-meta-qcom-commit-28413748120	2026-07-05T05:28:13Z	success	1	046411c4d4	
28730702988	repolinter.yml	pull_request	auto-update-meta-qcom-commit-28413748120	2026-07-05T05:28:13Z	skipped	1	046411c4d4	
28730703049	pr.yml	pull_request	auto-update-meta-qcom-commit-28413748120	2026-07-05T05:28:13Z	success	1	046411c4d4	
28730703056	test-pr.yml	pull_request	auto-update-meta-qcom-commit-28413748120	2026-07-05T05:28:13Z	skipped	1	046411c4d4	
28730703282	qcom-preflight-checks.yml	pull_request	auto-update-meta-qcom-commit-28413748120	2026-07-05T05:28:14Z	success	1	046411c4d4	
28735658527	test-pr.yml	workflow_run	main	2026-07-05T09:04:13Z	success	1	84f7ff316d	
28738077853	nightly-build.yml	schedule	main	2026-07-05T10:42:28Z	failure	1	84f7ff316d	
28738663541	monthly.yml	schedule	main	2026-07-05T11:05:49Z	success	1	84f7ff316d	
28740833100	nightly-build-wrynose.yml	schedule	main	2026-07-05T12:30:39Z	success	1	84f7ff316d	
28740835333	nightly-build.yml	workflow_dispatch	wrynose	2026-07-05T12:30:43Z	success	1	a04f1eb38f	
28762722444	backport.yml	pull_request_target	chore/update-meta-ros-wrynose-dbb05e0b	2026-07-06T01:49:40Z	skipped	1	57ac804e25	
28763650072	stales.yml	schedule	main	2026-07-06T02:19:17Z	success	1	84f7ff316d	
28782061958	commit-lint.yml	pull_request	auto-update-meta-qcom-commit-28413748120	2026-07-06T09:35:02Z	success	1	99a13f529f	
28782061969	repolinter.yml	pull_request	auto-update-meta-qcom-commit-28413748120	2026-07-06T09:35:02Z	skipped	1	99a13f529f	
28782062808	test-pr.yml	pull_request	auto-update-meta-qcom-commit-28413748120	2026-07-06T09:35:02Z	skipped	1	99a13f529f	
28782062870	pr.yml	pull_request	auto-update-meta-qcom-commit-28413748120	2026-07-06T09:35:02Z	success	1	99a13f529f	
28782064146	qcom-preflight-checks.yml	pull_request	auto-update-meta-qcom-commit-28413748120	2026-07-06T09:35:04Z	success	1	99a13f529f	
28782418707	backport.yml	pull_request_target	auto-update-meta-qcom-commit-28271511408	2026-07-06T09:41:28Z	skipped	1	195ae3a9cd	
28782481396	commit-lint.yml	pull_request	auto-update-meta-qcom-commit-28688115050	2026-07-06T09:42:37Z	success	1	e1e1f1d8de	
28782481456	repolinter.yml	pull_request	auto-update-meta-qcom-commit-28688115050	2026-07-06T09:42:37Z	success	1	e1e1f1d8de	
28782481665	pr.yml	pull_request	auto-update-meta-qcom-commit-28688115050	2026-07-06T09:42:37Z	failure	1	e1e1f1d8de	
28782481705	test-pr.yml	pull_request	auto-update-meta-qcom-commit-28688115050	2026-07-06T09:42:37Z	skipped	1	e1e1f1d8de	
28782482267	qcom-preflight-checks.yml	pull_request	auto-update-meta-qcom-commit-28688115050	2026-07-06T09:42:38Z	success	1	e1e1f1d8de	
28783037013	test-pr.yml	workflow_run	main	2026-07-06T09:52:35Z	skipped	1	84f7ff316d	
28788307427	nightly-build.yml	schedule	main	2026-07-06T11:30:00Z	failure	1	84f7ff316d	
28788917095	test-pr.yml	workflow_run	main	2026-07-06T11:41:24Z	failure	1	84f7ff316d	
28790386789	repolinter.yml	pull_request	auto-update-meta-qcom-commit-28688115050	2026-07-06T12:08:27Z	success	1	71a9d00f18	
28790386986	commit-lint.yml	pull_request	auto-update-meta-qcom-commit-28688115050	2026-07-06T12:08:27Z	success	1	71a9d00f18	
28790387004	test-pr.yml	pull_request	auto-update-meta-qcom-commit-28688115050	2026-07-06T12:08:27Z	skipped	1	71a9d00f18	
28790387079	pr.yml	pull_request	auto-update-meta-qcom-commit-28688115050	2026-07-06T12:08:27Z	failure	3	71a9d00f18	
28790387794	qcom-preflight-checks.yml	pull_request	auto-update-meta-qcom-commit-28688115050	2026-07-06T12:08:28Z	success	1	71a9d00f18	
28790948335	test-pr.yml	workflow_run	main	2026-07-06T12:18:30Z	skipped	1	84f7ff316d	
28791282623	test-pr.yml	workflow_run	main	2026-07-06T12:24:23Z	skipped	1	84f7ff316d	
28794419290	nightly-build-wrynose.yml	schedule	main	2026-07-06T13:17:27Z	success	1	84f7ff316d	
28794426121	nightly-build.yml	workflow_dispatch	wrynose	2026-07-06T13:17:34Z	failure	1	a04f1eb38f	
28836109940	test-pr.yml	workflow_run	main	2026-07-07T01:58:35Z	skipped	1	84f7ff316d	
28836347433	backport.yml	pull_request_target	auto-update-meta-qcom-commit-28688115050	2026-07-07T02:04:36Z	skipped	1	71a9d00f18	
28836354416	repolinter.yml	pull_request	auto-update-meta-qcom-commit-28688115050	2026-07-07T02:04:47Z	success	1	71a9d00f18	
28836354419	commit-lint.yml	pull_request	auto-update-meta-qcom-commit-28688115050	2026-07-07T02:04:47Z	success	1	71a9d00f18	
28836354527	pr.yml	pull_request	auto-update-meta-qcom-commit-28688115050	2026-07-07T02:04:47Z	failure	1	71a9d00f18	
28836354535	test-pr.yml	pull_request	auto-update-meta-qcom-commit-28688115050	2026-07-07T02:04:47Z	skipped	1	71a9d00f18	
28836355105	qcom-preflight-checks.yml	pull_request	auto-update-meta-qcom-commit-28688115050	2026-07-07T02:04:48Z	success	1	71a9d00f18	
28836602787	test-pr.yml	workflow_run	main	2026-07-07T02:11:40Z	skipped	1	84f7ff316d	
28836880875	stales.yml	schedule	main	2026-07-07T02:19:21Z	success	1	84f7ff316d	
28837755863	backport.yml	pull_request_target	auto-update-meta-qcom-commit-28688115050	2026-07-07T02:43:43Z	skipped	1	71a9d00f18	
28837768337	backport.yml	pull_request_target	auto-update-meta-qcom-commit-28413748120	2026-07-07T02:44:04Z	skipped	1	99a13f529f	
28837862021	repolinter.yml	pull_request	auto-update-meta-qcom-commit-28688115050	2026-07-07T02:46:43Z	success	1	71a9d00f18	
28837862046	commit-lint.yml	pull_request	auto-update-meta-qcom-commit-28688115050	2026-07-07T02:46:43Z	success	1	71a9d00f18	
28837862133	test-pr.yml	pull_request	auto-update-meta-qcom-commit-28688115050	2026-07-07T02:46:43Z	skipped	1	71a9d00f18	
28837862155	pr.yml	pull_request	auto-update-meta-qcom-commit-28688115050	2026-07-07T02:46:43Z	cancelled	1	71a9d00f18	
28837862571	qcom-preflight-checks.yml	pull_request	auto-update-meta-qcom-commit-28688115050	2026-07-07T02:46:43Z	success	1	71a9d00f18	
28837945226	repolinter.yml	pull_request	auto-update-meta-qcom-commit-28688115050	2026-07-07T02:49:05Z	success	1	37f79fd61f	
28837945228	commit-lint.yml	pull_request	auto-update-meta-qcom-commit-28688115050	2026-07-07T02:49:05Z	success	1	37f79fd61f	
28837945343	test-pr.yml	pull_request	auto-update-meta-qcom-commit-28688115050	2026-07-07T02:49:05Z	skipped	1	37f79fd61f	
28837945356	pr.yml	pull_request	auto-update-meta-qcom-commit-28688115050	2026-07-07T02:49:05Z	success	1	37f79fd61f	
28837945766	qcom-preflight-checks.yml	pull_request	auto-update-meta-qcom-commit-28688115050	2026-07-07T02:49:06Z	success	1	37f79fd61f	
28837961310	test-pr.yml	workflow_run	main	2026-07-07T02:49:33Z	skipped	1	84f7ff316d	
28845584042	repolinter.yml	pull_request	rdepends-fix	2026-07-07T06:11:36Z	skipped	1	1c05eb3e0d	
28845584046	commit-lint.yml	pull_request	rdepends-fix	2026-07-07T06:11:36Z	success	1	1c05eb3e0d	
28845584176	pr.yml	pull_request	rdepends-fix	2026-07-07T06:11:36Z	success	1	1c05eb3e0d	
28845584185	test-pr.yml	pull_request	rdepends-fix	2026-07-07T06:11:36Z	skipped	1	1c05eb3e0d	
28845584811	qcom-preflight-checks.yml	pull_request	rdepends-fix	2026-07-07T06:11:37Z	success	1	1c05eb3e0d	
28852290425	test-pr.yml	workflow_run	main	2026-07-07T08:24:39Z	failure	1	84f7ff316d	
28861098488	nightly-build.yml	schedule	main	2026-07-07T10:59:42Z	failure	1	84f7ff316d	
28863418395	test-pr.yml	workflow_run	main	2026-07-07T11:41:15Z	failure	1	84f7ff316d	
28866799159	repolinter.yml	pull_request	chore/update-meta-ros-wrynose-dbb05e0b	2026-07-07T12:39:50Z	success	1	671a16e8b3	
28866799412	pr.yml	pull_request	chore/update-meta-ros-wrynose-dbb05e0b	2026-07-07T12:39:50Z	success	1	671a16e8b3	
28866799441	test-pr.yml	pull_request	chore/update-meta-ros-wrynose-dbb05e0b	2026-07-07T12:39:50Z	skipped	1	671a16e8b3	
28866799455	commit-lint.yml	pull_request	chore/update-meta-ros-wrynose-dbb05e0b	2026-07-07T12:39:50Z	failure	1	671a16e8b3	
28866800297	qcom-preflight-checks.yml	pull_request	chore/update-meta-ros-wrynose-dbb05e0b	2026-07-07T12:39:51Z	success	1	671a16e8b3	
28867493208	nightly-build-wrynose.yml	schedule	main	2026-07-07T12:51:07Z	success	1	84f7ff316d	
28867498351	nightly-build.yml	workflow_dispatch	wrynose	2026-07-07T12:51:12Z	failure	1	a04f1eb38f	
28875634287	test-pr.yml	workflow_run	main	2026-07-07T14:51:37Z	failure	1	84f7ff316d	
28910367222	backport.yml	pull_request_target	chore/update-meta-ros-wrynose-dbb05e0b	2026-07-08T01:17:11Z	skipped	1	671a16e8b3	
28912678061	stales.yml	schedule	main	2026-07-08T02:17:39Z	success	1	84f7ff316d	
28927449952	commit-lint.yml	pull_request	rdepends-fix	2026-07-08T08:05:50Z	success	1	7ec6f32061	
28927449954	repolinter.yml	pull_request	rdepends-fix	2026-07-08T08:05:50Z	skipped	1	7ec6f32061	
28927450105	pr.yml	pull_request	rdepends-fix	2026-07-08T08:05:50Z	success	1	7ec6f32061	
28927450121	test-pr.yml	pull_request	rdepends-fix	2026-07-08T08:05:50Z	skipped	1	7ec6f32061	
28927450931	qcom-preflight-checks.yml	pull_request	rdepends-fix	2026-07-08T08:05:51Z	success	1	7ec6f32061	
28935046246	test-pr.yml	workflow_run	main	2026-07-08T10:15:19Z	failure	1	84f7ff316d	
28936406823	nightly-build.yml	schedule	main	2026-07-08T10:39:58Z	failure	1	84f7ff316d	
28943022346	nightly-build-wrynose.yml	schedule	main	2026-07-08T12:35:58Z	success	1	84f7ff316d	
28943027187	nightly-build.yml	workflow_dispatch	wrynose	2026-07-08T12:36:03Z	failure	1	a04f1eb38f	
28989433149	stales.yml	schedule	main	2026-07-09T02:18:32Z	success	1	84f7ff316d	
29004521646	repolinter.yml	pull_request	auto-update-meta-qcom-commit-28983460036	2026-07-09T08:22:29Z	success	1	67800d63bb	
29004521694	commit-lint.yml	pull_request	auto-update-meta-qcom-commit-28983460036	2026-07-09T08:22:29Z	success	1	67800d63bb	
29004521796	pr.yml	pull_request	auto-update-meta-qcom-commit-28983460036	2026-07-09T08:22:29Z	failure	1	67800d63bb	
29004521885	test-pr.yml	pull_request	auto-update-meta-qcom-commit-28983460036	2026-07-09T08:22:29Z	skipped	1	67800d63bb	
29004522436	qcom-preflight-checks.yml	pull_request	auto-update-meta-qcom-commit-28983460036	2026-07-09T08:22:30Z	success	1	67800d63bb	
29004985428	test-pr.yml	workflow_run	main	2026-07-09T08:30:49Z	skipped	1	84f7ff316d	
29010329101	backport.yml	pull_request_target	auto-update-meta-qcom-commit-28688115050	2026-07-09T10:03:44Z	skipped	1	37f79fd61f	
29010357327	commit-lint.yml	pull_request	auto-update-meta-qcom-commit-28983460036	2026-07-09T10:04:13Z	success	1	f1b0edab51	
29010357501	repolinter.yml	pull_request	auto-update-meta-qcom-commit-28983460036	2026-07-09T10:04:13Z	success	1	f1b0edab51	
29010357622	test-pr.yml	pull_request	auto-update-meta-qcom-commit-28983460036	2026-07-09T10:04:13Z	skipped	1	f1b0edab51	
29010357697	pr.yml	pull_request	auto-update-meta-qcom-commit-28983460036	2026-07-09T10:04:13Z	failure	1	f1b0edab51	
29010358643	qcom-preflight-checks.yml	pull_request	auto-update-meta-qcom-commit-28983460036	2026-07-09T10:04:14Z	success	1	f1b0edab51	
29010865110	test-pr.yml	workflow_run	main	2026-07-09T10:13:06Z	skipped	1	84f7ff316d	
29010882681	repolinter.yml	pull_request	auto-update-meta-qcom-commit-28983460036	2026-07-09T10:13:25Z	success	1	f493649a80	
29010882727	commit-lint.yml	pull_request	auto-update-meta-qcom-commit-28983460036	2026-07-09T10:13:25Z	success	1	f493649a80	
29010882938	pr.yml	pull_request	auto-update-meta-qcom-commit-28983460036	2026-07-09T10:13:25Z	cancelled	1	f493649a80	
29010883080	test-pr.yml	pull_request	auto-update-meta-qcom-commit-28983460036	2026-07-09T10:13:25Z	skipped	1	f493649a80	
29010883529	qcom-preflight-checks.yml	pull_request	auto-update-meta-qcom-commit-28983460036	2026-07-09T10:13:26Z	success	1	f493649a80	
29013378616	nightly-build.yml	schedule	main	2026-07-09T10:59:17Z	failure	1	84f7ff316d	
29019695838	nightly-build-wrynose.yml	schedule	main	2026-07-09T12:56:26Z	failure	1	84f7ff316d	
29021545625	test-pr.yml	workflow_run	main	2026-07-09T13:29:45Z	skipped	1	84f7ff316d	
29064196034	commit-lint.yml	pull_request	auto-update-meta-qcom-commit-28983460036	2026-07-10T02:14:08Z	success	1	ac2dbab081	
29064196057	repolinter.yml	pull_request	auto-update-meta-qcom-commit-28983460036	2026-07-10T02:14:08Z	success	1	ac2dbab081	
29064196127	pr.yml	pull_request	auto-update-meta-qcom-commit-28983460036	2026-07-10T02:14:08Z	success	1	ac2dbab081	
29064196149	test-pr.yml	pull_request	auto-update-meta-qcom-commit-28983460036	2026-07-10T02:14:08Z	skipped	1	ac2dbab081	
29064196521	qcom-preflight-checks.yml	pull_request	auto-update-meta-qcom-commit-28983460036	2026-07-10T02:14:09Z	success	1	ac2dbab081	
29064375373	stales.yml	schedule	main	2026-07-10T02:18:54Z	success	1	84f7ff316d	
29074205707	backport.yml	pull_request_target	main	2026-07-10T06:34:43Z	skipped	1	480154613e	
29079155654	test-pr.yml	workflow_run	main	2026-07-10T08:14:28Z	failure	1	84f7ff316d	
29085330747	repolinter.yml	pull_request	auto-update-meta-qcom-commit-28983460036	2026-07-10T10:07:45Z	success	1	05160acf1b	
29085330915	commit-lint.yml	pull_request	auto-update-meta-qcom-commit-28983460036	2026-07-10T10:07:46Z	success	1	05160acf1b	
29085330958	pr.yml	pull_request	auto-update-meta-qcom-commit-28983460036	2026-07-10T10:07:46Z	success	1	05160acf1b	
29085331042	test-pr.yml	pull_request	auto-update-meta-qcom-commit-28983460036	2026-07-10T10:07:46Z	skipped	1	05160acf1b	
29085331793	qcom-preflight-checks.yml	pull_request	auto-update-meta-qcom-commit-28983460036	2026-07-10T10:07:47Z	success	1	05160acf1b	
29085546403	commit-lint.yml	pull_request	lava-fix	2026-07-10T10:11:33Z	success	1	29242afeb0	
29085546410	repolinter.yml	pull_request	lava-fix	2026-07-10T10:11:33Z	skipped	1	29242afeb0	
29085546588	pr.yml	pull_request	lava-fix	2026-07-10T10:11:34Z	success	1	29242afeb0	
29085546674	test-pr.yml	pull_request	lava-fix	2026-07-10T10:11:34Z	skipped	1	29242afeb0	
29085547440	qcom-preflight-checks.yml	pull_request	lava-fix	2026-07-10T10:11:35Z	success	1	29242afeb0	
29088024028	nightly-build.yml	schedule	main	2026-07-10T10:59:18Z	failure	1	84f7ff316d	
29090552128	commit-lint.yml	pull_request	dev/defer_output_port_setup	2026-07-10T11:48:11Z	failure	2	a70a782b08	
29090552144	repolinter.yml	pull_request	dev/defer_output_port_setup	2026-07-10T11:48:11Z	skipped	2	a70a782b08	
29090552338	pr.yml	pull_request	dev/defer_output_port_setup	2026-07-10T11:48:11Z	success	2	a70a782b08	
29090552391	test-pr.yml	pull_request	dev/defer_output_port_setup	2026-07-10T11:48:11Z	skipped	2	a70a782b08	
29090552925	qcom-preflight-checks.yml	pull_request	dev/defer_output_port_setup	2026-07-10T11:48:12Z	success	2	a70a782b08	
29092264050	test-pr.yml	workflow_run	main	2026-07-10T12:20:52Z	failure	1	84f7ff316d	
29092829753	test-pr.yml	workflow_run	main	2026-07-10T12:31:15Z	success	1	84f7ff316d	
29093715990	nightly-build-wrynose.yml	schedule	main	2026-07-10T12:47:10Z	success	1	84f7ff316d	
29093720024	nightly-build.yml	workflow_dispatch	wrynose	2026-07-10T12:47:15Z	failure	1	a04f1eb38f	
29101187101	test-pr.yml	workflow_run	main	2026-07-10T14:47:51Z	failure	1	84f7ff316d	
29136098212	stales.yml	schedule	main	2026-07-11T02:17:27Z	success	1	84f7ff316d	
29149290566	nightly-build.yml	schedule	main	2026-07-11T10:24:18Z	failure	1	84f7ff316d	
29152460182	nightly-build-wrynose.yml	schedule	main	2026-07-11T12:20:25Z	success	1	84f7ff316d	
29152462691	nightly-build.yml	workflow_dispatch	wrynose	2026-07-11T12:20:31Z	failure	1	a04f1eb38f	
29176558565	stales.yml	schedule	main	2026-07-12T02:17:54Z	success	1	84f7ff316d	
29189197157	nightly-build.yml	schedule	main	2026-07-12T10:29:22Z	failure	1	84f7ff316d	
29192445981	nightly-build-wrynose.yml	schedule	main	2026-07-12T12:20:31Z	success	1	84f7ff316d	
29192448731	nightly-build.yml	workflow_dispatch	wrynose	2026-07-12T12:20:36Z	failure	1	a04f1eb38f	
29211910029	commit-lint.yml	pull_request	auto-update-meta-qcom-commit-29174562861	2026-07-12T22:38:17Z	success	1	9ee2ea06d6	
29211910037	repolinter.yml	pull_request	auto-update-meta-qcom-commit-29174562861	2026-07-12T22:38:17Z	skipped	1	9ee2ea06d6	
29211910099	pr.yml	pull_request	auto-update-meta-qcom-commit-29174562861	2026-07-12T22:38:17Z	failure	1	9ee2ea06d6	
29211910113	test-pr.yml	pull_request	auto-update-meta-qcom-commit-29174562861	2026-07-12T22:38:17Z	skipped	1	9ee2ea06d6	
29211910354	qcom-preflight-checks.yml	pull_request	auto-update-meta-qcom-commit-29174562861	2026-07-12T22:38:17Z	success	1	9ee2ea06d6	
29212063089	test-pr.yml	workflow_run	main	2026-07-12T22:43:04Z	skipped	1	84f7ff316d	
29212092254	commit-lint.yml	pull_request	auto-update-meta-qcom-commit-29172440534	2026-07-12T22:43:57Z	success	1	551c9177fc	
29212092278	repolinter.yml	pull_request	auto-update-meta-qcom-commit-29172440534	2026-07-12T22:43:57Z	success	1	551c9177fc	
29212092329	test-pr.yml	pull_request	auto-update-meta-qcom-commit-29172440534	2026-07-12T22:43:57Z	skipped	1	551c9177fc	
29212092347	pr.yml	pull_request	auto-update-meta-qcom-commit-29172440534	2026-07-12T22:43:57Z	failure	1	551c9177fc	
29212092556	qcom-preflight-checks.yml	pull_request	auto-update-meta-qcom-commit-29172440534	2026-07-12T22:43:57Z	success	1	551c9177fc	
29212409660	test-pr.yml	workflow_run	main	2026-07-12T22:54:10Z	skipped	1	84f7ff316d	
29219227431	stales.yml	schedule	main	2026-07-13T02:18:02Z	success	1	84f7ff316d	
29228526059	repolinter.yml	pull_request	auto-update-meta-qcom-commit-28983460036	2026-07-13T06:16:59Z	success	1	459e9b34e8	
29228526081	commit-lint.yml	pull_request	auto-update-meta-qcom-commit-28983460036	2026-07-13T06:17:00Z	success	1	459e9b34e8	
29228526197	test-pr.yml	pull_request	auto-update-meta-qcom-commit-28983460036	2026-07-13T06:17:00Z	skipped	1	459e9b34e8	
29228526206	pr.yml	pull_request	auto-update-meta-qcom-commit-28983460036	2026-07-13T06:17:00Z	success	1	459e9b34e8	
29228526875	qcom-preflight-checks.yml	pull_request	auto-update-meta-qcom-commit-28983460036	2026-07-13T06:17:00Z	success	1	459e9b34e8	
29235318563	test-pr.yml	workflow_run	main	2026-07-13T08:24:20Z	failure	1	84f7ff316d	
29244696154	nightly-build.yml	schedule	main	2026-07-13T11:00:06Z	failure	1	84f7ff316d	
29247324750	repolinter.yml	pull_request	auto-update-meta-qcom-commit-29174562861	2026-07-13T11:44:53Z	skipped	1	f29832c7d8	
29247324817	commit-lint.yml	pull_request	auto-update-meta-qcom-commit-29174562861	2026-07-13T11:44:53Z	success	1	f29832c7d8	
29247324908	pr.yml	pull_request	auto-update-meta-qcom-commit-29174562861	2026-07-13T11:44:53Z	failure	1	f29832c7d8	
29247324959	test-pr.yml	pull_request	auto-update-meta-qcom-commit-29174562861	2026-07-13T11:44:53Z	skipped	1	f29832c7d8	
29247325684	qcom-preflight-checks.yml	pull_request	auto-update-meta-qcom-commit-29174562861	2026-07-13T11:44:53Z	success	1	f29832c7d8	
29247561604	test-pr.yml	workflow_run	main	2026-07-13T11:49:00Z	skipped	1	84f7ff316d	
29249321640	commit-lint.yml	pull_request	auto-update-meta-qcom-commit-29174562861	2026-07-13T12:17:45Z	success	1	fb8909d8b0	
29249321848	repolinter.yml	pull_request	auto-update-meta-qcom-commit-29174562861	2026-07-13T12:17:45Z	skipped	1	fb8909d8b0	
29249322415	pr.yml	pull_request	auto-update-meta-qcom-commit-29174562861	2026-07-13T12:17:46Z	failure	1	fb8909d8b0	
29249322419	test-pr.yml	pull_request	auto-update-meta-qcom-commit-29174562861	2026-07-13T12:17:46Z	skipped	1	fb8909d8b0	
29249323339	qcom-preflight-checks.yml	pull_request	auto-update-meta-qcom-commit-29174562861	2026-07-13T12:17:47Z	success	1	fb8909d8b0	
29249581335	test-pr.yml	workflow_run	main	2026-07-13T12:22:00Z	skipped	1	84f7ff316d	
29250050925	repolinter.yml	pull_request	auto-update-meta-qcom-commit-29174562861	2026-07-13T12:29:27Z	skipped	1	62ce40fbca	
29250051054	commit-lint.yml	pull_request	auto-update-meta-qcom-commit-29174562861	2026-07-13T12:29:28Z	success	1	62ce40fbca	
29250051257	pr.yml	pull_request	auto-update-meta-qcom-commit-29174562861	2026-07-13T12:29:28Z	failure	1	62ce40fbca	
29250051326	test-pr.yml	pull_request	auto-update-meta-qcom-commit-29174562861	2026-07-13T12:29:28Z	skipped	1	62ce40fbca	
29250052422	qcom-preflight-checks.yml	pull_request	auto-update-meta-qcom-commit-29174562861	2026-07-13T12:29:29Z	success	1	62ce40fbca	
29251434378	nightly-build-wrynose.yml	schedule	main	2026-07-13T12:51:19Z	success	1	84f7ff316d	
29251439231	nightly-build.yml	workflow_dispatch	wrynose	2026-07-13T12:51:23Z	failure	1	a04f1eb38f	
29254591661	test-pr.yml	workflow_run	main	2026-07-13T13:39:03Z	skipped	1	84f7ff316d	
29300700462	stales.yml	schedule	main	2026-07-14T02:17:30Z	success	1	84f7ff316d	
29306920417	backport.yml	pull_request_target	lava-fix	2026-07-14T04:49:28Z	success	1	29242afeb0	
29306920764	repolinter.yml	push	main	2026-07-14T04:49:29Z	skipped	1	fdf5e55188	
29306921122	qcom-preflight-checks.yml	push	main	2026-07-14T04:49:29Z	success	1	fdf5e55188	
29306921253	push.yml	push	main	2026-07-14T04:49:29Z	success	1	fdf5e55188	
29306926712	repolinter.yml	push	wrynose	2026-07-14T04:49:37Z	success	1	f708f38727	
29306926789	backport.yml	pull_request_target	auto-update-meta-qcom-commit-28983460036	2026-07-14T04:49:37Z	skipped	1	459e9b34e8	
29306926834	push.yml	push	wrynose	2026-07-14T04:49:37Z	failure	1	f708f38727	
29306931992	commit-lint.yml	pull_request	backport/318-to-wrynose	2026-07-14T04:49:45Z	success	1	b90de306d3	
29306932015	repolinter.yml	pull_request	backport/318-to-wrynose	2026-07-14T04:49:45Z	success	1	b90de306d3	
29306932089	test-pr.yml	pull_request	backport/318-to-wrynose	2026-07-14T04:49:45Z	skipped	1	b90de306d3	
29306932118	pr.yml	pull_request	backport/318-to-wrynose	2026-07-14T04:49:45Z	success	1	b90de306d3	
29306932581	qcom-preflight-checks.yml	pull_request	backport/318-to-wrynose	2026-07-14T04:49:45Z	success	1	b90de306d3	
29313622134	test-pr.yml	workflow_run	main	2026-07-14T07:09:26Z	failure	2	fdf5e55188	
29317422503	repolinter.yml	pull_request	auto-update-meta-qcom-commit-29174562861	2026-07-14T08:16:12Z	skipped	1	5a115e083c	
29317422535	commit-lint.yml	pull_request	auto-update-meta-qcom-commit-29174562861	2026-07-14T08:16:12Z	success	1	5a115e083c	
29317422669	test-pr.yml	pull_request	auto-update-meta-qcom-commit-29174562861	2026-07-14T08:16:12Z	skipped	1	5a115e083c	
29317422772	pr.yml	pull_request	auto-update-meta-qcom-commit-29174562861	2026-07-14T08:16:12Z	failure	1	5a115e083c	
29317423667	qcom-preflight-checks.yml	pull_request	auto-update-meta-qcom-commit-29174562861	2026-07-14T08:16:13Z	success	1	5a115e083c	
29325638307	nightly-build.yml	schedule	main	2026-07-14T10:31:13Z	success	1	fdf5e55188	
29329278349	test-pr.yml	workflow_run	main	2026-07-14T11:32:53Z	skipped	1	fdf5e55188	
29332678041	nightly-build-wrynose.yml	schedule	main	2026-07-14T12:29:29Z	success	1	fdf5e55188	
29332683270	nightly-build.yml	workflow_dispatch	wrynose	2026-07-14T12:29:34Z	failure	1	f708f38727	
29383720261	stales.yml	schedule	main	2026-07-15T02:17:13Z	success	1	fdf5e55188	
29386444184	repolinter.yml	push	wrynose	2026-07-15T03:24:18Z	success	1	903717c161	
29386444217	backport.yml	pull_request_target	backport/318-to-wrynose	2026-07-15T03:24:18Z	skipped	1	b90de306d3	
29386444290	push.yml	push	wrynose	2026-07-15T03:24:18Z	success	1	903717c161	
29393328963	repolinter.yml	push	main	2026-07-15T06:08:04Z	skipped	1	12f5409e11	
29393329049	backport.yml	pull_request_target	dev/defer_output_port_setup	2026-07-15T06:08:04Z	success	1	c684287650	
29393329121	push.yml	push	main	2026-07-15T06:08:04Z	success	1	12f5409e11	
29393329747	qcom-preflight-checks.yml	push	main	2026-07-15T06:08:05Z	success	1	12f5409e11	
29393338833	commit-lint.yml	pull_request	backport/319-to-wrynose	2026-07-15T06:08:16Z	success	1	18e67a979e	
29393338896	repolinter.yml	pull_request	backport/319-to-wrynose	2026-07-15T06:08:17Z	success	1	18e67a979e	
29393338995	pr.yml	pull_request	backport/319-to-wrynose	2026-07-15T06:08:17Z	success	1	18e67a979e	
29393339049	test-pr.yml	pull_request	backport/319-to-wrynose	2026-07-15T06:08:17Z	skipped	1	18e67a979e	
29393339516	qcom-preflight-checks.yml	pull_request	backport/319-to-wrynose	2026-07-15T06:08:17Z	success	1	18e67a979e	
29400773286	test-pr.yml	workflow_run	main	2026-07-15T08:26:05Z	failure	1	12f5409e11	
29402768517	commit-lint.yml	pull_request	auto-update-meta-qcom-commit-29174562861	2026-07-15T08:58:57Z	success	1	be8e9f63fd	
29402768520	repolinter.yml	pull_request	auto-update-meta-qcom-commit-29174562861	2026-07-15T08:58:57Z	skipped	1	be8e9f63fd	
29402768594	pr.yml	pull_request	auto-update-meta-qcom-commit-29174562861	2026-07-15T08:58:57Z	failure	1	be8e9f63fd	
29402768618	test-pr.yml	pull_request	auto-update-meta-qcom-commit-29174562861	2026-07-15T08:58:57Z	skipped	1	be8e9f63fd	
29402769239	qcom-preflight-checks.yml	pull_request	auto-update-meta-qcom-commit-29174562861	2026-07-15T08:58:57Z	success	1	be8e9f63fd	
29408475921	nightly-build.yml	schedule	main	2026-07-15T10:32:22Z	success	1	12f5409e11	
29411027315	test-pr.yml	workflow_run	main	2026-07-15T11:16:00Z	skipped	1	12f5409e11	
29415504155	nightly-build-wrynose.yml	schedule	main	2026-07-15T12:30:59Z	success	1	12f5409e11	
29415509132	nightly-build.yml	workflow_dispatch	wrynose	2026-07-15T12:31:04Z	success	1	903717c161	
29466230859	stales.yml	schedule	main	2026-07-16T02:17:33Z	success	1	12f5409e11	
29475464523	repolinter.yml	pull_request	auto-update-meta-qcom-commit-29174562861	2026-07-16T06:00:55Z	skipped	1	50456c1639	
29475464555	commit-lint.yml	pull_request	auto-update-meta-qcom-commit-29174562861	2026-07-16T06:00:55Z	success	1	50456c1639	
29475464919	pr.yml	pull_request	auto-update-meta-qcom-commit-29174562861	2026-07-16T06:00:55Z	success	1	50456c1639	
29475465241	test-pr.yml	pull_request	auto-update-meta-qcom-commit-29174562861	2026-07-16T06:00:56Z	skipped	1	50456c1639	
29475466604	qcom-preflight-checks.yml	pull_request	auto-update-meta-qcom-commit-29174562861	2026-07-16T06:00:57Z	success	1	50456c1639	
29486412840	test-pr.yml	workflow_run	main	2026-07-16T09:14:36Z	failure	1	12f5409e11	
29491453046	nightly-build.yml	schedule	main	2026-07-16T10:36:58Z	success	1	12f5409e11	
29494905957	test-pr.yml	pull_request	auto-update-meta-qcom-commit-29174562861	2026-07-16T11:34:17Z	skipped	1	ef4704a16a	
29494905960	commit-lint.yml	pull_request	auto-update-meta-qcom-commit-29174562861	2026-07-16T11:34:17Z	success	1	ef4704a16a	
29494906208	repolinter.yml	pull_request	auto-update-meta-qcom-commit-29174562861	2026-07-16T11:34:17Z	skipped	1	ef4704a16a	
29494906564	pr.yml	pull_request	auto-update-meta-qcom-commit-29174562861	2026-07-16T11:34:18Z	cancelled	1	ef4704a16a	
29494907130	qcom-preflight-checks.yml	pull_request	auto-update-meta-qcom-commit-29174562861	2026-07-16T11:34:18Z	success	1	ef4704a16a	
29495446609	commit-lint.yml	pull_request	auto-update-meta-qcom-commit-29174562861	2026-07-16T11:43:11Z	success	1	26a9ba078f	
29495446616	repolinter.yml	pull_request	auto-update-meta-qcom-commit-29174562861	2026-07-16T11:43:11Z	skipped	1	26a9ba078f	
29495446840	pr.yml	pull_request	auto-update-meta-qcom-commit-29174562861	2026-07-16T11:43:12Z	success	1	26a9ba078f	
29495446923	test-pr.yml	pull_request	auto-update-meta-qcom-commit-29174562861	2026-07-16T11:43:12Z	skipped	1	26a9ba078f	
29495447609	qcom-preflight-checks.yml	pull_request	auto-update-meta-qcom-commit-29174562861	2026-07-16T11:43:12Z	success	1	26a9ba078f	
29495468690	test-pr.yml	workflow_run	main	2026-07-16T11:43:33Z	skipped	1	12f5409e11	
29498694451	nightly-build-wrynose.yml	schedule	main	2026-07-16T12:34:55Z	success	1	12f5409e11	
29498701125	nightly-build.yml	workflow_dispatch	wrynose	2026-07-16T12:35:01Z	failure	2	903717c161	
29504587165	test-pr.yml	workflow_run	main	2026-07-16T13:59:38Z	failure	1	12f5409e11	
29549571380	stales.yml	schedule	main	2026-07-17T02:17:36Z	success	1	12f5409e11	
29573738445	nightly-build.yml	schedule	main	2026-07-17T10:31:17Z	success	1	12f5409e11	
29580340721	nightly-build-wrynose.yml	schedule	main	2026-07-17T12:28:21Z	success	1	12f5409e11	
29580345554	nightly-build.yml	workflow_dispatch	wrynose	2026-07-17T12:28:26Z	success	1	903717c161	
29626775084	stales.yml	schedule	main	2026-07-18T02:17:16Z	success	1	12f5409e11	
29640864644	nightly-build.yml	schedule	main	2026-07-18T10:27:13Z	success	1	12f5409e11	
29644123032	nightly-build-wrynose.yml	schedule	main	2026-07-18T12:19:53Z	success	1	12f5409e11	
29644126204	nightly-build.yml	workflow_dispatch	wrynose	2026-07-18T12:20:00Z	success	1	903717c161	
29669970533	stales.yml	schedule	main	2026-07-19T02:17:38Z	success	1	12f5409e11	
29683420330	nightly-build.yml	schedule	main	2026-07-19T10:29:16Z	success	1	12f5409e11	
29686780212	nightly-build-wrynose.yml	schedule	main	2026-07-19T12:19:54Z	success	1	12f5409e11	
29686783010	nightly-build.yml	workflow_dispatch	wrynose	2026-07-19T12:20:00Z	success	1	903717c161	
29706598922	repolinter.yml	pull_request	auto-update-meta-qcom-commit-29624005631	2026-07-19T22:41:25Z	skipped	1	ab32860e59	
29706598967	commit-lint.yml	pull_request	auto-update-meta-qcom-commit-29624005631	2026-07-19T22:41:25Z	success	1	ab32860e59	
29706598972	test-pr.yml	pull_request	auto-update-meta-qcom-commit-29624005631	2026-07-19T22:41:25Z	skipped	1	ab32860e59	
29706598993	pr.yml	pull_request	auto-update-meta-qcom-commit-29624005631	2026-07-19T22:41:25Z	failure	1	ab32860e59	
29706599371	qcom-preflight-checks.yml	pull_request	auto-update-meta-qcom-commit-29624005631	2026-07-19T22:41:25Z	success	1	ab32860e59	
29706749652	test-pr.yml	workflow_run	main	2026-07-19T22:46:22Z	skipped	1	12f5409e11	
29712342183	stales.yml	schedule	main	2026-07-20T02:18:24Z	success	1	12f5409e11	
29712860490	commit-lint.yml	pull_request	auto-update-meta-qcom-commit-29174562861	2026-07-20T02:35:06Z	failure	1	37bf0bee8e	
29712860519	repolinter.yml	pull_request	auto-update-meta-qcom-commit-29174562861	2026-07-20T02:35:06Z	skipped	1	37bf0bee8e	
29712860603	test-pr.yml	pull_request	auto-update-meta-qcom-commit-29174562861	2026-07-20T02:35:06Z	skipped	1	37bf0bee8e	
29712860611	pr.yml	pull_request	auto-update-meta-qcom-commit-29174562861	2026-07-20T02:35:06Z	cancelled	1	37bf0bee8e	
29712861308	qcom-preflight-checks.yml	pull_request	auto-update-meta-qcom-commit-29174562861	2026-07-20T02:35:08Z	success	1	37bf0bee8e	
29712928824	repolinter.yml	pull_request	auto-update-meta-qcom-commit-29174562861	2026-07-20T02:37:20Z	skipped	1	d973f26bc8	
29712928842	commit-lint.yml	pull_request	auto-update-meta-qcom-commit-29174562861	2026-07-20T02:37:20Z	failure	1	d973f26bc8	
29712928905	pr.yml	pull_request	auto-update-meta-qcom-commit-29174562861	2026-07-20T02:37:20Z	cancelled	1	d973f26bc8	
29712928936	test-pr.yml	pull_request	auto-update-meta-qcom-commit-29174562861	2026-07-20T02:37:20Z	skipped	1	d973f26bc8	
29712929166	qcom-preflight-checks.yml	pull_request	auto-update-meta-qcom-commit-29174562861	2026-07-20T02:37:21Z	success	1	d973f26bc8	
29712931020	test-pr.yml	workflow_run	main	2026-07-20T02:37:25Z	skipped	1	12f5409e11	
29713131249	commit-lint.yml	pull_request	auto-update-meta-qcom-commit-29174562861	2026-07-20T02:43:53Z	success	1	ec27aa52f4	
29713131276	repolinter.yml	pull_request	auto-update-meta-qcom-commit-29174562861	2026-07-20T02:43:53Z	skipped	1	ec27aa52f4	
29713131348	pr.yml	pull_request	auto-update-meta-qcom-commit-29174562861	2026-07-20T02:43:53Z	success	1	ec27aa52f4	
29713131373	test-pr.yml	pull_request	auto-update-meta-qcom-commit-29174562861	2026-07-20T02:43:53Z	skipped	1	ec27aa52f4	
29713131730	qcom-preflight-checks.yml	pull_request	auto-update-meta-qcom-commit-29174562861	2026-07-20T02:43:54Z	success	1	ec27aa52f4	
29713133580	test-pr.yml	workflow_run	main	2026-07-20T02:43:57Z	skipped	1	12f5409e11	
29720141749	test-pr.yml	workflow_run	main	2026-07-20T05:52:20Z	failure	1	12f5409e11	
29724395794	repolinter.yml	push	main	2026-07-20T07:22:07Z	skipped	1	6ec9065caf	
29724396110	backport.yml	pull_request_target	auto-update-meta-qcom-commit-29174562861	2026-07-20T07:22:07Z	success	1	ec27aa52f4	
29724396146	push.yml	push	main	2026-07-20T07:22:07Z	success	1	6ec9065caf	
29724396659	qcom-preflight-checks.yml	push	main	2026-07-20T07:22:08Z	success	1	6ec9065caf	
29736902470	nightly-build.yml	schedule	main	2026-07-20T10:58:44Z	failure	1	6ec9065caf	
29737932768	repolinter.yml	pull_request	ci-update	2026-07-20T11:15:44Z	skipped	1	c443d3a702	
29737932957	commit-lint.yml	pull_request	ci-update	2026-07-20T11:15:44Z	success	1	c443d3a702	
29737932985	pr.yml	pull_request	ci-update	2026-07-20T11:15:44Z	success	1	c443d3a702	
29737933000	test-pr.yml	pull_request	ci-update	2026-07-20T11:15:44Z	skipped	1	c443d3a702	
29737933902	qcom-preflight-checks.yml	pull_request	ci-update	2026-07-20T11:15:45Z	success	1	c443d3a702	
29743393501	nightly-build-wrynose.yml	schedule	main	2026-07-20T12:44:57Z	success	1	6ec9065caf	
29743400073	nightly-build.yml	workflow_dispatch	wrynose	2026-07-20T12:45:02Z	success	1	903717c161	
29749330982	test-pr.yml	workflow_run	main	2026-07-20T14:08:40Z	success	1	6ec9065caf	
29793680404	backport.yml	pull_request_target	auto-update-meta-qcom-commit-29624005631	2026-07-21T01:38:44Z	skipped	1	ab32860e59	
29795458575	stales.yml	schedule	main	2026-07-21T02:17:44Z	success	1	6ec9065caf	
29809931659	commit-lint.yml	pull_request	main	2026-07-21T07:17:56Z	failure	1	56f2c91506	
29809931696	repolinter.yml	pull_request	main	2026-07-21T07:17:56Z	skipped	1	56f2c91506	
29809931836	test-pr.yml	pull_request	main	2026-07-21T07:17:56Z	skipped	1	56f2c91506	
29809931898	pr.yml	pull_request	main	2026-07-21T07:17:56Z	cancelled	1	56f2c91506	
29809932495	qcom-preflight-checks.yml	pull_request	main	2026-07-21T07:17:57Z	success	1	56f2c91506	
29810842354	commit-lint.yml	pull_request	main	2026-07-21T07:32:43Z	failure	1	48b55b422b	
29810842453	repolinter.yml	pull_request	main	2026-07-21T07:32:43Z	skipped	1	48b55b422b	
29810842758	test-pr.yml	pull_request	main	2026-07-21T07:32:43Z	skipped	1	48b55b422b	
29810842889	pr.yml	pull_request	main	2026-07-21T07:32:43Z	success	1	48b55b422b	
29810844050	qcom-preflight-checks.yml	pull_request	main	2026-07-21T07:32:44Z	success	1	48b55b422b	
29810865268	test-pr.yml	workflow_run	main	2026-07-21T07:33:05Z	skipped	1	6ec9065caf	
29819712452	test-pr.yml	workflow_run	main	2026-07-21T09:48:06Z	failure	1	6ec9065caf	
29823181295	nightly-build.yml	schedule	main	2026-07-21T10:41:24Z	failure	1	6ec9065caf	
29823681940	commit-lint.yml	pull_request	main	2026-07-21T10:49:04Z	success	1	3cc309d967	
29823681943	repolinter.yml	pull_request	main	2026-07-21T10:49:04Z	skipped	1	3cc309d967	
29823682108	pr.yml	pull_request	main	2026-07-21T10:49:05Z	success	1	3cc309d967	
29823682155	test-pr.yml	pull_request	main	2026-07-21T10:49:05Z	skipped	1	3cc309d967	
29823682851	qcom-preflight-checks.yml	pull_request	main	2026-07-21T10:49:05Z	success	1	3cc309d967	
29830619922	nightly-build-wrynose.yml	schedule	main	2026-07-21T12:34:00Z	success	1	6ec9065caf	
29830628220	nightly-build.yml	workflow_dispatch	wrynose	2026-07-21T12:34:07Z	success	1	903717c161	
29832309040	test-pr.yml	workflow_run	main	2026-07-21T12:57:35Z	failure	1	6ec9065caf	
29885421138	stales.yml	schedule	main	2026-07-22T02:17:42Z	success	1	6ec9065caf	
29886343778	commit-lint.yml	pull_request	main	2026-07-22T02:38:18Z	success	1	793d2f3e9a	
29886343786	repolinter.yml	pull_request	main	2026-07-22T02:38:18Z	skipped	1	793d2f3e9a	
29886343906	pr.yml	pull_request	main	2026-07-22T02:38:18Z	success	1	793d2f3e9a	
29886343935	test-pr.yml	pull_request	main	2026-07-22T02:38:18Z	skipped	1	793d2f3e9a	
29886344363	qcom-preflight-checks.yml	pull_request	main	2026-07-22T02:38:18Z	success	1	793d2f3e9a	
29891810242	test-pr.yml	workflow_run	main	2026-07-22T04:43:24Z	failure	1	6ec9065caf	
29908291752	commit-lint.yml	pull_request	ci-update	2026-07-22T09:31:19Z	success	1	4b3e6d3439	
29908291761	repolinter.yml	pull_request	ci-update	2026-07-22T09:31:19Z	skipped	1	4b3e6d3439	
29908292050	pr.yml	pull_request	ci-update	2026-07-22T09:31:19Z	failure	1	4b3e6d3439	
29908292078	test-pr.yml	pull_request	ci-update	2026-07-22T09:31:19Z	skipped	1	4b3e6d3439	
29908292788	qcom-preflight-checks.yml	pull_request	ci-update	2026-07-22T09:31:20Z	success	1	4b3e6d3439	
29908406968	test-pr.yml	workflow_run	main	2026-07-22T09:33:00Z	skipped	1	6ec9065caf	
29910689991	backport.yml	pull_request_target	auto-update-meta-qcom-commit-29172440534	2026-07-22T10:07:17Z	skipped	1	551c9177fc	
29912883186	nightly-build.yml	schedule	main	2026-07-22T10:41:44Z	success	1	6ec9065caf	
29920192409	nightly-build-wrynose.yml	schedule	main	2026-07-22T12:34:45Z	success	1	6ec9065caf	
29920198726	nightly-build.yml	workflow_dispatch	wrynose	2026-07-22T12:34:51Z	success	1	903717c161	
29974029111	stales.yml	schedule	main	2026-07-23T02:17:41Z	success	1	6ec9065caf	
29976237556	commit-lint.yml	pull_request	main	2026-07-23T03:08:55Z	success	1	3d14a2ef40	
29976237608	repolinter.yml	pull_request	main	2026-07-23T03:08:55Z	skipped	1	3d14a2ef40	
29976237672	pr.yml	pull_request	main	2026-07-23T03:08:55Z	success	1	3d14a2ef40	
29976237688	test-pr.yml	pull_request	main	2026-07-23T03:08:55Z	skipped	1	3d14a2ef40	
29976238269	qcom-preflight-checks.yml	pull_request	main	2026-07-23T03:08:56Z	success	1	3d14a2ef40	
29981748728	test-pr.yml	workflow_run	main	2026-07-23T05:17:19Z	failure	1	6ec9065caf	
30000319124	nightly-build.yml	schedule	main	2026-07-23T10:42:38Z	success	1	6ec9065caf	
30007546962	nightly-build-wrynose.yml	schedule	main	2026-07-23T12:34:45Z	success	1	6ec9065caf	
30007552825	nightly-build.yml	workflow_dispatch	wrynose	2026-07-23T12:34:50Z	success	1	903717c161	
30057478994	commit-lint.yml	pull_request	wrynose	2026-07-24T00:53:50Z	success	1	23a8504b5a	
30057478995	repolinter.yml	pull_request	wrynose	2026-07-24T00:53:50Z	success	1	23a8504b5a	
30057479137	test-pr.yml	pull_request	wrynose	2026-07-24T00:53:50Z	skipped	1	23a8504b5a	
30057479138	pr.yml	pull_request	wrynose	2026-07-24T00:53:50Z	success	1	23a8504b5a	
30057479565	qcom-preflight-checks.yml	pull_request	wrynose	2026-07-24T00:53:51Z	success	1	23a8504b5a	
30059852813	backport.yml	pull_request_target	backport/319-to-wrynose	2026-07-24T01:46:15Z	skipped	1	18e67a979e	
30059852847	repolinter.yml	push	wrynose	2026-07-24T01:46:15Z	success	1	262b7c38ee	
30059852962	push.yml	push	wrynose	2026-07-24T01:46:15Z	success	1	262b7c38ee	
30061259381	stales.yml	schedule	main	2026-07-24T02:17:50Z	success	1	6ec9065caf	
30062432808	repolinter.yml	pull_request	main	2026-07-24T02:45:01Z	skipped	1	26da1c21f2	
30062432834	commit-lint.yml	pull_request	main	2026-07-24T02:45:01Z	success	1	26da1c21f2	
30062432940	test-pr.yml	pull_request	main	2026-07-24T02:45:01Z	skipped	1	26da1c21f2	
30062433061	pr.yml	pull_request	main	2026-07-24T02:45:01Z	cancelled	1	26da1c21f2	
30062433449	qcom-preflight-checks.yml	pull_request	main	2026-07-24T02:45:02Z	success	1	26da1c21f2	
30062733178	repolinter.yml	pull_request	main	2026-07-24T02:52:08Z	skipped	1	e7a4654159	
30062733201	commit-lint.yml	pull_request	main	2026-07-24T02:52:08Z	success	1	e7a4654159	
30062733363	pr.yml	pull_request	main	2026-07-24T02:52:08Z	success	1	e7a4654159	
30062733379	test-pr.yml	pull_request	main	2026-07-24T02:52:08Z	skipped	1	e7a4654159	
30062733811	qcom-preflight-checks.yml	pull_request	main	2026-07-24T02:52:09Z	success	1	e7a4654159	
30062739273	test-pr.yml	workflow_run	main	2026-07-24T02:52:17Z	skipped	1	6ec9065caf	
30064597789	test-pr.yml	workflow_run	main	2026-07-24T03:35:12Z	failure	1	6ec9065caf	
30067838689	repolinter.yml	push	wrynose	2026-07-24T04:50:44Z	success	1	a447e71699	
30067838700	backport.yml	pull_request_target	wrynose	2026-07-24T04:50:44Z	skipped	1	23a8504b5a	
30067838798	push.yml	push	wrynose	2026-07-24T04:50:44Z	failure	2	a447e71699	
30068573456	test-pr.yml	workflow_run	main	2026-07-24T05:07:21Z	failure	1	6ec9065caf	
30077506647	repolinter.yml	push	main	2026-07-24T08:02:23Z	skipped	1	9a329cfd37	
30077506873	backport.yml	pull_request_target	main	2026-07-24T08:02:23Z	success	1	e7a4654159	
30077506977	push.yml	push	main	2026-07-24T08:02:23Z	success	1	9a329cfd37	
30077507783	qcom-preflight-checks.yml	push	main	2026-07-24T08:02:24Z	success	1	9a329cfd37	
30077518774	repolinter.yml	pull_request	backport/328-to-wrynose	2026-07-24T08:02:35Z	success	1	07da743b6b	
30077518826	commit-lint.yml	pull_request	backport/328-to-wrynose	2026-07-24T08:02:35Z	success	1	07da743b6b	
30077519071	pr.yml	pull_request	backport/328-to-wrynose	2026-07-24T08:02:36Z	success	1	07da743b6b	
30077519125	test-pr.yml	pull_request	backport/328-to-wrynose	2026-07-24T08:02:36Z	skipped	1	07da743b6b	
30077519895	qcom-preflight-checks.yml	pull_request	backport/328-to-wrynose	2026-07-24T08:02:37Z	success	1	07da743b6b	
30086190681	test-pr.yml	workflow_run	main	2026-07-24T10:26:50Z	failure	1	9a329cfd37	
30086893718	nightly-build.yml	schedule	main	2026-07-24T10:38:57Z	failure	1	9a329cfd37	
30087871940	repolinter.yml	pull_request	auto-update-meta-qcom-commit-30053939393	2026-07-24T10:56:05Z	success	1	85e4eef9a0	
30087871965	commit-lint.yml	pull_request	auto-update-meta-qcom-commit-30053939393	2026-07-24T10:56:05Z	success	1	85e4eef9a0	
30087872227	pr.yml	pull_request	auto-update-meta-qcom-commit-30053939393	2026-07-24T10:56:05Z	cancelled	1	85e4eef9a0	
30087872301	test-pr.yml	pull_request	auto-update-meta-qcom-commit-30053939393	2026-07-24T10:56:05Z	skipped	1	85e4eef9a0	
30087872783	qcom-preflight-checks.yml	pull_request	auto-update-meta-qcom-commit-30053939393	2026-07-24T10:56:06Z	success	1	85e4eef9a0	
30088514478	repolinter.yml	pull_request	auto-update-meta-qcom-commit-30053939393	2026-07-24T11:07:53Z	success	1	7f9c39120a	
30088514541	commit-lint.yml	pull_request	auto-update-meta-qcom-commit-30053939393	2026-07-24T11:07:53Z	success	1	7f9c39120a	
30088514575	test-pr.yml	pull_request	auto-update-meta-qcom-commit-30053939393	2026-07-24T11:07:53Z	skipped	1	7f9c39120a	
30088514940	pr.yml	pull_request	auto-update-meta-qcom-commit-30053939393	2026-07-24T11:07:53Z	failure	1	7f9c39120a	
30088515092	qcom-preflight-checks.yml	pull_request	auto-update-meta-qcom-commit-30053939393	2026-07-24T11:07:53Z	success	1	7f9c39120a	
30088806104	test-pr.yml	workflow_run	main	2026-07-24T11:13:06Z	skipped	1	9a329cfd37	
30089071669	commit-lint.yml	pull_request	ci-update	2026-07-24T11:17:46Z	success	1	82e8e7b312	
30089071701	repolinter.yml	pull_request	ci-update	2026-07-24T11:17:46Z	skipped	1	82e8e7b312	
30089071806	pr.yml	pull_request	ci-update	2026-07-24T11:17:46Z	failure	1	82e8e7b312	
30089071857	test-pr.yml	pull_request	ci-update	2026-07-24T11:17:46Z	skipped	1	82e8e7b312	
30089072545	qcom-preflight-checks.yml	pull_request	ci-update	2026-07-24T11:17:47Z	success	1	82e8e7b312	
30089487028	test-pr.yml	workflow_run	main	2026-07-24T11:25:03Z	skipped	1	9a329cfd37	
30093465064	nightly-build-wrynose.yml	schedule	main	2026-07-24T12:32:39Z	success	1	9a329cfd37	
30093470067	nightly-build.yml	workflow_dispatch	wrynose	2026-07-24T12:32:44Z	success	1	a447e71699	
30100349652	test-pr.yml	workflow_run	main	2026-07-24T14:16:55Z	skipped	1	9a329cfd37	
30140159963	stales.yml	schedule	main	2026-07-25T02:17:33Z	success	1	9a329cfd37	
30154536964	nightly-build.yml	schedule	main	2026-07-25T10:29:00Z	failure	1	9a329cfd37	
30157844798	nightly-build-wrynose.yml	schedule	main	2026-07-25T12:21:36Z	failure	1	9a329cfd37	
30184335792	stales.yml	schedule	main	2026-07-26T02:17:59Z	success	1	9a329cfd37	
30198396435	nightly-build.yml	schedule	main	2026-07-26T10:30:51Z	failure	1	9a329cfd37	
30202025255	nightly-build-wrynose.yml	schedule	main	2026-07-26T12:25:30Z	success	1	9a329cfd37	
30202028361	nightly-build.yml	workflow_dispatch	wrynose	2026-07-26T12:25:36Z	failure	1	a447e71699	
30224183792	commit-lint.yml	pull_request	auto-update-meta-qcom-commit-30134495036	2026-07-26T22:57:21Z	success	1	a0b2e517c5	
30224183793	repolinter.yml	pull_request	auto-update-meta-qcom-commit-30134495036	2026-07-26T22:57:21Z	success	1	a0b2e517c5	
30224183826	zizmor-scan.yml	pull_request	auto-update-meta-qcom-commit-30134495036	2026-07-26T22:57:21Z	failure	1	a0b2e517c5	
30224183904	pr.yml	pull_request	auto-update-meta-qcom-commit-30134495036	2026-07-26T22:57:21Z	success	1	a0b2e517c5	
30224183928	test-pr.yml	pull_request	auto-update-meta-qcom-commit-30134495036	2026-07-26T22:57:21Z	skipped	1	a0b2e517c5	
30224184410	qcom-preflight-checks.yml	pull_request	auto-update-meta-qcom-commit-30134495036	2026-07-26T22:57:22Z	success	1	a0b2e517c5	
30230459239	backport.yml	pull_request_target	auto-update-meta-qcom-commit-30053939393	2026-07-27T01:43:18Z	skipped	1	7f9c39120a	
30230924924	zizmor-scan.yml	pull_request	auto-update-meta-qcom-commit-30137414967	2026-07-27T01:55:21Z	failure	1	95532b3aae	
30230924934	repolinter.yml	pull_request	auto-update-meta-qcom-commit-30137414967	2026-07-27T01:55:21Z	skipped	1	95532b3aae	
30230924959	commit-lint.yml	pull_request	auto-update-meta-qcom-commit-30137414967	2026-07-27T01:55:21Z	success	1	95532b3aae	
30230925083	test-pr.yml	pull_request	auto-update-meta-qcom-commit-30137414967	2026-07-27T01:55:21Z	skipped	1	95532b3aae	
30230925091	pr.yml	pull_request	auto-update-meta-qcom-commit-30137414967	2026-07-27T01:55:21Z	failure	1	95532b3aae	
30230925490	qcom-preflight-checks.yml	pull_request	auto-update-meta-qcom-commit-30137414967	2026-07-27T01:55:22Z	success	1	95532b3aae	
30231094052	zizmor-scan.yml	pull_request	ci-update	2026-07-27T01:59:56Z	failure	1	774e68bda6	
30231094114	repolinter.yml	pull_request	ci-update	2026-07-27T01:59:57Z	skipped	1	774e68bda6	
30231094144	commit-lint.yml	pull_request	ci-update	2026-07-27T01:59:57Z	failure	1	774e68bda6	
30231094183	test-pr.yml	pull_request	ci-update	2026-07-27T01:59:57Z	skipped	1	774e68bda6	
30231094216	pr.yml	pull_request	ci-update	2026-07-27T01:59:57Z	cancelled	1	774e68bda6	
30231094769	qcom-preflight-checks.yml	pull_request	ci-update	2026-07-27T01:59:58Z	success	1	774e68bda6	
30231857481	stales.yml	schedule	main	2026-07-27T02:18:19Z	success	1	9a329cfd37	
30231997167	zizmor-scan.yml	pull_request	ci-update	2026-07-27T02:21:52Z	failure	1	ccf80aaa26	
30231997171	repolinter.yml	pull_request	ci-update	2026-07-27T02:21:52Z	skipped	1	ccf80aaa26	
30231997175	commit-lint.yml	pull_request	ci-update	2026-07-27T02:21:52Z	success	1	ccf80aaa26	
30231997290	pr.yml	pull_request	ci-update	2026-07-27T02:21:52Z	failure	1	ccf80aaa26	
30231997359	test-pr.yml	pull_request	ci-update	2026-07-27T02:21:52Z	skipped	1	ccf80aaa26	
30231997763	qcom-preflight-checks.yml	pull_request	ci-update	2026-07-27T02:21:53Z	success	1	ccf80aaa26	
30232011700	test-pr.yml	workflow_run	main	2026-07-27T02:22:14Z	skipped	1	9a329cfd37	
30232781002	zizmor-scan.yml	pull_request	rdepends-fix	2026-07-27T02:41:37Z	failure	1	6658e1a982	
30232781007	commit-lint.yml	pull_request	rdepends-fix	2026-07-27T02:41:37Z	success	1	6658e1a982	
30232781024	repolinter.yml	pull_request	rdepends-fix	2026-07-27T02:41:37Z	skipped	1	6658e1a982	
30232781095	test-pr.yml	pull_request	rdepends-fix	2026-07-27T02:41:37Z	skipped	1	6658e1a982	
30232781154	pr.yml	pull_request	rdepends-fix	2026-07-27T02:41:37Z	success	1	6658e1a982	
30232781632	qcom-preflight-checks.yml	pull_request	rdepends-fix	2026-07-27T02:41:38Z	success	1	6658e1a982	
30238563787	test-pr.yml	workflow_run	main	2026-07-27T05:00:18Z	failure	1	9a329cfd37	
30238971927	test-pr.yml	workflow_run	main	2026-07-27T05:09:44Z	skipped	1	9a329cfd37	
30239406343	test-pr.yml	workflow_run	main	2026-07-27T05:18:54Z	skipped	1	9a329cfd37	
30244273053	test-pr.yml	workflow_run	main	2026-07-27T06:54:48Z	failure	1	9a329cfd37	
30248802009	zizmor-scan.yml	pull_request	ci-update	2026-07-27T08:09:33Z	failure	1	ec3f6a0d62	
30248802040	repolinter.yml	pull_request	ci-update	2026-07-27T08:09:33Z	skipped	1	ec3f6a0d62	
30248802207	pr.yml	pull_request	ci-update	2026-07-27T08:09:34Z	failure	1	ec3f6a0d62	
30248802237	test-pr.yml	pull_request	ci-update	2026-07-27T08:09:34Z	skipped	1	ec3f6a0d62	
30248804398	commit-lint.yml	pull_request	ci-update	2026-07-27T08:09:35Z	success	1	ec3f6a0d62	
30248806026	qcom-preflight-checks.yml	pull_request	ci-update	2026-07-27T08:09:37Z	success	1	ec3f6a0d62	
30250274272	test-pr.yml	workflow_run	main	2026-07-27T08:32:10Z	skipped	1	9a329cfd37	
30260331106	nightly-build.yml	schedule	main	2026-07-27T11:01:38Z	failure	1	9a329cfd37	
30268666267	nightly-build-wrynose.yml	schedule	main	2026-07-27T13:05:25Z	success	1	9a329cfd37	
30268675192	nightly-build.yml	workflow_dispatch	wrynose	2026-07-27T13:05:32Z	success	1	a447e71699	
30321655129	zizmor-scan.yml	pull_request	ci-update	2026-07-28T01:55:42Z	failure	1	a9e8136e3f	
30321655198	commit-lint.yml	pull_request	ci-update	2026-07-28T01:55:42Z	success	1	a9e8136e3f	
30321655235	repolinter.yml	pull_request	ci-update	2026-07-28T01:55:42Z	skipped	1	a9e8136e3f	
30321655305	test-pr.yml	pull_request	ci-update	2026-07-28T01:55:42Z	skipped	1	a9e8136e3f	
30321655309	pr.yml	pull_request	ci-update	2026-07-28T01:55:42Z	failure	1	a9e8136e3f	
30321655813	qcom-preflight-checks.yml	pull_request	ci-update	2026-07-28T01:55:43Z	success	1	a9e8136e3f	
30322689793	test-pr.yml	workflow_run	main	2026-07-28T02:17:31Z	skipped	1	9a329cfd37	
30322696135	stales.yml	schedule	main	2026-07-28T02:17:39Z	success	1	9a329cfd37	
30324329947	zizmor-scan.yml	pull_request	ci-update	2026-07-28T02:52:13Z	failure	1	1defa6d1ea	
30324329968	commit-lint.yml	pull_request	ci-update	2026-07-28T02:52:13Z	success	1	1defa6d1ea	
30324330037	repolinter.yml	pull_request	ci-update	2026-07-28T02:52:13Z	skipped	1	1defa6d1ea	
30324330181	pr.yml	pull_request	ci-update	2026-07-28T02:52:13Z	failure	1	1defa6d1ea	
30324330185	test-pr.yml	pull_request	ci-update	2026-07-28T02:52:13Z	skipped	1	1defa6d1ea	
30324330680	qcom-preflight-checks.yml	pull_request	ci-update	2026-07-28T02:52:14Z	success	1	1defa6d1ea	
30324870587	repolinter.yml	push	wrynose	2026-07-28T03:03:42Z	success	1	de68b52e3e	
30324870636	backport.yml	pull_request_target	auto-update-meta-qcom-commit-30134495036	2026-07-28T03:03:42Z	skipped	1	a0b2e517c5	
30324870716	push.yml	push	wrynose	2026-07-28T03:03:42Z	success	1	de68b52e3e	
30325300298	test-pr.yml	workflow_run	main	2026-07-28T03:12:44Z	skipped	1	9a329cfd37	
30325921761	repolinter.yml	pull_request	ci-update	2026-07-28T03:26:21Z	skipped	1	d336db248f	
30325921762	commit-lint.yml	pull_request	ci-update	2026-07-28T03:26:21Z	success	1	d336db248f	
30325921784	zizmor-scan.yml	pull_request	ci-update	2026-07-28T03:26:21Z	failure	1	d336db248f	
30325921928	pr.yml	pull_request	ci-update	2026-07-28T03:26:22Z	failure	1	d336db248f	
30325921929	test-pr.yml	pull_request	ci-update	2026-07-28T03:26:22Z	skipped	1	d336db248f	
30325922463	qcom-preflight-checks.yml	pull_request	ci-update	2026-07-28T03:26:22Z	success	1	d336db248f	
30327105070	test-pr.yml	workflow_run	main	2026-07-28T03:51:54Z	skipped	1	9a329cfd37	
30352196413	nightly-build.yml	schedule	main	2026-07-28T10:47:58Z	success	1	9a329cfd37	
30359835727	nightly-build-wrynose.yml	schedule	main	2026-07-28T12:38:35Z	success	1	9a329cfd37	
30359851881	nightly-build.yml	workflow_dispatch	wrynose	2026-07-28T12:38:50Z	success	1	de68b52e3e	
30416457435	stales.yml	schedule	main	2026-07-29T02:18:02Z	success	1	9a329cfd37	
30445267343	nightly-build.yml	schedule	main	2026-07-29T10:51:09Z	success	1	9a329cfd37	
30452756516	nightly-build-wrynose.yml	schedule	main	2026-07-29T12:42:57Z	success	1	9a329cfd37	
30452770559	nightly-build.yml	workflow_dispatch	wrynose	2026-07-29T12:43:09Z	success	1	de68b52e3e	
30508031215	stales.yml	schedule	main	2026-07-30T02:17:06Z	success	1	9a329cfd37	
30514489976	repolinter.yml	push	main	2026-07-30T04:40:08Z	skipped	1	9b131a765a	
30514490082	push.yml	push	main	2026-07-30T04:40:08Z	success	1	9b131a765a	
30514490345	backport.yml	pull_request_target	main	2026-07-30T04:40:09Z	success	1	3d14a2ef40	
30514490736	qcom-preflight-checks.yml	push	main	2026-07-30T04:40:09Z	success	1	9b131a765a	
30525052866	commit-lint.yml	pull_request	prebuilt	2026-07-30T08:02:14Z	success	1	170e727669	
30525052948	repolinter.yml	pull_request	prebuilt	2026-07-30T08:02:14Z	skipped	1	170e727669	
30525053031	zizmor-scan.yml	pull_request	prebuilt	2026-07-30T08:02:14Z	failure	1	170e727669	
30525053243	test-pr.yml	pull_request	prebuilt	2026-07-30T08:02:14Z	skipped	1	170e727669	
30525053281	pr.yml	pull_request	prebuilt	2026-07-30T08:02:14Z	success	1	170e727669	
30525054128	qcom-preflight-checks.yml	pull_request	prebuilt	2026-07-30T08:02:15Z	success	1	170e727669	
30533854592	test-pr.yml	workflow_run	main	2026-07-30T10:13:42Z	failure	1	9b131a765a	
30535624914	nightly-build.yml	schedule	main	2026-07-30T10:41:16Z	success	1	9b131a765a	
30543227013	nightly-build-wrynose.yml	schedule	main	2026-07-30T12:36:09Z	success	1	9b131a765a	
30543234940	nightly-build.yml	workflow_dispatch	wrynose	2026-07-30T12:36:16Z	success	1	de68b52e3e	
30598598785	stales.yml	schedule	main	2026-07-31T02:17:43Z	success	1	9b131a765a	
30620545414	repolinter.yml	pull_request	ci-update	2026-07-31T09:36:20Z	skipped	1	f6eb92c15e	
30620545864	commit-lint.yml	pull_request	ci-update	2026-07-31T09:36:20Z	success	1	f6eb92c15e	
30620545949	zizmor-scan.yml	pull_request	ci-update	2026-07-31T09:36:20Z	failure	1	f6eb92c15e	
30620546305	pr.yml	pull_request	ci-update	2026-07-31T09:36:21Z	success	1	f6eb92c15e	
30620546546	test-pr.yml	pull_request	ci-update	2026-07-31T09:36:21Z	skipped	1	f6eb92c15e	
30620547266	qcom-preflight-checks.yml	pull_request	ci-update	2026-07-31T09:36:22Z	success	1	f6eb92c15e	
30625017274	nightly-build.yml	schedule	main	2026-07-31T10:52:01Z	failure	1	9b131a765a	
30631440321	nightly-build-wrynose.yml	schedule	main	2026-07-31T12:39:55Z	success	1	9b131a765a	
30631447313	nightly-build.yml	workflow_dispatch	wrynose	2026-07-31T12:40:02Z	success	1	de68b52e3e	
30637627726	test-pr.yml	workflow_run	main	2026-07-31T14:12:32Z	failure	1	9b131a765a	
30679733294	stales.yml	schedule	main	2026-08-01T02:18:22Z	success	1	9b131a765a	
30695853065	nightly-build.yml	schedule	main	2026-08-01T10:30:49Z	failure	1	9b131a765a	
30699586361	nightly-build-wrynose.yml	schedule	main	2026-08-01T12:23:14Z	success	1	9b131a765a	
30699588957	nightly-build.yml	workflow_dispatch	wrynose	2026-08-01T12:23:19Z	failure	1	de68b52e3e	
30728608900	stales.yml	schedule	main	2026-08-02T02:17:47Z	success	1	9b131a765a	
30743870013	nightly-build.yml	schedule	main	2026-08-02T10:30:15Z	success	1	9b131a765a	
30747756005	nightly-build-wrynose.yml	schedule	main	2026-08-02T12:24:35Z	success	1	9b131a765a	
30747758769	nightly-build.yml	workflow_dispatch	wrynose	2026-08-02T12:24:40Z	failure	1	de68b52e3e	
30770798908	repolinter.yml	pull_request	auto-update-meta-qcom-commit-30595031571	2026-08-02T22:45:22Z	skipped	1	494d78ac60	
30770798934	commit-lint.yml	pull_request	auto-update-meta-qcom-commit-30595031571	2026-08-02T22:45:22Z	success	1	494d78ac60	
30770798976	zizmor-scan.yml	pull_request	auto-update-meta-qcom-commit-30595031571	2026-08-02T22:45:22Z	failure	1	494d78ac60	
30770799022	pr.yml	pull_request	auto-update-meta-qcom-commit-30595031571	2026-08-02T22:45:22Z	failure	1	494d78ac60	
30770799035	test-pr.yml	pull_request	auto-update-meta-qcom-commit-30595031571	2026-08-02T22:45:22Z	skipped	1	494d78ac60	
30770799581	qcom-preflight-checks.yml	pull_request	auto-update-meta-qcom-commit-30595031571	2026-08-02T22:45:23Z	success	1	494d78ac60	
30771112337	repolinter.yml	pull_request	auto-update-meta-qcom-commit-30591306265	2026-08-02T22:54:12Z	success	1	98cbdfe086	
30771112362	commit-lint.yml	pull_request	auto-update-meta-qcom-commit-30591306265	2026-08-02T22:54:12Z	success	1	98cbdfe086	
30771112363	zizmor-scan.yml	pull_request	auto-update-meta-qcom-commit-30591306265	2026-08-02T22:54:12Z	failure	1	98cbdfe086	
30771112462	test-pr.yml	pull_request	auto-update-meta-qcom-commit-30591306265	2026-08-02T22:54:12Z	skipped	1	98cbdfe086	
30771112465	pr.yml	pull_request	auto-update-meta-qcom-commit-30591306265	2026-08-02T22:54:12Z	success	1	98cbdfe086	
30771112828	qcom-preflight-checks.yml	pull_request	auto-update-meta-qcom-commit-30591306265	2026-08-02T22:54:12Z	success	1	98cbdfe086	
30777860851	backport.yml	pull_request_target	ci-update	2026-08-03T01:51:19Z	skipped	1	f6eb92c15e	
30778156920	test-pr.yml	workflow_run	main	2026-08-03T01:58:55Z	skipped	1	9b131a765a	
30778945419	stales.yml	schedule	main	2026-08-03T02:17:40Z	success	1	9b131a765a	
30779389440	zizmor-scan.yml	pull_request	ci-update	2026-08-03T02:28:41Z	failure	1	f6eb92c15e	
30779389441	repolinter.yml	pull_request	ci-update	2026-08-03T02:28:41Z	skipped	1	f6eb92c15e	
30779389458	commit-lint.yml	pull_request	ci-update	2026-08-03T02:28:41Z	success	1	f6eb92c15e	
30779389565	pr.yml	pull_request	ci-update	2026-08-03T02:28:41Z	cancelled	1	f6eb92c15e	
30779389568	test-pr.yml	pull_request	ci-update	2026-08-03T02:28:41Z	skipped	1	f6eb92c15e	
30779389974	qcom-preflight-checks.yml	pull_request	ci-update	2026-08-03T02:28:41Z	success	1	f6eb92c15e	
30779504048	backport.yml	pull_request_target	auto-update-meta-qcom-commit-30137414967	2026-08-03T02:31:29Z	skipped	1	95532b3aae	
30784642188	test-pr.yml	workflow_run	main	2026-08-03T04:30:44Z	failure	1	9b131a765a	
30785686685	zizmor-scan.yml	pull_request	ci-update	2026-08-03T04:54:36Z	failure	1	e58a253989	
30785686692	commit-lint.yml	pull_request	ci-update	2026-08-03T04:54:36Z	success	1	e58a253989	
30785686696	repolinter.yml	pull_request	ci-update	2026-08-03T04:54:36Z	skipped	1	e58a253989	
30785686813	test-pr.yml	pull_request	ci-update	2026-08-03T04:54:36Z	skipped	1	e58a253989	
30785686827	pr.yml	pull_request	ci-update	2026-08-03T04:54:36Z	cancelled	1	e58a253989	
30785687393	qcom-preflight-checks.yml	pull_request	ci-update	2026-08-03T04:54:37Z	success	1	e58a253989	
30785703027	test-pr.yml	workflow_run	main	2026-08-03T04:54:59Z	skipped	1	9b131a765a	
30790835187	repolinter.yml	pull_request	ci-update	2026-08-03T06:37:59Z	skipped	1	23d640d840	
30790835192	zizmor-scan.yml	pull_request	ci-update	2026-08-03T06:37:59Z	failure	1	23d640d840	
30790835216	commit-lint.yml	pull_request	ci-update	2026-08-03T06:37:59Z	failure	1	23d640d840	
30790835439	test-pr.yml	pull_request	ci-update	2026-08-03T06:37:59Z	skipped	1	23d640d840	
30790835452	pr.yml	pull_request	ci-update	2026-08-03T06:37:59Z	cancelled	1	23d640d840	
30790836109	qcom-preflight-checks.yml	pull_request	ci-update	2026-08-03T06:38:00Z	success	1	23d640d840	
30790855456	test-pr.yml	workflow_run	main	2026-08-03T06:38:22Z	skipped	1	9b131a765a	
30790905288	zizmor-scan.yml	pull_request	ci-update	2026-08-03T06:39:21Z	failure	1	38522a65d9	
30790905313	commit-lint.yml	pull_request	ci-update	2026-08-03T06:39:21Z	success	1	38522a65d9	
30790905314	repolinter.yml	pull_request	ci-update	2026-08-03T06:39:21Z	skipped	1	38522a65d9	
30790905614	pr.yml	pull_request	ci-update	2026-08-03T06:39:21Z	success	1	38522a65d9	
30790905616	test-pr.yml	pull_request	ci-update	2026-08-03T06:39:21Z	skipped	1	38522a65d9	
30790906515	qcom-preflight-checks.yml	pull_request	ci-update	2026-08-03T06:39:22Z	success	1	38522a65d9	
30790909612	test-pr.yml	workflow_run	main	2026-08-03T06:39:26Z	skipped	1	9b131a765a	
30801114710	zizmor-scan.yml	pull_request	rdepends-fix	2026-08-03T09:22:20Z	failure	1	e94c49722d	
30801114778	repolinter.yml	pull_request	rdepends-fix	2026-08-03T09:22:20Z	skipped	1	e94c49722d	
30801115390	test-pr.yml	pull_request	rdepends-fix	2026-08-03T09:22:21Z	skipped	1	e94c49722d	
30801115850	commit-lint.yml	pull_request	rdepends-fix	2026-08-03T09:22:21Z	success	1	e94c49722d	
30801116916	pr.yml	pull_request	rdepends-fix	2026-08-03T09:22:22Z	cancelled	1	e94c49722d	
30801119231	qcom-preflight-checks.yml	pull_request	rdepends-fix	2026-08-03T09:22:24Z	success	1	e94c49722d	
30801217348	repolinter.yml	pull_request	rdepends-fix	2026-08-03T09:23:47Z	skipped	1	c0e4ffdcca	
30801217793	zizmor-scan.yml	pull_request	rdepends-fix	2026-08-03T09:23:48Z	failure	1	c0e4ffdcca	
30801217886	commit-lint.yml	pull_request	rdepends-fix	2026-08-03T09:23:48Z	success	1	c0e4ffdcca	
30801218523	pr.yml	pull_request	rdepends-fix	2026-08-03T09:23:48Z	success	2	c0e4ffdcca	
30801219139	test-pr.yml	pull_request	rdepends-fix	2026-08-03T09:23:49Z	skipped	1	c0e4ffdcca	
30801220270	qcom-preflight-checks.yml	pull_request	rdepends-fix	2026-08-03T09:23:50Z	success	1	c0e4ffdcca	
30801225835	test-pr.yml	workflow_run	main	2026-08-03T09:23:54Z	skipped	1	9b131a765a	
30801551194	test-pr.yml	workflow_run	main	2026-08-03T09:28:28Z	skipped	1	9b131a765a	
30803278800	test-pr.yml	workflow_run	main	2026-08-03T09:53:00Z	failure	1	9b131a765a	
30807901531	nightly-build.yml	schedule	main	2026-08-03T11:02:08Z	success	1	9b131a765a	
30810650225	test-pr.yml	workflow_run	main	2026-08-03T11:43:23Z	failure	1	9b131a765a	
30816265960	nightly-build-wrynose.yml	schedule	main	2026-08-03T13:04:34Z	success	1	9b131a765a	
30816280361	nightly-build.yml	workflow_dispatch	wrynose	2026-08-03T13:04:46Z	failure	1	de68b52e3e	
30871332094	stales.yml	schedule	main	2026-08-04T02:17:15Z	success	1	9b131a765a	
30896783632	backport.yml	pull_request_target	ci-update	2026-08-04T09:32:43Z	success	1	38522a65d9	
30896784133	repolinter.yml	push	main	2026-08-04T09:32:43Z	skipped	1	dd98d470d1	
30896785110	push.yml	push	main	2026-08-04T09:32:44Z	success	1	dd98d470d1	
30896786962	qcom-preflight-checks.yml	push	main	2026-08-04T09:32:45Z	success	1	dd98d470d1	
30897283862	backport.yml	pull_request_target	auto-update-meta-qcom-commit-30595031571	2026-08-04T09:39:38Z	skipped	1	494d78ac60	
30902368800	nightly-build.yml	schedule	main	2026-08-04T10:51:23Z	success	1	dd98d470d1	
30910095567	nightly-build-wrynose.yml	schedule	main	2026-08-04T12:39:51Z	success	1	dd98d470d1	
30910101547	nightly-build.yml	workflow_dispatch	wrynose	2026-08-04T12:39:56Z	success	1	de68b52e3e	
30968909284	stales.yml	schedule	main	2026-08-05T02:17:08Z	success	1	dd98d470d1	
30968977140	repolinter.yml	pull_request	chrony	2026-08-05T02:18:33Z	skipped	1	d572c8d442	
30968977142	zizmor-scan.yml	pull_request	chrony	2026-08-05T02:18:34Z	failure	1	d572c8d442	
30968977157	commit-lint.yml	pull_request	chrony	2026-08-05T02:18:34Z	success	1	d572c8d442	
30968977229	test-pr.yml	pull_request	chrony	2026-08-05T02:18:34Z	skipped	1	d572c8d442	
30968977461	pr.yml	pull_request	chrony	2026-08-05T02:18:34Z	success	1	d572c8d442	
30968977750	qcom-preflight-checks.yml	pull_request	chrony	2026-08-05T02:18:34Z	success	1	d572c8d442	
30975412703	test-pr.yml	workflow_run	main	2026-08-05T04:32:05Z	failure	1	dd98d470d1	
30987491930	zizmor-scan.yml	pull_request	prebuilt	2026-08-05T08:04:02Z	failure	1	7dce92a8e9	
30987491937	commit-lint.yml	pull_request	prebuilt	2026-08-05T08:04:02Z	failure	1	7dce92a8e9	
30987491947	repolinter.yml	pull_request	prebuilt	2026-08-05T08:04:02Z	skipped	1	7dce92a8e9	
30987492287	pr.yml	pull_request	prebuilt	2026-08-05T08:04:02Z	failure	1	7dce92a8e9	
30987492398	test-pr.yml	pull_request	prebuilt	2026-08-05T08:04:02Z	skipped	1	7dce92a8e9	
30987493510	qcom-preflight-checks.yml	pull_request	prebuilt	2026-08-05T08:04:03Z	success	1	7dce92a8e9	
30988157411	test-pr.yml	workflow_run	main	2026-08-05T08:13:37Z	skipped	1	dd98d470d1	
30988898638	commit-lint.yml	pull_request	chrony	2026-08-05T08:24:37Z	success	1	4bf007f821	
30988898660	zizmor-scan.yml	pull_request	chrony	2026-08-05T08:24:37Z	failure	1	4bf007f821	
30988898701	repolinter.yml	pull_request	chrony	2026-08-05T08:24:37Z	skipped	1	4bf007f821	
30988898853	pr.yml	pull_request	chrony	2026-08-05T08:24:37Z	success	1	4bf007f821	
30988898858	test-pr.yml	pull_request	chrony	2026-08-05T08:24:37Z	skipped	1	4bf007f821	
30988899617	qcom-preflight-checks.yml	pull_request	chrony	2026-08-05T08:24:37Z	success	1	4bf007f821	
30998075899	test-pr.yml	workflow_run	main	2026-08-05T10:36:07Z	failure	1	dd98d470d1	
30998924008	nightly-build.yml	schedule	main	2026-08-05T10:48:51Z	failure	1	dd98d470d1	
30999762579	commit-lint.yml	pull_request	prebuilt	2026-08-05T11:01:20Z	success	1	93deeef969	
30999762600	zizmor-scan.yml	pull_request	prebuilt	2026-08-05T11:01:20Z	failure	1	93deeef969	
30999762614	repolinter.yml	pull_request	prebuilt	2026-08-05T11:01:20Z	skipped	1	93deeef969	
30999762866	test-pr.yml	pull_request	prebuilt	2026-08-05T11:01:20Z	skipped	1	93deeef969	
30999762899	pr.yml	pull_request	prebuilt	2026-08-05T11:01:20Z	failure	1	93deeef969	
30999763505	qcom-preflight-checks.yml	pull_request	prebuilt	2026-08-05T11:01:21Z	success	1	93deeef969	
31000281812	monthly.yml	schedule	main	2026-08-05T11:08:50Z	success	1	dd98d470d1	
31000476150	test-pr.yml	workflow_run	main	2026-08-05T11:11:41Z	skipped	1	dd98d470d1	
31006465809	nightly-build-wrynose.yml	schedule	main	2026-08-05T12:38:00Z	success	1	dd98d470d1	
31006479518	nightly-build.yml	workflow_dispatch	wrynose	2026-08-05T12:38:11Z	failure	1	de68b52e3e	
31007445953	backport.yml	pull_request_target	chrony	2026-08-05T12:50:57Z	success	1	4bf007f821	
31007446650	repolinter.yml	push	main	2026-08-05T12:50:58Z	skipped	1	e985da7a73	
31007446960	push.yml	push	main	2026-08-05T12:50:58Z	success	1	e985da7a73	
31007449758	qcom-preflight-checks.yml	push	main	2026-08-05T12:51:00Z	success	1	e985da7a73	
31007462181	repolinter.yml	pull_request	backport/336-to-wrynose	2026-08-05T12:51:10Z	success	1	669d76b4a6	
31007462245	zizmor-scan.yml	pull_request	backport/336-to-wrynose	2026-08-05T12:51:10Z	failure	1	669d76b4a6	
31007462253	commit-lint.yml	pull_request	backport/336-to-wrynose	2026-08-05T12:51:10Z	success	1	669d76b4a6	
31007462502	pr.yml	pull_request	backport/336-to-wrynose	2026-08-05T12:51:10Z	success	1	669d76b4a6	
31007462511	test-pr.yml	pull_request	backport/336-to-wrynose	2026-08-05T12:51:10Z	skipped	1	669d76b4a6	
31007463408	qcom-preflight-checks.yml	pull_request	backport/336-to-wrynose	2026-08-05T12:51:11Z	success	1	669d76b4a6	
31019060735	test-pr.yml	workflow_run	main	2026-08-05T15:11:57Z	failure	1	e985da7a73	
31065178790	stales.yml	schedule	main	2026-08-06T02:17:14Z	success	1	e985da7a73	
31080071350	repolinter.yml	push	wrynose	2026-08-06T07:13:01Z	success	1	93d927c9ac	
31080071466	backport.yml	pull_request_target	backport/328-to-wrynose	2026-08-06T07:13:01Z	skipped	1	07da743b6b	
31080071868	push.yml	push	wrynose	2026-08-06T07:13:02Z	success	1	93d927c9ac	
31094875263	nightly-build.yml	schedule	main	2026-08-06T10:50:52Z	failure	1	e985da7a73	
31096486104	repolinter.yml	push	wrynose	2026-08-06T11:14:48Z	success	1	62853a4485	
31096486346	push.yml	push	wrynose	2026-08-06T11:14:49Z	success	1	62853a4485	
31096487192	backport.yml	pull_request_target	backport/336-to-wrynose	2026-08-06T11:14:49Z	skipped	1	669d76b4a6	
31102330984	nightly-build-wrynose.yml	schedule	main	2026-08-06T12:39:25Z	success	1	e985da7a73	
31102336790	nightly-build.yml	workflow_dispatch	wrynose	2026-08-06T12:39:30Z	success	1	62853a4485	
31140788858	stales.yml	schedule	main	2026-08-07T02:17:59Z	success	1	e985da7a73	
31169448661	nightly-build.yml	schedule	main	2026-08-07T10:17:11Z	failure	1	e985da7a73	
31177541517	nightly-build-wrynose.yml	schedule	main	2026-08-07T12:17:08Z	success	1	e985da7a73	
31177546654	nightly-build.yml	workflow_dispatch	wrynose	2026-08-07T12:17:13Z	failure	1	62853a4485	
31234489316	stales.yml	schedule	main	2026-08-08T02:13:47Z	success	1	e985da7a73	
31252101797	nightly-build.yml	schedule	main	2026-08-08T10:07:43Z	success	1	e985da7a73	
31256590716	nightly-build-wrynose.yml	schedule	main	2026-08-08T12:09:19Z	success	1	e985da7a73	
31256597440	nightly-build.yml	workflow_dispatch	wrynose	2026-08-08T12:09:31Z	success	1	62853a4485	
31289967033	stales.yml	schedule	main	2026-08-09T02:15:31Z	success	1	e985da7a73	
31307638915	nightly-build.yml	schedule	main	2026-08-09T10:09:19Z	success	1	e985da7a73	
31312582953	nightly-build-wrynose.yml	schedule	main	2026-08-09T12:09:37Z	success	1	e985da7a73	
31312586233	nightly-build.yml	workflow_dispatch	wrynose	2026-08-09T12:09:42Z	success	1	62853a4485	
31348109303	backport.yml	pull_request_target	auto-update-meta-qcom-commit-30591306265	2026-08-10T01:49:24Z	skipped	1	98cbdfe086	
31349309702	stales.yml	schedule	main	2026-08-10T02:15:43Z	success	1	e985da7a73	
31362383976	commit-lint.yml	pull_request	auto-update-meta-qcom-commit-31344960860	2026-08-10T06:32:46Z	success	1	3394a09643	
31362383991	zizmor-scan.yml	pull_request	auto-update-meta-qcom-commit-31344960860	2026-08-10T06:32:46Z	failure	1	3394a09643	
31362384006	repolinter.yml	pull_request	auto-update-meta-qcom-commit-31344960860	2026-08-10T06:32:46Z	skipped	1	3394a09643	
31362384158	pr.yml	pull_request	auto-update-meta-qcom-commit-31344960860	2026-08-10T06:32:47Z	failure	1	3394a09643	
31362384256	test-pr.yml	pull_request	auto-update-meta-qcom-commit-31344960860	2026-08-10T06:32:47Z	skipped	1	3394a09643	
31362384871	qcom-preflight-checks.yml	pull_request	auto-update-meta-qcom-commit-31344960860	2026-08-10T06:32:47Z	success	1	3394a09643	
31362908154	zizmor-scan.yml	pull_request	auto-update-meta-qcom-kas-config-30591306265	2026-08-10T06:41:07Z	failure	1	08fcda4a62	
31362908155	repolinter.yml	pull_request	auto-update-meta-qcom-kas-config-30591306265	2026-08-10T06:41:07Z	success	1	08fcda4a62	
31362908210	commit-lint.yml	pull_request	auto-update-meta-qcom-kas-config-30591306265	2026-08-10T06:41:07Z	success	1	08fcda4a62	
31362908451	pr.yml	pull_request	auto-update-meta-qcom-kas-config-30591306265	2026-08-10T06:41:07Z	success	1	08fcda4a62	
31362908452	test-pr.yml	pull_request	auto-update-meta-qcom-kas-config-30591306265	2026-08-10T06:41:07Z	skipped	1	08fcda4a62	
31362909122	qcom-preflight-checks.yml	pull_request	auto-update-meta-qcom-kas-config-30591306265	2026-08-10T06:41:08Z	success	1	08fcda4a62	
31362952144	test-pr.yml	workflow_run	main	2026-08-10T06:41:51Z	skipped	1	e985da7a73	
31372603550	test-pr.yml	workflow_run	main	2026-08-10T09:00:29Z	failure	1	e985da7a73	
31379148700	nightly-build.yml	schedule	main	2026-08-10T10:26:40Z	success	1	e985da7a73	
31387333387	nightly-build-wrynose.yml	schedule	main	2026-08-10T12:17:31Z	success	1	e985da7a73	
31387340625	nightly-build.yml	workflow_dispatch	wrynose	2026-08-10T12:17:37Z	success	1	62853a4485	
31451133162	zizmor-scan.yml	pull_request	auto-update-meta-qcom-commit-31344960860	2026-08-11T02:02:09Z	failure	1	dadd95a6e6	
31451133166	commit-lint.yml	pull_request	auto-update-meta-qcom-commit-31344960860	2026-08-11T02:02:09Z	failure	1	dadd95a6e6	
31451133184	repolinter.yml	pull_request	auto-update-meta-qcom-commit-31344960860	2026-08-11T02:02:09Z	skipped	1	dadd95a6e6	
31451133309	test-pr.yml	pull_request	auto-update-meta-qcom-commit-31344960860	2026-08-11T02:02:09Z	skipped	1	dadd95a6e6	
31451133320	pr.yml	pull_request	auto-update-meta-qcom-commit-31344960860	2026-08-11T02:02:09Z	cancelled	1	dadd95a6e6	
31451134062	qcom-preflight-checks.yml	pull_request	auto-update-meta-qcom-commit-31344960860	2026-08-11T02:02:10Z	success	1	dadd95a6e6	
31451344811	repolinter.yml	pull_request	auto-update-meta-qcom-commit-31344960860	2026-08-11T02:06:12Z	skipped	1	5c671b726c	
31451344820	commit-lint.yml	pull_request	auto-update-meta-qcom-commit-31344960860	2026-08-11T02:06:12Z	success	1	5c671b726c	
31451344863	zizmor-scan.yml	pull_request	auto-update-meta-qcom-commit-31344960860	2026-08-11T02:06:12Z	failure	1	5c671b726c	
31451345001	test-pr.yml	pull_request	auto-update-meta-qcom-commit-31344960860	2026-08-11T02:06:12Z	skipped	1	5c671b726c	
31451345008	pr.yml	pull_request	auto-update-meta-qcom-commit-31344960860	2026-08-11T02:06:12Z	failure	1	5c671b726c	
31451345652	qcom-preflight-checks.yml	pull_request	auto-update-meta-qcom-commit-31344960860	2026-08-11T02:06:12Z	success	1	5c671b726c	
31451349642	test-pr.yml	workflow_run	main	2026-08-11T02:06:16Z	skipped	1	e985da7a73	
31451822242	stales.yml	schedule	main	2026-08-11T02:15:28Z	success	1	e985da7a73	
31453084449	test-pr.yml	workflow_run	main	2026-08-11T02:40:38Z	skipped	1	e985da7a73	
31455619197	repolinter.yml	pull_request	auto-update-meta-qcom-kas-config-31344960860	2026-08-11T03:30:54Z	skipped	1	e09b166bc0	
31455619224	zizmor-scan.yml	pull_request	auto-update-meta-qcom-kas-config-31344960860	2026-08-11T03:30:54Z	failure	1	e09b166bc0	
31455619233	commit-lint.yml	pull_request	auto-update-meta-qcom-kas-config-31344960860	2026-08-11T03:30:54Z	success	1	e09b166bc0	
31455619375	pr.yml	pull_request	auto-update-meta-qcom-kas-config-31344960860	2026-08-11T03:30:54Z	failure	1	e09b166bc0	
31455619378	test-pr.yml	pull_request	auto-update-meta-qcom-kas-config-31344960860	2026-08-11T03:30:54Z	skipped	1	e09b166bc0	
31455619838	qcom-preflight-checks.yml	pull_request	auto-update-meta-qcom-kas-config-31344960860	2026-08-11T03:30:55Z	success	1	e09b166bc0	
31456099504	test-pr.yml	workflow_run	main	2026-08-11T03:40:29Z	skipped	1	e985da7a73	
31458326443	backport.yml	pull_request_target	auto-update-meta-qcom-kas-config-31344960860	2026-08-11T04:23:32Z	skipped	1	e09b166bc0	
31468159434	zizmor-scan.yml	pull_request	auto-update-meta-qcom-commit-31344960860	2026-08-11T07:14:34Z	failure	1	719b054578	
31468159449	repolinter.yml	pull_request	auto-update-meta-qcom-commit-31344960860	2026-08-11T07:14:34Z	skipped	1	719b054578	
31468159465	commit-lint.yml	pull_request	auto-update-meta-qcom-commit-31344960860	2026-08-11T07:14:34Z	failure	1	719b054578	
31468159707	pr.yml	pull_request	auto-update-meta-qcom-commit-31344960860	2026-08-11T07:14:34Z	cancelled	1	719b054578	
31468159770	test-pr.yml	pull_request	auto-update-meta-qcom-commit-31344960860	2026-08-11T07:14:34Z	skipped	1	719b054578	
31468160738	qcom-preflight-checks.yml	pull_request	auto-update-meta-qcom-commit-31344960860	2026-08-11T07:14:35Z	success	1	719b054578	
31470384397	zizmor-scan.yml	pull_request	auto-update-meta-qcom-commit-31344960860	2026-08-11T07:47:02Z	failure	1	aba19748bd	
31470384443	repolinter.yml	pull_request	auto-update-meta-qcom-commit-31344960860	2026-08-11T07:47:02Z	skipped	1	aba19748bd	
31470384476	commit-lint.yml	pull_request	auto-update-meta-qcom-commit-31344960860	2026-08-11T07:47:03Z	success	1	aba19748bd	
31470384700	test-pr.yml	pull_request	auto-update-meta-qcom-commit-31344960860	2026-08-11T07:47:03Z	skipped	1	aba19748bd	
31470384966	pr.yml	pull_request	auto-update-meta-qcom-commit-31344960860	2026-08-11T07:47:03Z	failure	1	aba19748bd	
31470385778	qcom-preflight-checks.yml	pull_request	auto-update-meta-qcom-commit-31344960860	2026-08-11T07:47:04Z	success	1	aba19748bd	
31470409920	test-pr.yml	workflow_run	main	2026-08-11T07:47:25Z	skipped	1	e985da7a73	
31472909114	test-pr.yml	workflow_run	main	2026-08-11T08:22:26Z	skipped	1	e985da7a73	
31481517828	nightly-build.yml	schedule	main	2026-08-11T10:17:03Z	success	1	e985da7a73	
31490534863	nightly-build-wrynose.yml	schedule	main	2026-08-11T12:17:50Z	success	1	e985da7a73	
31490543915	nightly-build.yml	workflow_dispatch	wrynose	2026-08-11T12:17:57Z	failure	1	62853a4485	
31556325242	stales.yml	schedule	main	2026-08-12T02:16:04Z	success	1	e985da7a73	
31564270586	commit-lint.yml	pull_request	main	2026-08-12T04:45:10Z	success	1	35bcc0e934	
31564270607	repolinter.yml	pull_request	main	2026-08-12T04:45:10Z	skipped	1	35bcc0e934	
31564270652	zizmor-scan.yml	pull_request	main	2026-08-12T04:45:10Z	failure	1	35bcc0e934	
31564271224	pr.yml	pull_request	main	2026-08-12T04:45:11Z	cancelled	1	35bcc0e934	
31564271530	test-pr.yml	pull_request	main	2026-08-12T04:45:11Z	skipped	1	35bcc0e934	
31564271796	qcom-preflight-checks.yml	pull_request	main	2026-08-12T04:45:12Z	failure	1	35bcc0e934	
31564357714	repolinter.yml	pull_request	main	2026-08-12T04:46:47Z	skipped	1	376be42584	
31564357718	zizmor-scan.yml	pull_request	main	2026-08-12T04:46:47Z	failure	2	376be42584	
31564357727	commit-lint.yml	pull_request	main	2026-08-12T04:46:47Z	success	1	376be42584	
31564357957	test-pr.yml	pull_request	main	2026-08-12T04:46:47Z	skipped	1	376be42584	
31564358076	pr.yml	pull_request	main	2026-08-12T04:46:47Z	cancelled	1	376be42584	
31564358554	qcom-preflight-checks.yml	pull_request	main	2026-08-12T04:46:48Z	failure	1	376be42584	
31564362479	test-pr.yml	workflow_run	main	2026-08-12T04:46:52Z	skipped	1	e985da7a73	
31569325747	zizmor-scan.yml	pull_request	main	2026-08-12T06:15:15Z	failure	1	4229db43a8	
31569325868	repolinter.yml	pull_request	main	2026-08-12T06:15:16Z	skipped	1	4229db43a8	
31569325884	commit-lint.yml	pull_request	main	2026-08-12T06:15:16Z	success	1	4229db43a8	
31569326002	pr.yml	pull_request	main	2026-08-12T06:15:16Z	success	1	4229db43a8	
31569326209	test-pr.yml	pull_request	main	2026-08-12T06:15:16Z	skipped	1	4229db43a8	
31569327069	qcom-preflight-checks.yml	pull_request	main	2026-08-12T06:15:17Z	failure	1	4229db43a8	
31569351438	test-pr.yml	workflow_run	main	2026-08-12T06:15:39Z	skipped	1	e985da7a73	
31578221144	test-pr.yml	workflow_run	main	2026-08-12T08:24:54Z	failure	1	e985da7a73	
31578870796	pr.yml	workflow_dispatch	main	2026-08-12T08:33:33Z	success	1	e985da7a73	
31587049482	nightly-build.yml	schedule	main	2026-08-12T10:21:27Z	success	1	e985da7a73	
31589065636	test-pr.yml	workflow_run	main	2026-08-12T10:48:41Z	failure	1	e985da7a73	
31592962119	backport.yml	pull_request_target	main	2026-08-12T11:41:11Z	success	1	4229db43a8	
31592962539	repolinter.yml	push	main	2026-08-12T11:41:12Z	skipped	1	d3258d1f0f	
31592963034	push.yml	push	main	2026-08-12T11:41:12Z	success	1	d3258d1f0f	
31592963840	qcom-preflight-checks.yml	push	main	2026-08-12T11:41:13Z	success	1	d3258d1f0f	
31592980966	zizmor-scan.yml	pull_request	backport/341-to-wrynose	2026-08-12T11:41:28Z	failure	1	5684e73020	
31592980991	repolinter.yml	pull_request	backport/341-to-wrynose	2026-08-12T11:41:28Z	success	1	5684e73020	
31592981026	commit-lint.yml	pull_request	backport/341-to-wrynose	2026-08-12T11:41:28Z	success	1	5684e73020	
31592981294	pr.yml	pull_request	backport/341-to-wrynose	2026-08-12T11:41:28Z	success	1	5684e73020	
31592981349	test-pr.yml	pull_request	backport/341-to-wrynose	2026-08-12T11:41:28Z	skipped	1	5684e73020	
31592982270	qcom-preflight-checks.yml	pull_request	backport/341-to-wrynose	2026-08-12T11:41:29Z	failure	1	5684e73020	
31595818542	nightly-build-wrynose.yml	schedule	main	2026-08-12T12:18:35Z	success	1	d3258d1f0f	
31595824852	nightly-build.yml	workflow_dispatch	wrynose	2026-08-12T12:18:40Z	success	1	62853a4485	
31603643617	test-pr.yml	workflow_run	main	2026-08-12T13:51:43Z	failure	1	d3258d1f0f	
31660295726	stales.yml	schedule	main	2026-08-13T02:16:03Z	success	1	d3258d1f0f	
31690775963	nightly-build.yml	schedule	main	2026-08-13T10:22:15Z	success	1	d3258d1f0f	
31699395531	nightly-build-wrynose.yml	schedule	main	2026-08-13T12:18:19Z	success	1	d3258d1f0f	
31699403246	nightly-build.yml	workflow_dispatch	wrynose	2026-08-13T12:18:26Z	success	1	62853a4485	
31763209021	stales.yml	schedule	main	2026-08-14T02:16:09Z	success	1	d3258d1f0f	
31791794825	nightly-build.yml	schedule	main	2026-08-14T10:20:10Z	success	1	d3258d1f0f	
31799718688	nightly-build-wrynose.yml	schedule	main	2026-08-14T12:17:48Z	success	1	d3258d1f0f	
31799724001	nightly-build.yml	workflow_dispatch	wrynose	2026-08-14T12:17:52Z	failure	1	62853a4485	
31857986049	stales.yml	schedule	main	2026-08-15T01:59:28Z	success	1	d3258d1f0f	
31878554759	nightly-build.yml	schedule	main	2026-08-15T10:03:19Z	success	1	d3258d1f0f	
31883718830	nightly-build-wrynose.yml	schedule	main	2026-08-15T12:05:33Z	success	1	d3258d1f0f	
31883724081	nightly-build.yml	workflow_dispatch	wrynose	2026-08-15T12:05:42Z	success	1	62853a4485	
31920980516	stales.yml	schedule	main	2026-08-16T02:03:19Z	success	1	d3258d1f0f	
31940687092	nightly-build.yml	schedule	main	2026-08-16T10:03:48Z	success	1	d3258d1f0f	
31946133802	nightly-build-wrynose.yml	schedule	main	2026-08-16T12:06:01Z	success	1	d3258d1f0f	
31946138958	nightly-build.yml	workflow_dispatch	wrynose	2026-08-16T12:06:08Z	failure	1	62853a4485	
31951001776	commit-lint.yml	pull_request	auto-update-meta-qcom-kas-config-31344960860	2026-08-16T13:51:11Z	success	1	41e19060b7	
31951001788	zizmor-scan.yml	pull_request	auto-update-meta-qcom-kas-config-31344960860	2026-08-16T13:51:11Z	failure	1	41e19060b7	
31951001795	repolinter.yml	pull_request	auto-update-meta-qcom-kas-config-31344960860	2026-08-16T13:51:11Z	skipped	1	41e19060b7	
31951001903	pr.yml	pull_request	auto-update-meta-qcom-kas-config-31344960860	2026-08-16T13:51:11Z	failure	1	41e19060b7	
31951001930	test-pr.yml	pull_request	auto-update-meta-qcom-kas-config-31344960860	2026-08-16T13:51:11Z	skipped	1	41e19060b7	
31951002310	qcom-preflight-checks.yml	pull_request	auto-update-meta-qcom-kas-config-31344960860	2026-08-16T13:51:11Z	success	1	41e19060b7	
31951077803	commit-lint.yml	pull_request	auto-update-meta-qcom-kas-config-30591306265	2026-08-16T13:52:47Z	success	1	a45694771b	
31951077810	zizmor-scan.yml	pull_request	auto-update-meta-qcom-kas-config-30591306265	2026-08-16T13:52:47Z	failure	1	a45694771b	
31951077833	repolinter.yml	pull_request	auto-update-meta-qcom-kas-config-30591306265	2026-08-16T13:52:47Z	success	1	a45694771b	
31951077963	pr.yml	pull_request	auto-update-meta-qcom-kas-config-30591306265	2026-08-16T13:52:47Z	success	1	a45694771b	
31951078007	test-pr.yml	pull_request	auto-update-meta-qcom-kas-config-30591306265	2026-08-16T13:52:47Z	skipped	1	a45694771b	
31951078304	qcom-preflight-checks.yml	pull_request	auto-update-meta-qcom-kas-config-30591306265	2026-08-16T13:52:48Z	success	1	a45694771b	
31951458344	test-pr.yml	workflow_run	main	2026-08-16T14:00:40Z	skipped	1	d3258d1f0f	
31957364572	test-pr.yml	workflow_run	main	2026-08-16T16:00:58Z	failure	1	d3258d1f0f	
31967007052	repolinter.yml	pull_request	auto-update-meta-qcom-kas-config-30591306265	2026-08-16T19:14:55Z	success	1	b6a99cef21	
31967007094	zizmor-scan.yml	pull_request	auto-update-meta-qcom-kas-config-30591306265	2026-08-16T19:14:55Z	failure	1	b6a99cef21	
31967007150	commit-lint.yml	pull_request	auto-update-meta-qcom-kas-config-30591306265	2026-08-16T19:14:55Z	success	1	b6a99cef21	
31967007266	test-pr.yml	pull_request	auto-update-meta-qcom-kas-config-30591306265	2026-08-16T19:14:55Z	skipped	1	b6a99cef21	
31967007395	pr.yml	pull_request	auto-update-meta-qcom-kas-config-30591306265	2026-08-16T19:14:56Z	success	1	b6a99cef21	
31967008373	qcom-preflight-checks.yml	pull_request	auto-update-meta-qcom-kas-config-30591306265	2026-08-16T19:14:57Z	success	1	b6a99cef21	
31967680790	repolinter.yml	pull_request	auto-update-meta-qcom-kas-config-31344960860	2026-08-16T19:28:30Z	skipped	1	4924aac6ba	
31967680797	zizmor-scan.yml	pull_request	auto-update-meta-qcom-kas-config-31344960860	2026-08-16T19:28:30Z	failure	1	4924aac6ba	
31967680860	commit-lint.yml	pull_request	auto-update-meta-qcom-kas-config-31344960860	2026-08-16T19:28:30Z	success	1	4924aac6ba	
31967680917	pr.yml	pull_request	auto-update-meta-qcom-kas-config-31344960860	2026-08-16T19:28:30Z	failure	1	4924aac6ba	
31967681074	test-pr.yml	pull_request	auto-update-meta-qcom-kas-config-31344960860	2026-08-16T19:28:30Z	skipped	1	4924aac6ba	
31967681489	qcom-preflight-checks.yml	pull_request	auto-update-meta-qcom-kas-config-31344960860	2026-08-16T19:28:31Z	success	1	4924aac6ba	
31968153506	test-pr.yml	workflow_run	main	2026-08-16T19:37:52Z	skipped	1	d3258d1f0f	
31973449547	test-pr.yml	workflow_run	main	2026-08-16T21:25:36Z	failure	1	d3258d1f0f	
31986719343	stales.yml	schedule	main	2026-08-17T02:01:54Z	success	1	d3258d1f0f	
32018762899	nightly-build.yml	schedule	main	2026-08-17T10:09:06Z	success	1	d3258d1f0f	
32026855936	zizmor-scan.yml	pull_request	auto-update-meta-qcom-kas-config-31344960860	2026-08-17T11:50:19Z	failure	1	9a27729468	
32026855937	commit-lint.yml	pull_request	auto-update-meta-qcom-kas-config-31344960860	2026-08-17T11:50:19Z	failure	1	9a27729468	
32026855967	repolinter.yml	pull_request	auto-update-meta-qcom-kas-config-31344960860	2026-08-17T11:50:19Z	skipped	1	9a27729468	
32026856300	test-pr.yml	pull_request	auto-update-meta-qcom-kas-config-31344960860	2026-08-17T11:50:19Z	skipped	1	9a27729468	
32026856360	pr.yml	pull_request	auto-update-meta-qcom-kas-config-31344960860	2026-08-17T11:50:19Z	cancelled	1	9a27729468	
32026857093	qcom-preflight-checks.yml	pull_request	auto-update-meta-qcom-kas-config-31344960860	2026-08-17T11:50:20Z	success	1	9a27729468	
32026934989	backport.yml	pull_request_target	auto-update-meta-qcom-commit-31344960860	2026-08-17T11:51:18Z	skipped	1	aba19748bd	
32027095430	repolinter.yml	pull_request	auto-update-meta-qcom-kas-config-31344960860	2026-08-17T11:53:19Z	skipped	1	ef08ac1ba1	
32027095562	commit-lint.yml	pull_request	auto-update-meta-qcom-kas-config-31344960860	2026-08-17T11:53:19Z	success	1	ef08ac1ba1	
32027095652	zizmor-scan.yml	pull_request	auto-update-meta-qcom-kas-config-31344960860	2026-08-17T11:53:19Z	failure	1	ef08ac1ba1	
32027095980	pr.yml	pull_request	auto-update-meta-qcom-kas-config-31344960860	2026-08-17T11:53:19Z	failure	1	ef08ac1ba1	
32027096147	test-pr.yml	pull_request	auto-update-meta-qcom-kas-config-31344960860	2026-08-17T11:53:19Z	skipped	1	ef08ac1ba1	
32027096991	qcom-preflight-checks.yml	pull_request	auto-update-meta-qcom-kas-config-31344960860	2026-08-17T11:53:20Z	success	1	ef08ac1ba1	
32027103005	test-pr.yml	workflow_run	main	2026-08-17T11:53:24Z	skipped	1	d3258d1f0f	
32028252466	nightly-build-wrynose.yml	schedule	main	2026-08-17T12:07:30Z	success	1	d3258d1f0f	
32028263176	nightly-build.yml	workflow_dispatch	wrynose	2026-08-17T12:07:37Z	success	1	62853a4485	
32029867246	test-pr.yml	workflow_run	main	2026-08-17T12:26:29Z	skipped	1	d3258d1f0f	
32090238908	stales.yml	schedule	main	2026-08-18T02:00:15Z	success	1	d3258d1f0f	
32111960740	commit-lint.yml	pull_request	auto-update-meta-qcom-commit-31344960860	2026-08-18T07:32:57Z	success	1	bf14159f98	
32111960761	zizmor-scan.yml	pull_request	auto-update-meta-qcom-commit-31344960860	2026-08-18T07:32:57Z	failure	1	bf14159f98	
32111960832	repolinter.yml	pull_request	auto-update-meta-qcom-commit-31344960860	2026-08-18T07:32:57Z	skipped	1	bf14159f98	
32111961110	test-pr.yml	pull_request	auto-update-meta-qcom-commit-31344960860	2026-08-18T07:32:57Z	skipped	1	bf14159f98	
32111961131	pr.yml	pull_request	auto-update-meta-qcom-commit-31344960860	2026-08-18T07:32:57Z	success	1	bf14159f98	
32111961953	qcom-preflight-checks.yml	pull_request	auto-update-meta-qcom-commit-31344960860	2026-08-18T07:32:57Z	success	1	bf14159f98	
32111969767	backport.yml	pull_request_target	auto-update-meta-qcom-kas-config-31344960860	2026-08-18T07:33:03Z	skipped	1	ef08ac1ba1	
32120713451	repolinter.yml	pull_request	main	2026-08-18T09:16:18Z	failure	1	08ca08fb2a	
32120713469	commit-lint.yml	pull_request	main	2026-08-18T09:16:18Z	failure	1	08ca08fb2a	
32120713485	zizmor-scan.yml	pull_request	main	2026-08-18T09:16:18Z	failure	1	08ca08fb2a	
32120713782	test-pr.yml	pull_request	main	2026-08-18T09:16:18Z	failure	1	08ca08fb2a	
32120713809	pr.yml	pull_request	main	2026-08-18T09:16:18Z	failure	1	08ca08fb2a	
32120715067	qcom-preflight-checks.yml	pull_request	main	2026-08-18T09:16:19Z	failure	1	08ca08fb2a	
32120802876	zizmor-scan.yml	pull_request	main	2026-08-18T09:17:18Z	failure	2	a4cd209c84	
32120802887	repolinter.yml	pull_request	main	2026-08-18T09:17:18Z	skipped	2	a4cd209c84	
32120802898	commit-lint.yml	pull_request	main	2026-08-18T09:17:18Z	success	2	a4cd209c84	
32120803175	test-pr.yml	pull_request	main	2026-08-18T09:17:19Z	skipped	2	a4cd209c84	
32120803233	pr.yml	pull_request	main	2026-08-18T09:17:19Z	success	2	a4cd209c84	
32120804139	qcom-preflight-checks.yml	pull_request	main	2026-08-18T09:17:19Z	success	2	a4cd209c84	
32120904031	backport.yml	pull_request_target	wrynose	2026-08-18T09:18:27Z	skipped	1	f79e00ca2e	
32124985234	nightly-build.yml	schedule	main	2026-08-18T10:05:20Z	success	1	d3258d1f0f	
32125621928	test-pr.yml	workflow_run	main	2026-08-18T10:12:47Z	failure	1	d3258d1f0f	
32132164530	test-pr.yml	workflow_run	main	2026-08-18T11:31:41Z	failure	1	d3258d1f0f	
32135278932	nightly-build-wrynose.yml	schedule	main	2026-08-18T12:08:35Z	success	1	d3258d1f0f	
32135288134	nightly-build.yml	workflow_dispatch	wrynose	2026-08-18T12:08:41Z	success	1	62853a4485	
32136779397	repolinter.yml	push	main	2026-08-18T12:25:48Z	skipped	1	9c73a83fa4	
32136779632	push.yml	push	main	2026-08-18T12:25:48Z	success	1	9c73a83fa4	
32136780030	backport.yml	pull_request_target	main	2026-08-18T12:25:48Z	success	1	a4cd209c84	
32136780962	qcom-preflight-checks.yml	push	main	2026-08-18T12:25:49Z	success	1	9c73a83fa4	
32136803307	zizmor-scan.yml	pull_request	backport/346-to-wrynose	2026-08-18T12:26:05Z	failure	1	898ec8c42e	
32136803467	commit-lint.yml	pull_request	backport/346-to-wrynose	2026-08-18T12:26:05Z	success	1	898ec8c42e	
32136803537	repolinter.yml	pull_request	backport/346-to-wrynose	2026-08-18T12:26:05Z	success	1	898ec8c42e	
32136803820	pr.yml	pull_request	backport/346-to-wrynose	2026-08-18T12:26:05Z	success	1	898ec8c42e	
32136804108	test-pr.yml	pull_request	backport/346-to-wrynose	2026-08-18T12:26:05Z	skipped	1	898ec8c42e	
32136805254	qcom-preflight-checks.yml	pull_request	backport/346-to-wrynose	2026-08-18T12:26:06Z	success	1	898ec8c42e	
32150396112	test-pr.yml	workflow_run	main	2026-08-18T14:46:31Z	failure	1	9c73a83fa4	
32207031790	stales.yml	schedule	main	2026-08-19T02:01:17Z	success	1	9c73a83fa4	
32212274273	backport.yml	pull_request_target	backport/346-to-wrynose	2026-08-19T03:28:35Z	skipped	1	898ec8c42e	
32212274426	repolinter.yml	push	wrynose	2026-08-19T03:28:35Z	success	1	83510daeec	
32212274761	push.yml	push	wrynose	2026-08-19T03:28:35Z	success	1	83510daeec	
32229785538	commit-lint.yml	pull_request	main	2026-08-19T07:51:27Z	failure	1	a18e12721c	
32229785646	zizmor-scan.yml	pull_request	main	2026-08-19T07:51:27Z	failure	1	a18e12721c	
32229785749	repolinter.yml	pull_request	main	2026-08-19T07:51:27Z	skipped	1	a18e12721c	
32229785837	pr.yml	pull_request	main	2026-08-19T07:51:27Z	success	1	a18e12721c	
32229785927	test-pr.yml	pull_request	main	2026-08-19T07:51:27Z	skipped	1	a18e12721c	
32229786877	qcom-preflight-checks.yml	pull_request	main	2026-08-19T07:51:28Z	success	1	a18e12721c	
32229966270	backport.yml	pull_request_target	main	2026-08-19T07:53:39Z	skipped	1	a18e12721c	
32232033776	repolinter.yml	pull_request	main	2026-08-19T08:19:17Z	skipped	1	a18e12721c	
32232033781	commit-lint.yml	pull_request	main	2026-08-19T08:19:17Z	failure	2	a18e12721c	
32232033794	zizmor-scan.yml	pull_request	main	2026-08-19T08:19:17Z	failure	1	a18e12721c	
32232034064	test-pr.yml	pull_request	main	2026-08-19T08:19:17Z	skipped	1	a18e12721c	
32232034094	pr.yml	pull_request	main	2026-08-19T08:19:17Z	success	1	a18e12721c	
32232034894	qcom-preflight-checks.yml	pull_request	main	2026-08-19T08:19:18Z	success	1	a18e12721c	
32240560387	zizmor-scan.yml	pull_request	depth-est-fix	2026-08-19T10:00:58Z	failure	1	384d25f84c	
32240560440	repolinter.yml	pull_request	depth-est-fix	2026-08-19T10:00:58Z	skipped	1	384d25f84c	
32240560548	commit-lint.yml	pull_request	depth-est-fix	2026-08-19T10:00:59Z	success	1	384d25f84c	
32240560680	pr.yml	pull_request	depth-est-fix	2026-08-19T10:00:59Z	success	1	384d25f84c	
32240561122	test-pr.yml	pull_request	depth-est-fix	2026-08-19T10:00:59Z	skipped	1	384d25f84c	
32240562260	qcom-preflight-checks.yml	pull_request	depth-est-fix	2026-08-19T10:01:00Z	success	1	384d25f84c	
32240937582	nightly-build.yml	schedule	main	2026-08-19T10:05:21Z	success	1	9c73a83fa4	
32241232353	test-pr.yml	workflow_run	main	2026-08-19T10:08:48Z	failure	1	9c73a83fa4	
32242857760	test-pr.yml	workflow_run	main	2026-08-19T10:28:36Z	failure	1	9c73a83fa4	
32251087275	nightly-build-wrynose.yml	schedule	main	2026-08-19T12:08:15Z	success	1	9c73a83fa4	
32251095036	nightly-build.yml	workflow_dispatch	wrynose	2026-08-19T12:08:20Z	success	1	83510daeec	
32251522994	test-pr.yml	workflow_run	main	2026-08-19T12:13:20Z	failure	1	9c73a83fa4	
32320058744	commit-lint.yml	pull_request	main	2026-08-20T01:10:33Z	success	1	a42147f5bf	
32320058746	repolinter.yml	pull_request	main	2026-08-20T01:10:33Z	skipped	1	a42147f5bf	
32320058747	zizmor-scan.yml	pull_request	main	2026-08-20T01:10:33Z	failure	1	a42147f5bf	
32320058886	test-pr.yml	pull_request	main	2026-08-20T01:10:33Z	skipped	1	a42147f5bf	
32320058969	pr.yml	pull_request	main	2026-08-20T01:10:33Z	success	1	a42147f5bf	
32320059436	qcom-preflight-checks.yml	pull_request	main	2026-08-20T01:10:34Z	success	1	a42147f5bf	
32323100998	stales.yml	schedule	main	2026-08-20T02:00:56Z	success	1	9c73a83fa4	
32328018874	test-pr.yml	workflow_run	main	2026-08-20T03:22:52Z	failure	1	9c73a83fa4	
32332073746	zizmor-scan.yml	pull_request	depth-est-fix	2026-08-20T04:29:30Z	failure	1	15486fe29d	
32332073765	repolinter.yml	pull_request	depth-est-fix	2026-08-20T04:29:30Z	skipped	1	15486fe29d	
32332073787	commit-lint.yml	pull_request	depth-est-fix	2026-08-20T04:29:30Z	success	1	15486fe29d	
32332073979	pr.yml	pull_request	depth-est-fix	2026-08-20T04:29:30Z	success	1	15486fe29d	
32332073991	test-pr.yml	pull_request	depth-est-fix	2026-08-20T04:29:30Z	skipped	1	15486fe29d	
32332074760	qcom-preflight-checks.yml	pull_request	depth-est-fix	2026-08-20T04:29:31Z	success	1	15486fe29d	
32340759251	test-pr.yml	workflow_run	main	2026-08-20T06:43:04Z	failure	1	9c73a83fa4	
32357308508	nightly-build.yml	schedule	main	2026-08-20T10:06:51Z	failure	1	9c73a83fa4	
32367374316	nightly-build-wrynose.yml	schedule	main	2026-08-20T12:09:20Z	success	1	9c73a83fa4	
32367383042	nightly-build.yml	workflow_dispatch	wrynose	2026-08-20T12:09:27Z	success	1	83510daeec	
32437657075	repolinter.yml	push	wrynose	2026-08-21T01:49:42Z	success	1	f8068a8ad1	
32437657237	push.yml	push	wrynose	2026-08-21T01:49:43Z	success	1	f8068a8ad1	
32437657636	backport.yml	pull_request_target	auto-update-meta-qcom-kas-config-30591306265	2026-08-21T01:49:43Z	skipped	1	b6a99cef21	
32438500076	stales.yml	schedule	main	2026-08-21T02:03:40Z	success	1	9c73a83fa4	
32439558308	repolinter.yml	push	main	2026-08-21T02:21:18Z	skipped	1	95e099d44e	
32439558542	backport.yml	pull_request_target	main	2026-08-21T02:21:18Z	success	1	a42147f5bf	
32439558579	push.yml	push	main	2026-08-21T02:21:18Z	success	1	95e099d44e	
32439559313	qcom-preflight-checks.yml	push	main	2026-08-21T02:21:19Z	success	1	95e099d44e	
32439569635	commit-lint.yml	pull_request	backport/349-to-wrynose	2026-08-21T02:21:30Z	success	1	8f3ee94921	
32439569642	repolinter.yml	pull_request	backport/349-to-wrynose	2026-08-21T02:21:30Z	success	1	8f3ee94921	
32439569672	zizmor-scan.yml	pull_request	backport/349-to-wrynose	2026-08-21T02:21:30Z	failure	1	8f3ee94921	
32439569817	pr.yml	pull_request	backport/349-to-wrynose	2026-08-21T02:21:30Z	success	1	8f3ee94921	
32439569832	test-pr.yml	pull_request	backport/349-to-wrynose	2026-08-21T02:21:30Z	skipped	1	8f3ee94921	
32439570307	qcom-preflight-checks.yml	pull_request	backport/349-to-wrynose	2026-08-21T02:21:31Z	success	1	8f3ee94921	
32440198771	backport.yml	pull_request_target	prebuilt	2026-08-21T02:32:23Z	skipped	1	93deeef969	
32447844116	test-pr.yml	workflow_run	main	2026-08-21T04:41:48Z	failure	1	95e099d44e	
32455477362	repolinter.yml	pull_request	auto-update-meta-qcom-kas-config-31344960860	2026-08-21T06:42:24Z	skipped	1	f362bf6c2a	
32455477400	zizmor-scan.yml	pull_request	auto-update-meta-qcom-kas-config-31344960860	2026-08-21T06:42:24Z	failure	1	f362bf6c2a	
32455477412	commit-lint.yml	pull_request	auto-update-meta-qcom-kas-config-31344960860	2026-08-21T06:42:24Z	success	1	f362bf6c2a	
32455477538	pr.yml	pull_request	auto-update-meta-qcom-kas-config-31344960860	2026-08-21T06:42:24Z	failure	1	f362bf6c2a	
32455477547	test-pr.yml	pull_request	auto-update-meta-qcom-kas-config-31344960860	2026-08-21T06:42:24Z	skipped	1	f362bf6c2a	
32455478174	qcom-preflight-checks.yml	pull_request	auto-update-meta-qcom-kas-config-31344960860	2026-08-21T06:42:25Z	success	1	f362bf6c2a	
32455535867	backport.yml	pull_request_target	auto-update-meta-qcom-kas-config-31344960860	2026-08-21T06:43:15Z	skipped	1	f362bf6c2a	
32456105106	commit-lint.yml	pull_request	auto-update-meta-qcom-kas-config-32433212746	2026-08-21T06:51:28Z	success	1	06df751250	
32456105153	repolinter.yml	pull_request	auto-update-meta-qcom-kas-config-32433212746	2026-08-21T06:51:28Z	skipped	1	06df751250	
32456105294	zizmor-scan.yml	pull_request	auto-update-meta-qcom-kas-config-32433212746	2026-08-21T06:51:29Z	failure	1	06df751250	
32456105380	pr.yml	pull_request	auto-update-meta-qcom-kas-config-32433212746	2026-08-21T06:51:29Z	failure	1	06df751250	
32456105438	test-pr.yml	pull_request	auto-update-meta-qcom-kas-config-32433212746	2026-08-21T06:51:29Z	skipped	1	06df751250	
32456106791	qcom-preflight-checks.yml	pull_request	auto-update-meta-qcom-kas-config-32433212746	2026-08-21T06:51:30Z	success	1	06df751250	
32456172452	backport.yml	pull_request_target	auto-update-meta-qcom-kas-config-32433212746	2026-08-21T06:52:26Z	skipped	1	06df751250	
32456629765	test-pr.yml	workflow_run	main	2026-08-21T06:58:57Z	skipped	1	95e099d44e	
32456661131	test-pr.yml	workflow_run	main	2026-08-21T06:59:25Z	skipped	1	95e099d44e	
32465223860	repolinter.yml	push	main	2026-08-21T08:52:57Z	skipped	1	cb3ca7e3f9	
32465223878	backport.yml	pull_request_target	auto-update-meta-qcom-commit-31344960860	2026-08-21T08:52:57Z	success	1	bf14159f98	
32465224035	push.yml	push	main	2026-08-21T08:52:57Z	success	1	cb3ca7e3f9	
32465224798	qcom-preflight-checks.yml	push	main	2026-08-21T08:52:58Z	success	1	cb3ca7e3f9	
32465237658	backport.yml	pull_request_target	depth-est-fix	2026-08-21T08:53:08Z	success	1	15486fe29d	
32465237684	repolinter.yml	push	main	2026-08-21T08:53:08Z	skipped	1	a229f2dbed	
32465238059	push.yml	push	main	2026-08-21T08:53:08Z	success	1	a229f2dbed	
32465239178	qcom-preflight-checks.yml	push	main	2026-08-21T08:53:09Z	success	1	a229f2dbed	
32465257174	zizmor-scan.yml	pull_request	backport/350-to-wrynose	2026-08-21T08:53:23Z	failure	1	60a4c34941	
32465257184	repolinter.yml	pull_request	backport/350-to-wrynose	2026-08-21T08:53:23Z	success	1	60a4c34941	
32465257392	commit-lint.yml	pull_request	backport/350-to-wrynose	2026-08-21T08:53:23Z	success	1	60a4c34941	
32465257608	pr.yml	pull_request	backport/350-to-wrynose	2026-08-21T08:53:23Z	success	1	60a4c34941	
32465257892	test-pr.yml	pull_request	backport/350-to-wrynose	2026-08-21T08:53:23Z	skipped	1	60a4c34941	
32465258876	qcom-preflight-checks.yml	pull_request	backport/350-to-wrynose	2026-08-21T08:53:24Z	success	1	60a4c34941	
32471120959	nightly-build.yml	schedule	main	2026-08-21T10:06:55Z	success	1	a229f2dbed	
32476075861	test-pr.yml	workflow_run	main	2026-08-21T11:11:35Z	failure	1	a229f2dbed	
32480490534	nightly-build-wrynose.yml	schedule	main	2026-08-21T12:08:55Z	success	1	a229f2dbed	
32480503386	nightly-build.yml	workflow_dispatch	wrynose	2026-08-21T12:09:04Z	success	1	f8068a8ad1	
32545011727	stales.yml	schedule	main	2026-08-22T01:59:52Z	success	1	a229f2dbed	
32566614097	nightly-build.yml	schedule	main	2026-08-22T10:03:42Z	success	1	a229f2dbed	
32572056749	nightly-build-wrynose.yml	schedule	main	2026-08-22T12:05:48Z	success	1	a229f2dbed	
32572059723	nightly-build.yml	workflow_dispatch	wrynose	2026-08-22T12:05:52Z	failure	1	f8068a8ad1	
32611931544	stales.yml	schedule	main	2026-08-23T02:04:41Z	success	1	a229f2dbed	
32625804523	zizmor-scan.yml	pull_request	main	2026-08-23T07:31:48Z	failure	2	77827b8326	
32625804545	repolinter.yml	pull_request	main	2026-08-23T07:31:48Z	skipped	2	77827b8326	
32625804569	commit-lint.yml	pull_request	main	2026-08-23T07:31:48Z	success	2	77827b8326	
32625804790	pr.yml	pull_request	main	2026-08-23T07:31:49Z	success	2	77827b8326	
32625804810	test-pr.yml	pull_request	main	2026-08-23T07:31:49Z	skipped	2	77827b8326	
32625805255	qcom-preflight-checks.yml	pull_request	main	2026-08-23T07:31:49Z	success	2	77827b8326	
32632708520	nightly-build.yml	schedule	main	2026-08-23T10:03:23Z	success	1	a229f2dbed	
32638455991	nightly-build-wrynose.yml	schedule	main	2026-08-23T12:06:44Z	success	1	a229f2dbed	
32638461115	nightly-build.yml	workflow_dispatch	wrynose	2026-08-23T12:06:50Z	success	1	f8068a8ad1	
32681791250	stales.yml	schedule	main	2026-08-24T02:03:49Z	success	1	a229f2dbed	
32686016404	repolinter.yml	push	wrynose	2026-08-24T03:18:37Z	success	1	77117f7b5b	
32686016513	push.yml	push	wrynose	2026-08-24T03:18:37Z	failure	1	77117f7b5b	
32686016588	backport.yml	pull_request_target	backport/350-to-wrynose	2026-08-24T03:18:37Z	skipped	1	60a4c34941	
32686052124	backport.yml	pull_request_target	backport/349-to-wrynose	2026-08-24T03:19:18Z	skipped	1	8f3ee94921	
32686052258	repolinter.yml	push	wrynose	2026-08-24T03:19:19Z	success	1	d582d01e48	
32686052472	push.yml	push	wrynose	2026-08-24T03:19:19Z	success	1	d582d01e48	
32686865399	repolinter.yml	pull_request	auto-update-meta-qcom-kas-config-32429086783	2026-08-24T03:33:38Z	success	1	5b67c6c8bd	
32686865400	zizmor-scan.yml	pull_request	auto-update-meta-qcom-kas-config-32429086783	2026-08-24T03:33:38Z	failure	1	5b67c6c8bd	
32686865424	commit-lint.yml	pull_request	auto-update-meta-qcom-kas-config-32429086783	2026-08-24T03:33:38Z	success	1	5b67c6c8bd	
32686865583	pr.yml	pull_request	auto-update-meta-qcom-kas-config-32429086783	2026-08-24T03:33:38Z	failure	1	5b67c6c8bd	
32686865592	test-pr.yml	pull_request	auto-update-meta-qcom-kas-config-32429086783	2026-08-24T03:33:38Z	skipped	1	5b67c6c8bd	
32686866163	qcom-preflight-checks.yml	pull_request	auto-update-meta-qcom-kas-config-32429086783	2026-08-24T03:33:39Z	success	1	5b67c6c8bd	
32690023154	test-pr.yml	workflow_run	main	2026-08-24T04:26:38Z	failure	1	a229f2dbed	
32699000486	test-pr.yml	workflow_run	main	2026-08-24T06:51:06Z	skipped	1	a229f2dbed	
32699983729	backport.yml	pull_request_target	main	2026-08-24T07:05:30Z	skipped	1	77827b8326	
32700046701	zizmor-scan.yml	pull_request	main	2026-08-24T07:06:25Z	failure	1	77827b8326	
32700046713	commit-lint.yml	pull_request	main	2026-08-24T07:06:25Z	failure	1	77827b8326	
32700046768	repolinter.yml	pull_request	main	2026-08-24T07:06:25Z	failure	1	77827b8326	
32700046886	pr.yml	pull_request	main	2026-08-24T07:06:25Z	failure	1	77827b8326	
32700047002	test-pr.yml	pull_request	main	2026-08-24T07:06:25Z	failure	1	77827b8326	
32700047941	qcom-preflight-checks.yml	pull_request	main	2026-08-24T07:06:26Z	failure	1	77827b8326	
32715643758	nightly-build.yml	schedule	main	2026-08-24T10:12:59Z	success	1	a229f2dbed	
32715956220	zizmor-scan.yml	pull_request	main	2026-08-24T10:16:35Z	failure	2	14ee73b5b7	
32715956222	commit-lint.yml	pull_request	main	2026-08-24T10:16:35Z	failure	2	14ee73b5b7	
32715956248	repolinter.yml	pull_request	main	2026-08-24T10:16:35Z	skipped	2	14ee73b5b7	
32715956580	pr.yml	pull_request	main	2026-08-24T10:16:35Z	success	2	14ee73b5b7	
32715956598	test-pr.yml	pull_request	main	2026-08-24T10:16:35Z	skipped	2	14ee73b5b7	
32715957498	qcom-preflight-checks.yml	pull_request	main	2026-08-24T10:16:36Z	success	2	14ee73b5b7	
32725568263	nightly-build-wrynose.yml	schedule	main	2026-08-24T12:09:21Z	success	1	a229f2dbed	
32725578435	nightly-build.yml	workflow_dispatch	wrynose	2026-08-24T12:09:28Z	success	1	d582d01e48	
32799791300	stales.yml	schedule	main	2026-08-25T02:01:29Z	success	1	a229f2dbed	
32810354824	test-pr.yml	workflow_run	main	2026-08-25T04:48:23Z	failure	1	a229f2dbed	
32835552024	nightly-build.yml	schedule	main	2026-08-25T10:07:02Z	success	1	a229f2dbed	
32844167765	commit-lint.yml	pull_request	main	2026-08-25T11:47:56Z	success	2	cfcadb24dd	
32844167925	repolinter.yml	pull_request	main	2026-08-25T11:47:56Z	skipped	2	cfcadb24dd	
32844168158	test-pr.yml	pull_request	main	2026-08-25T11:47:56Z	skipped	2	cfcadb24dd	
32844168258	zizmor-scan.yml	pull_request	main	2026-08-25T11:47:56Z	failure	2	cfcadb24dd	
32844168383	pr.yml	pull_request	main	2026-08-25T11:47:57Z	success	2	cfcadb24dd	
32844169512	qcom-preflight-checks.yml	pull_request	main	2026-08-25T11:47:57Z	success	2	cfcadb24dd	
32846085901	nightly-build-wrynose.yml	schedule	main	2026-08-25T12:09:48Z	success	1	a229f2dbed	
32846093334	nightly-build.yml	workflow_dispatch	wrynose	2026-08-25T12:09:53Z	success	1	d582d01e48	
32853702009	zizmor-scan.yml	pull_request	auto-update-meta-qcom-kas-config-32429086783	2026-08-25T13:30:06Z	failure	1	ac7c7cce64	
32853702037	commit-lint.yml	pull_request	auto-update-meta-qcom-kas-config-32429086783	2026-08-25T13:30:06Z	success	1	ac7c7cce64	
32853702077	repolinter.yml	pull_request	auto-update-meta-qcom-kas-config-32429086783	2026-08-25T13:30:06Z	success	1	ac7c7cce64	
32853702324	pr.yml	pull_request	auto-update-meta-qcom-kas-config-32429086783	2026-08-25T13:30:06Z	success	1	ac7c7cce64	
32853702401	test-pr.yml	pull_request	auto-update-meta-qcom-kas-config-32429086783	2026-08-25T13:30:06Z	skipped	1	ac7c7cce64	
32853704061	qcom-preflight-checks.yml	pull_request	auto-update-meta-qcom-kas-config-32429086783	2026-08-25T13:30:07Z	success	1	ac7c7cce64	
32887473394	test-pr.yml	workflow_run	main	2026-08-25T19:04:20Z	failure	1	a229f2dbed	
32921336735	stales.yml	schedule	main	2026-08-26T02:04:18Z	success	1	a229f2dbed	
32932544177	test-pr.yml	workflow_run	main	2026-08-26T05:03:12Z	failure	1	a229f2dbed	
32939652536	repolinter.yml	push	main	2026-08-26T06:46:54Z	skipped	1	cd49bf2af4	
32939652665	backport.yml	pull_request_target	main	2026-08-26T06:46:54Z	success	1	b5b1cd22b3	
32939652812	push.yml	push	main	2026-08-26T06:46:54Z	success	1	cd49bf2af4	
32939653495	qcom-preflight-checks.yml	push	main	2026-08-26T06:46:54Z	success	1	cd49bf2af4	
32943646351	zizmor-scan.yml	pull_request	auto-update-meta-qcom-kas-config-29174562861	2026-08-26T07:37:12Z	failure	1	52ead1109f	
32943646407	commit-lint.yml	pull_request	auto-update-meta-qcom-kas-config-29174562861	2026-08-26T07:37:12Z	success	1	52ead1109f	
32943646496	repolinter.yml	pull_request	auto-update-meta-qcom-kas-config-29174562861	2026-08-26T07:37:12Z	skipped	1	52ead1109f	
32943646669	pr.yml	pull_request	auto-update-meta-qcom-kas-config-29174562861	2026-08-26T07:37:12Z	failure	1	52ead1109f	
32943646717	test-pr.yml	pull_request	auto-update-meta-qcom-kas-config-29174562861	2026-08-26T07:37:12Z	skipped	1	52ead1109f	
32943647969	qcom-preflight-checks.yml	pull_request	auto-update-meta-qcom-kas-config-29174562861	2026-08-26T07:37:13Z	success	1	52ead1109f	
32944280362	repolinter.yml	pull_request	fmt-fix	2026-08-26T07:45:00Z	skipped	1	c659f4a85f	
32944280365	zizmor-scan.yml	pull_request	fmt-fix	2026-08-26T07:45:00Z	failure	1	c659f4a85f	
32944280427	commit-lint.yml	pull_request	fmt-fix	2026-08-26T07:45:00Z	success	1	c659f4a85f	
32944280551	test-pr.yml	pull_request	fmt-fix	2026-08-26T07:45:00Z	skipped	1	c659f4a85f	
32944280632	pr.yml	pull_request	fmt-fix	2026-08-26T07:45:00Z	success	1	c659f4a85f	
32944281447	qcom-preflight-checks.yml	pull_request	fmt-fix	2026-08-26T07:45:01Z	success	1	c659f4a85f	
32945073517	test-pr.yml	workflow_run	main	2026-08-26T07:54:42Z	skipped	1	cd49bf2af4	
32946227980	repolinter.yml	push	main	2026-08-26T08:08:23Z	skipped	1	5749644d75	
32946228112	backport.yml	pull_request_target	main	2026-08-26T08:08:23Z	success	1	cfcadb24dd	
32946228309	push.yml	push	main	2026-08-26T08:08:23Z	failure	1	5749644d75	
32946229125	qcom-preflight-checks.yml	push	main	2026-08-26T08:08:24Z	success	1	5749644d75	
32946250761	repolinter.yml	pull_request	backport/355-to-wrynose	2026-08-26T08:08:39Z	success	1	a3cec88166	
32946250879	commit-lint.yml	pull_request	backport/355-to-wrynose	2026-08-26T08:08:39Z	success	1	a3cec88166	
32946250922	zizmor-scan.yml	pull_request	backport/355-to-wrynose	2026-08-26T08:08:39Z	failure	1	a3cec88166	
32946251065	test-pr.yml	pull_request	backport/355-to-wrynose	2026-08-26T08:08:39Z	skipped	1	a3cec88166	
32946251210	pr.yml	pull_request	backport/355-to-wrynose	2026-08-26T08:08:39Z	success	1	a3cec88166	
32946252464	qcom-preflight-checks.yml	pull_request	backport/355-to-wrynose	2026-08-26T08:08:40Z	success	1	a3cec88166	
32952678761	backport.yml	pull_request_target	auto-update-meta-qcom-kas-config-32429086783	2026-08-26T09:22:49Z	skipped	1	ac7c7cce64	
32952679311	repolinter.yml	push	wrynose	2026-08-26T09:22:49Z	success	1	dc92ce4c92	
32952679594	push.yml	push	wrynose	2026-08-26T09:22:49Z	failure	1	dc92ce4c92	
32956564291	test-pr.yml	workflow_run	main	2026-08-26T10:06:45Z	failure	1	5749644d75	
32956887855	nightly-build.yml	schedule	main	2026-08-26T10:10:34Z	success	1	5749644d75	
32957782430	test-pr.yml	workflow_run	main	2026-08-26T10:20:54Z	failure	1	5749644d75	
32967107383	nightly-build-wrynose.yml	schedule	main	2026-08-26T12:10:03Z	success	1	5749644d75	
32967119631	nightly-build.yml	workflow_dispatch	wrynose	2026-08-26T12:10:10Z	failure	1	dc92ce4c92	
33035662835	stales.yml	schedule	main	2026-08-27T03:12:31Z	success	1	5749644d75	
33051433514	zizmor-scan.yml	pull_request	fmt-fix	2026-08-27T07:50:49Z	failure	1	8c5b8897fe	
33051433528	commit-lint.yml	pull_request	fmt-fix	2026-08-27T07:50:49Z	success	1	8c5b8897fe	
33051433564	repolinter.yml	pull_request	fmt-fix	2026-08-27T07:50:49Z	skipped	1	8c5b8897fe	
33051433707	pr.yml	pull_request	fmt-fix	2026-08-27T07:50:49Z	success	1	8c5b8897fe	
33051433712	test-pr.yml	pull_request	fmt-fix	2026-08-27T07:50:49Z	skipped	1	8c5b8897fe	
33051434483	qcom-preflight-checks.yml	pull_request	fmt-fix	2026-08-27T07:50:50Z	success	1	8c5b8897fe	
33052604677	repolinter.yml	push	wrynose	2026-08-27T08:06:53Z	success	1	004e664aeb	
33052604771	backport.yml	pull_request_target	backport/341-to-wrynose	2026-08-27T08:06:53Z	skipped	1	5684e73020	
33052605075	push.yml	push	wrynose	2026-08-27T08:06:53Z	success	1	004e664aeb	
33060088133	backport.yml	pull_request_target	backport/355-to-wrynose	2026-08-27T09:46:32Z	skipped	1	a3cec88166	
33060100364	commit-lint.yml	pull_request	backport/355-to-wrynose	2026-08-27T09:46:42Z	success	1	a3cec88166	
33060100413	zizmor-scan.yml	pull_request	backport/355-to-wrynose	2026-08-27T09:46:42Z	failure	1	a3cec88166	
33060100443	repolinter.yml	pull_request	backport/355-to-wrynose	2026-08-27T09:46:42Z	success	1	a3cec88166	
33060100742	test-pr.yml	pull_request	backport/355-to-wrynose	2026-08-27T09:46:42Z	skipped	1	a3cec88166	
33060100823	pr.yml	pull_request	backport/355-to-wrynose	2026-08-27T09:46:42Z	success	1	a3cec88166	
33060101834	qcom-preflight-checks.yml	pull_request	backport/355-to-wrynose	2026-08-27T09:46:43Z	success	1	a3cec88166	
33060123426	repolinter.yml	push	wrynose	2026-08-27T09:47:01Z	success	1	29af3c4402	
33060123718	push.yml	push	wrynose	2026-08-27T09:47:01Z	failure	1	29af3c4402	
33060123824	backport.yml	pull_request_target	backport/355-to-wrynose	2026-08-27T09:47:01Z	skipped	1	a3cec88166	
33061355450	test-pr.yml	workflow_run	main	2026-08-27T10:03:28Z	failure	1	5749644d75	
33069847218	zizmor-scan.yml	pull_request	rdepends-fix	2026-08-27T12:00:06Z	failure	1	561fdaa1e8	
33069847294	commit-lint.yml	pull_request	rdepends-fix	2026-08-27T12:00:06Z	success	1	561fdaa1e8	
33069847441	pr.yml	pull_request	rdepends-fix	2026-08-27T12:00:07Z	success	1	561fdaa1e8	
33069847465	test-pr.yml	pull_request	rdepends-fix	2026-08-27T12:00:07Z	skipped	1	561fdaa1e8	
33069847924	repolinter.yml	pull_request	rdepends-fix	2026-08-27T12:00:07Z	skipped	1	561fdaa1e8	
33069848908	qcom-preflight-checks.yml	pull_request	rdepends-fix	2026-08-27T12:00:08Z	success	1	561fdaa1e8	
33070267138	test-pr.yml	workflow_run	main	2026-08-27T12:05:33Z	failure	1	5749644d75	
33077137843	nightly-build.yml	schedule	main	2026-08-27T13:30:04Z	success	1	5749644d75	
33082029482	test-pr.yml	workflow_run	main	2026-08-27T14:24:06Z	failure	1	5749644d75	
33089348968	nightly-build-wrynose.yml	schedule	main	2026-08-27T15:43:08Z	success	1	5749644d75	
33089357565	nightly-build.yml	workflow_dispatch	wrynose	2026-08-27T15:43:14Z	failure	1	29af3c4402	
33141326081	stales.yml	schedule	main	2026-08-28T04:16:10Z	success	1	5749644d75	
33161338396	zizmor-scan.yml	pull_request	wrynose	2026-08-28T09:55:24Z	failure	2	3300e1045a	
33161338397	repolinter.yml	pull_request	wrynose	2026-08-28T09:55:24Z	success	2	3300e1045a	
33161338412	commit-lint.yml	pull_request	wrynose	2026-08-28T09:55:24Z	success	2	3300e1045a	
33161338912	pr.yml	pull_request	wrynose	2026-08-28T09:55:24Z	success	2	3300e1045a	
33161338913	test-pr.yml	pull_request	wrynose	2026-08-28T09:55:24Z	skipped	2	3300e1045a	
33161339623	qcom-preflight-checks.yml	pull_request	wrynose	2026-08-28T09:55:25Z	success	2	3300e1045a	
33166116490	commit-lint.yml	pull_request	main	2026-08-28T11:09:59Z	failure	1	c94f5a0d43	
33166116565	zizmor-scan.yml	pull_request	main	2026-08-28T11:10:00Z	failure	1	c94f5a0d43	
33166116601	repolinter.yml	pull_request	main	2026-08-28T11:10:00Z	failure	1	c94f5a0d43	
33166116715	pr.yml	pull_request	main	2026-08-28T11:10:00Z	failure	1	c94f5a0d43	
33166116884	test-pr.yml	pull_request	main	2026-08-28T11:10:00Z	failure	1	c94f5a0d43	
33166117757	qcom-preflight-checks.yml	pull_request	main	2026-08-28T11:10:01Z	failure	1	c94f5a0d43	
33167089085	zizmor-scan.yml	pull_request	main	2026-08-28T11:25:21Z	failure	2	769f51f491	
33167089093	repolinter.yml	pull_request	main	2026-08-28T11:25:21Z	skipped	2	769f51f491	
33167089100	commit-lint.yml	pull_request	main	2026-08-28T11:25:21Z	success	2	769f51f491	
33167089324	pr.yml	pull_request	main	2026-08-28T11:25:21Z	success	2	769f51f491	
33167089457	test-pr.yml	pull_request	main	2026-08-28T11:25:21Z	skipped	2	769f51f491	
33167090254	qcom-preflight-checks.yml	pull_request	main	2026-08-28T11:25:22Z	success	2	769f51f491	
33171123275	test-pr.yml	workflow_run	main	2026-08-28T12:27:07Z	failure	1	5749644d75	
33177972696	nightly-build.yml	schedule	main	2026-08-28T13:59:44Z	failure	1	5749644d75	
33188599765	nightly-build-wrynose.yml	schedule	main	2026-08-28T16:09:14Z	success	1	5749644d75	
33188606798	nightly-build.yml	workflow_dispatch	wrynose	2026-08-28T16:09:20Z	success	1	29af3c4402	
33226885173	stales.yml	schedule	main	2026-08-29T01:37:12Z	success	1	5749644d75	
33246906399	nightly-build.yml	schedule	main	2026-08-29T10:03:14Z	success	1	5749644d75	
33251951525	nightly-build-wrynose.yml	schedule	main	2026-08-29T12:13:03Z	success	1	5749644d75	
33251954858	nightly-build.yml	workflow_dispatch	wrynose	2026-08-29T12:13:08Z	failure	1	29af3c4402	
33260044099	repolinter.yml	push	wrynose	2026-08-29T15:21:44Z	success	1	1b88ed4b2e	
33260044212	push.yml	push	wrynose	2026-08-29T15:21:44Z	success	1	1b88ed4b2e	
33260044325	backport.yml	pull_request_target	wrynose	2026-08-29T15:21:45Z	skipped	1	3300e1045a	
33266023249	test-pr.yml	workflow_run	main	2026-08-29T17:35:14Z	failure	1	5749644d75	
33286321853	stales.yml	schedule	main	2026-08-30T01:43:28Z	success	1	5749644d75	
33305550644	nightly-build.yml	schedule	main	2026-08-30T10:03:46Z	success	1	5749644d75	
33310909735	nightly-build-wrynose.yml	schedule	main	2026-08-30T12:13:32Z	success	1	5749644d75	
33310913224	nightly-build.yml	workflow_dispatch	wrynose	2026-08-30T12:13:37Z	success	1	1b88ed4b2e	
33348703971	stales.yml	schedule	main	2026-08-31T01:48:29Z	success	1	5749644d75	
33349329743	repolinter.yml	pull_request	main	2026-08-31T02:00:51Z	skipped	2	a9e0783212	
33349329756	zizmor-scan.yml	pull_request	main	2026-08-31T02:00:51Z	failure	2	a9e0783212	
33349329772	commit-lint.yml	pull_request	main	2026-08-31T02:00:51Z	success	2	a9e0783212	
33349330005	pr.yml	pull_request	main	2026-08-31T02:00:51Z	success	2	a9e0783212	
33349330066	test-pr.yml	pull_request	main	2026-08-31T02:00:51Z	skipped	2	a9e0783212	
33349330617	qcom-preflight-checks.yml	pull_request	main	2026-08-31T02:00:52Z	success	2	a9e0783212	
33352550714	repolinter.yml	pull_request	sep-rel	2026-08-31T03:02:50Z	skipped	1	f3c5926d85	
33352550753	zizmor-scan.yml	pull_request	sep-rel	2026-08-31T03:02:50Z	failure	1	f3c5926d85	
33352550801	commit-lint.yml	pull_request	sep-rel	2026-08-31T03:02:50Z	failure	1	f3c5926d85	
33352551020	test-pr.yml	pull_request	sep-rel	2026-08-31T03:02:50Z	skipped	1	f3c5926d85	
33352551031	pr.yml	pull_request	sep-rel	2026-08-31T03:02:50Z	failure	1	f3c5926d85	
33352551623	qcom-preflight-checks.yml	pull_request	sep-rel	2026-08-31T03:02:51Z	success	1	f3c5926d85	
33353047311	test-pr.yml	workflow_run	main	2026-08-31T03:11:42Z	skipped	1	5749644d75	
33355835079	repolinter.yml	push	main	2026-08-31T04:04:27Z	skipped	1	b27ff4ee3e	
33355835091	backport.yml	pull_request_target	fmt-fix	2026-08-31T04:04:27Z	success	1	8c5b8897fe	
33355835327	push.yml	push	main	2026-08-31T04:04:27Z	success	1	b27ff4ee3e	
33355835852	qcom-preflight-checks.yml	push	main	2026-08-31T04:04:28Z	success	1	b27ff4ee3e	
33356641965	test-pr.yml	workflow_run	main	2026-08-31T04:18:50Z	failure	1	b27ff4ee3e	
33357276787	commit-lint.yml	pull_request	auto-update-meta-qcom-kas-config-33346624474	2026-08-31T04:29:43Z	success	1	1722608fff	
33357276797	zizmor-scan.yml	pull_request	auto-update-meta-qcom-kas-config-33346624474	2026-08-31T04:29:43Z	failure	1	1722608fff	
33357276799	repolinter.yml	pull_request	auto-update-meta-qcom-kas-config-33346624474	2026-08-31T04:29:43Z	skipped	1	1722608fff	
33357276937	pr.yml	pull_request	auto-update-meta-qcom-kas-config-33346624474	2026-08-31T04:29:43Z	failure	1	1722608fff	
33357276952	test-pr.yml	pull_request	auto-update-meta-qcom-kas-config-33346624474	2026-08-31T04:29:44Z	skipped	1	1722608fff	
33357277491	qcom-preflight-checks.yml	pull_request	auto-update-meta-qcom-kas-config-33346624474	2026-08-31T04:29:44Z	success	1	1722608fff	
33357793144	test-pr.yml	workflow_run	main	2026-08-31T04:38:22Z	skipped	1	b27ff4ee3e	
33366237425	repolinter.yml	push	main	2026-08-31T06:56:42Z	skipped	1	072a512e26	
33366237650	push.yml	push	main	2026-08-31T06:56:43Z	success	1	072a512e26	
33366238064	backport.yml	pull_request_target	main	2026-08-31T06:56:43Z	success	1	a9e0783212	
33366238503	qcom-preflight-checks.yml	push	main	2026-08-31T06:56:43Z	success	1	072a512e26	
33366255064	commit-lint.yml	pull_request	backport/362-to-wrynose	2026-08-31T06:56:59Z	success	1	db6fa8b705	
33366255068	repolinter.yml	pull_request	backport/362-to-wrynose	2026-08-31T06:56:59Z	success	1	db6fa8b705	
33366255084	zizmor-scan.yml	pull_request	backport/362-to-wrynose	2026-08-31T06:56:59Z	failure	1	db6fa8b705	
33366255481	test-pr.yml	pull_request	backport/362-to-wrynose	2026-08-31T06:56:59Z	skipped	1	db6fa8b705	
33366255573	pr.yml	pull_request	backport/362-to-wrynose	2026-08-31T06:56:59Z	success	1	db6fa8b705	
33366256476	qcom-preflight-checks.yml	pull_request	backport/362-to-wrynose	2026-08-31T06:57:00Z	success	1	db6fa8b705	
33367100777	repolinter.yml	pull_request	auto-update-meta-qcom-kas-config-33346624474	2026-08-31T07:08:59Z	skipped	1	177680da49	
33367100788	commit-lint.yml	pull_request	auto-update-meta-qcom-kas-config-33346624474	2026-08-31T07:08:59Z	success	1	177680da49	
33367100844	zizmor-scan.yml	pull_request	auto-update-meta-qcom-kas-config-33346624474	2026-08-31T07:08:59Z	failure	1	177680da49	
33367101104	test-pr.yml	pull_request	auto-update-meta-qcom-kas-config-33346624474	2026-08-31T07:08:59Z	skipped	1	177680da49	
33367101123	pr.yml	pull_request	auto-update-meta-qcom-kas-config-33346624474	2026-08-31T07:08:59Z	failure	1	177680da49	
33367101831	qcom-preflight-checks.yml	pull_request	auto-update-meta-qcom-kas-config-33346624474	2026-08-31T07:09:00Z	success	1	177680da49	
33367646024	test-pr.yml	workflow_run	main	2026-08-31T07:16:21Z	skipped	1	072a512e26	
33367654802	repolinter.yml	pull_request	auto-update-meta-qcom-kas-config-33346624474	2026-08-31T07:16:29Z	skipped	1	690de96da9	
33367654803	zizmor-scan.yml	pull_request	auto-update-meta-qcom-kas-config-33346624474	2026-08-31T07:16:29Z	failure	1	690de96da9	
33367654824	commit-lint.yml	pull_request	auto-update-meta-qcom-kas-config-33346624474	2026-08-31T07:16:29Z	failure	1	690de96da9	
33367655009	pr.yml	pull_request	auto-update-meta-qcom-kas-config-33346624474	2026-08-31T07:16:29Z	cancelled	1	690de96da9	
33367655082	test-pr.yml	pull_request	auto-update-meta-qcom-kas-config-33346624474	2026-08-31T07:16:29Z	skipped	1	690de96da9	
33367656012	qcom-preflight-checks.yml	pull_request	auto-update-meta-qcom-kas-config-33346624474	2026-08-31T07:16:30Z	failure	1	690de96da9	
33367946329	commit-lint.yml	pull_request	auto-update-meta-qcom-kas-config-33346624474	2026-08-31T07:20:28Z	failure	1	1606d51e0a	
33367946333	zizmor-scan.yml	pull_request	auto-update-meta-qcom-kas-config-33346624474	2026-08-31T07:20:28Z	failure	1	1606d51e0a	
33367946337	repolinter.yml	pull_request	auto-update-meta-qcom-kas-config-33346624474	2026-08-31T07:20:28Z	skipped	1	1606d51e0a	
33367946611	pr.yml	pull_request	auto-update-meta-qcom-kas-config-33346624474	2026-08-31T07:20:28Z	cancelled	1	1606d51e0a	
33367946684	test-pr.yml	pull_request	auto-update-meta-qcom-kas-config-33346624474	2026-08-31T07:20:28Z	skipped	1	1606d51e0a	
33367947628	qcom-preflight-checks.yml	pull_request	auto-update-meta-qcom-kas-config-33346624474	2026-08-31T07:20:29Z	failure	1	1606d51e0a	
33367952761	test-pr.yml	workflow_run	main	2026-08-31T07:20:32Z	skipped	1	072a512e26	
33368385230	zizmor-scan.yml	pull_request	auto-update-meta-qcom-kas-config-33346624474	2026-08-31T07:26:30Z	failure	1	a52add4722	
33368385261	repolinter.yml	pull_request	auto-update-meta-qcom-kas-config-33346624474	2026-08-31T07:26:30Z	skipped	1	a52add4722	
33368385278	commit-lint.yml	pull_request	auto-update-meta-qcom-kas-config-33346624474	2026-08-31T07:26:30Z	failure	1	a52add4722	
33368385468	pr.yml	pull_request	auto-update-meta-qcom-kas-config-33346624474	2026-08-31T07:26:30Z	cancelled	1	a52add4722	
33368385479	test-pr.yml	pull_request	auto-update-meta-qcom-kas-config-33346624474	2026-08-31T07:26:30Z	skipped	1	a52add4722	
33368386388	qcom-preflight-checks.yml	pull_request	auto-update-meta-qcom-kas-config-33346624474	2026-08-31T07:26:31Z	failure	1	a52add4722	
33368391500	test-pr.yml	workflow_run	main	2026-08-31T07:26:36Z	skipped	1	072a512e26	
33368583635	repolinter.yml	pull_request	auto-update-meta-qcom-kas-config-33346624474	2026-08-31T07:29:19Z	skipped	1	dfab755d5a	
33368583643	zizmor-scan.yml	pull_request	auto-update-meta-qcom-kas-config-33346624474	2026-08-31T07:29:19Z	failure	1	dfab755d5a	
33368583717	commit-lint.yml	pull_request	auto-update-meta-qcom-kas-config-33346624474	2026-08-31T07:29:19Z	failure	1	dfab755d5a	
33368583956	test-pr.yml	pull_request	auto-update-meta-qcom-kas-config-33346624474	2026-08-31T07:29:19Z	skipped	1	dfab755d5a	
33368583970	pr.yml	pull_request	auto-update-meta-qcom-kas-config-33346624474	2026-08-31T07:29:19Z	failure	1	dfab755d5a	
33368584595	qcom-preflight-checks.yml	pull_request	auto-update-meta-qcom-kas-config-33346624474	2026-08-31T07:29:20Z	failure	1	dfab755d5a	
33368608483	test-pr.yml	workflow_run	main	2026-08-31T07:29:39Z	skipped	1	072a512e26	
33369819245	test-pr.yml	workflow_run	main	2026-08-31T07:45:58Z	skipped	1	072a512e26	
33375317055	repolinter.yml	pull_request	auto-update-meta-qcom-kas-config-33346624474	2026-08-31T08:57:23Z	skipped	1	c89c5cfb98	
33375317058	commit-lint.yml	pull_request	auto-update-meta-qcom-kas-config-33346624474	2026-08-31T08:57:23Z	failure	1	c89c5cfb98	
33375317213	zizmor-scan.yml	pull_request	auto-update-meta-qcom-kas-config-33346624474	2026-08-31T08:57:23Z	failure	1	c89c5cfb98	
33375317376	test-pr.yml	pull_request	auto-update-meta-qcom-kas-config-33346624474	2026-08-31T08:57:23Z	skipped	1	c89c5cfb98	
33375317450	pr.yml	pull_request	auto-update-meta-qcom-kas-config-33346624474	2026-08-31T08:57:23Z	cancelled	1	c89c5cfb98	
33375318647	qcom-preflight-checks.yml	pull_request	auto-update-meta-qcom-kas-config-33346624474	2026-08-31T08:57:24Z	failure	1	c89c5cfb98	
33376598969	test-pr.yml	workflow_run	main	2026-08-31T09:13:28Z	failure	1	072a512e26	
33377597416	repolinter.yml	push	wrynose	2026-08-31T09:25:31Z	success	1	46f5259103	
33377597675	push.yml	push	wrynose	2026-08-31T09:25:31Z	success	1	46f5259103	
33377597887	backport.yml	pull_request_target	backport/362-to-wrynose	2026-08-31T09:25:31Z	skipped	1	db6fa8b705	
33379261385	zizmor-scan.yml	pull_request	fmt-wrynose	2026-08-31T09:45:39Z	failure	1	0af5bbdf0a	
33379261411	commit-lint.yml	pull_request	fmt-wrynose	2026-08-31T09:45:39Z	success	1	0af5bbdf0a	
33379261508	repolinter.yml	pull_request	fmt-wrynose	2026-08-31T09:45:39Z	success	1	0af5bbdf0a	
33379261848	test-pr.yml	pull_request	fmt-wrynose	2026-08-31T09:45:39Z	skipped	1	0af5bbdf0a	
33379261975	pr.yml	pull_request	fmt-wrynose	2026-08-31T09:45:40Z	failure	1	0af5bbdf0a	
33379263253	qcom-preflight-checks.yml	pull_request	fmt-wrynose	2026-08-31T09:45:41Z	success	1	0af5bbdf0a	
33380748816	nightly-build.yml	schedule	main	2026-08-31T10:04:57Z	success	1	072a512e26	
33382338164	test-pr.yml	workflow_run	main	2026-08-31T10:25:27Z	skipped	1	072a512e26	
33387913712	commit-lint.yml	pull_request	integrate-target	2026-08-31T11:38:25Z	failure	1	9274c627db	
33387913742	zizmor-scan.yml	pull_request	integrate-target	2026-08-31T11:38:25Z	failure	1	9274c627db	
33387913810	repolinter.yml	pull_request	integrate-target	2026-08-31T11:38:25Z	skipped	1	9274c627db	
33387913920	test-pr.yml	pull_request	integrate-target	2026-08-31T11:38:25Z	skipped	1	9274c627db	
33387914060	pr.yml	pull_request	integrate-target	2026-08-31T11:38:25Z	cancelled	1	9274c627db	
33387914878	qcom-preflight-checks.yml	pull_request	integrate-target	2026-08-31T11:38:26Z	success	1	9274c627db	
33388269308	commit-lint.yml	pull_request	integrate-target	2026-08-31T11:43:03Z	success	1	0d3847e3d6	
33388269328	zizmor-scan.yml	pull_request	integrate-target	2026-08-31T11:43:03Z	failure	1	0d3847e3d6	
33388269372	repolinter.yml	pull_request	integrate-target	2026-08-31T11:43:03Z	skipped	1	0d3847e3d6	
33388269557	test-pr.yml	pull_request	integrate-target	2026-08-31T11:43:03Z	skipped	1	0d3847e3d6	
33388269647	pr.yml	pull_request	integrate-target	2026-08-31T11:43:03Z	success	1	0d3847e3d6	
33388270628	qcom-preflight-checks.yml	pull_request	integrate-target	2026-08-31T11:43:04Z	success	1	0d3847e3d6	
33388279675	test-pr.yml	workflow_run	main	2026-08-31T11:43:11Z	skipped	1	072a512e26	
33389733773	zizmor-scan.yml	pull_request	auto-update-meta-qcom-kas-config-33346624474	2026-08-31T12:01:54Z	failure	1	7ecf71a481	
33389733816	commit-lint.yml	pull_request	auto-update-meta-qcom-kas-config-33346624474	2026-08-31T12:01:54Z	success	1	7ecf71a481	
33389733843	repolinter.yml	pull_request	auto-update-meta-qcom-kas-config-33346624474	2026-08-31T12:01:54Z	skipped	1	7ecf71a481	
33389734239	pr.yml	pull_request	auto-update-meta-qcom-kas-config-33346624474	2026-08-31T12:01:55Z	cancelled	1	7ecf71a481	
33389734251	test-pr.yml	pull_request	auto-update-meta-qcom-kas-config-33346624474	2026-08-31T12:01:55Z	skipped	1	7ecf71a481	
33389735306	qcom-preflight-checks.yml	pull_request	auto-update-meta-qcom-kas-config-33346624474	2026-08-31T12:01:55Z	failure	1	7ecf71a481	
33389774292	test-pr.yml	workflow_run	main	2026-08-31T12:02:23Z	skipped	1	072a512e26	
33390584027	commit-lint.yml	pull_request	auto-update-meta-qcom-kas-config-33346624474	2026-08-31T12:12:12Z	success	1	98b6f999c8	
33390584152	repolinter.yml	pull_request	auto-update-meta-qcom-kas-config-33346624474	2026-08-31T12:12:12Z	skipped	1	98b6f999c8	
33390584231	zizmor-scan.yml	pull_request	auto-update-meta-qcom-kas-config-33346624474	2026-08-31T12:12:13Z	failure	1	98b6f999c8	
33390584491	test-pr.yml	pull_request	auto-update-meta-qcom-kas-config-33346624474	2026-08-31T12:12:13Z	skipped	1	98b6f999c8	
33390584521	pr.yml	pull_request	auto-update-meta-qcom-kas-config-33346624474	2026-08-31T12:12:13Z	cancelled	1	98b6f999c8	
33390585507	qcom-preflight-checks.yml	pull_request	auto-update-meta-qcom-kas-config-33346624474	2026-08-31T12:12:13Z	failure	1	98b6f999c8	
33390615477	test-pr.yml	workflow_run	main	2026-08-31T12:12:35Z	skipped	1	072a512e26	
33390950871	nightly-build-wrynose.yml	schedule	main	2026-08-31T12:16:36Z	success	1	072a512e26	
33390961064	nightly-build.yml	workflow_dispatch	wrynose	2026-08-31T12:16:43Z	success	1	46f5259103	
33391105723	zizmor-scan.yml	pull_request	auto-update-meta-qcom-kas-config-33346624474	2026-08-31T12:18:28Z	failure	1	c32441b458	
33391105731	commit-lint.yml	pull_request	auto-update-meta-qcom-kas-config-33346624474	2026-08-31T12:18:28Z	failure	1	c32441b458	
33391105861	repolinter.yml	pull_request	auto-update-meta-qcom-kas-config-33346624474	2026-08-31T12:18:28Z	skipped	1	c32441b458	
33391105991	test-pr.yml	pull_request	auto-update-meta-qcom-kas-config-33346624474	2026-08-31T12:18:28Z	skipped	1	c32441b458	
33391106184	pr.yml	pull_request	auto-update-meta-qcom-kas-config-33346624474	2026-08-31T12:18:28Z	cancelled	1	c32441b458	
33391107118	qcom-preflight-checks.yml	pull_request	auto-update-meta-qcom-kas-config-33346624474	2026-08-31T12:18:29Z	failure	1	c32441b458	
33391139314	test-pr.yml	workflow_run	main	2026-08-31T12:18:52Z	skipped	1	072a512e26	
33391155911	repolinter.yml	pull_request	auto-update-meta-qcom-kas-config-33346624474	2026-08-31T12:19:04Z	skipped	1	f65b8fd3cd	
33391156032	commit-lint.yml	pull_request	auto-update-meta-qcom-kas-config-33346624474	2026-08-31T12:19:04Z	success	1	f65b8fd3cd	
33391156044	zizmor-scan.yml	pull_request	auto-update-meta-qcom-kas-config-33346624474	2026-08-31T12:19:04Z	failure	1	f65b8fd3cd	
33391156256	test-pr.yml	pull_request	auto-update-meta-qcom-kas-config-33346624474	2026-08-31T12:19:04Z	skipped	1	f65b8fd3cd	
33391156310	pr.yml	pull_request	auto-update-meta-qcom-kas-config-33346624474	2026-08-31T12:19:04Z	cancelled	1	f65b8fd3cd	
33391157482	qcom-preflight-checks.yml	pull_request	auto-update-meta-qcom-kas-config-33346624474	2026-08-31T12:19:05Z	failure	1	f65b8fd3cd	
33391181928	test-pr.yml	workflow_run	main	2026-08-31T12:19:24Z	skipped	1	072a512e26	
33393716038	zizmor-scan.yml	pull_request	auto-update-meta-qcom-kas-config-33346624474	2026-08-31T12:49:49Z	failure	1	b773abc473	
33393716055	commit-lint.yml	pull_request	auto-update-meta-qcom-kas-config-33346624474	2026-08-31T12:49:49Z	success	1	b773abc473	
33393716057	repolinter.yml	pull_request	auto-update-meta-qcom-kas-config-33346624474	2026-08-31T12:49:49Z	skipped	1	b773abc473	
33393716401	pr.yml	pull_request	auto-update-meta-qcom-kas-config-33346624474	2026-08-31T12:49:49Z	cancelled	1	b773abc473	
33393716474	test-pr.yml	pull_request	auto-update-meta-qcom-kas-config-33346624474	2026-08-31T12:49:49Z	skipped	1	b773abc473	
33393717517	qcom-preflight-checks.yml	pull_request	auto-update-meta-qcom-kas-config-33346624474	2026-08-31T12:49:50Z	failure	1	b773abc473	
33393757227	test-pr.yml	workflow_run	main	2026-08-31T12:50:18Z	skipped	1	072a512e26	
33394501488	zizmor-scan.yml	pull_request	auto-update-meta-qcom-kas-config-33346624474	2026-08-31T12:59:01Z	failure	1	d125e5906e	
33394501526	commit-lint.yml	pull_request	auto-update-meta-qcom-kas-config-33346624474	2026-08-31T12:59:01Z	success	1	d125e5906e	
33394501531	repolinter.yml	pull_request	auto-update-meta-qcom-kas-config-33346624474	2026-08-31T12:59:01Z	skipped	1	d125e5906e	
33394501946	test-pr.yml	pull_request	auto-update-meta-qcom-kas-config-33346624474	2026-08-31T12:59:02Z	skipped	1	d125e5906e	
33394501997	pr.yml	pull_request	auto-update-meta-qcom-kas-config-33346624474	2026-08-31T12:59:02Z	cancelled	1	d125e5906e	
33394502767	qcom-preflight-checks.yml	pull_request	auto-update-meta-qcom-kas-config-33346624474	2026-08-31T12:59:02Z	failure	1	d125e5906e	
33394532145	test-pr.yml	workflow_run	main	2026-08-31T12:59:24Z	skipped	1	072a512e26	
33395224987	repolinter.yml	pull_request	auto-update-meta-qcom-kas-config-33346624474	2026-08-31T13:07:21Z	skipped	1	f8b605ef76	
33395225001	zizmor-scan.yml	pull_request	auto-update-meta-qcom-kas-config-33346624474	2026-08-31T13:07:21Z	failure	1	f8b605ef76	
33395225025	commit-lint.yml	pull_request	auto-update-meta-qcom-kas-config-33346624474	2026-08-31T13:07:21Z	success	1	f8b605ef76	
33395225209	pr.yml	pull_request	auto-update-meta-qcom-kas-config-33346624474	2026-08-31T13:07:22Z	cancelled	1	f8b605ef76	
33395225433	test-pr.yml	pull_request	auto-update-meta-qcom-kas-config-33346624474	2026-08-31T13:07:22Z	skipped	1	f8b605ef76	
33395226678	qcom-preflight-checks.yml	pull_request	auto-update-meta-qcom-kas-config-33346624474	2026-08-31T13:07:23Z	failure	1	f8b605ef76	
33395261791	test-pr.yml	workflow_run	main	2026-08-31T13:07:47Z	skipped	1	072a512e26	
33396079780	zizmor-scan.yml	pull_request	auto-update-meta-qcom-kas-config-33346624474	2026-08-31T13:16:42Z	failure	1	45eaea26fb	
33396079799	commit-lint.yml	pull_request	auto-update-meta-qcom-kas-config-33346624474	2026-08-31T13:16:42Z	success	1	45eaea26fb	
33396079828	repolinter.yml	pull_request	auto-update-meta-qcom-kas-config-33346624474	2026-08-31T13:16:42Z	skipped	1	45eaea26fb	
33396080058	pr.yml	pull_request	auto-update-meta-qcom-kas-config-33346624474	2026-08-31T13:16:42Z	failure	1	45eaea26fb	
33396080127	test-pr.yml	pull_request	auto-update-meta-qcom-kas-config-33346624474	2026-08-31T13:16:42Z	skipped	1	45eaea26fb	
33396081296	qcom-preflight-checks.yml	pull_request	auto-update-meta-qcom-kas-config-33346624474	2026-08-31T13:16:43Z	failure	1	45eaea26fb	
33396117151	test-pr.yml	workflow_run	main	2026-08-31T13:17:06Z	skipped	1	072a512e26	
33399834242	test-pr.yml	workflow_run	main	2026-08-31T13:57:27Z	failure	1	072a512e26	
33413417436	test-pr.yml	workflow_run	main	2026-08-31T16:19:04Z	skipped	1	072a512e26	
33416636973	commit-lint.yml	pull_request	auto-update-meta-qcom-kas-config-33346624474	2026-08-31T16:54:11Z	success	1	f9abd0e05f	
33416636976	repolinter.yml	pull_request	auto-update-meta-qcom-kas-config-33346624474	2026-08-31T16:54:11Z	skipped	1	f9abd0e05f	
33416636987	zizmor-scan.yml	pull_request	auto-update-meta-qcom-kas-config-33346624474	2026-08-31T16:54:11Z	failure	1	f9abd0e05f	
33416637242	pr.yml	pull_request	auto-update-meta-qcom-kas-config-33346624474	2026-08-31T16:54:11Z	failure	1	f9abd0e05f	
33416637314	test-pr.yml	pull_request	auto-update-meta-qcom-kas-config-33346624474	2026-08-31T16:54:11Z	skipped	1	f9abd0e05f	
33416638441	qcom-preflight-checks.yml	pull_request	auto-update-meta-qcom-kas-config-33346624474	2026-08-31T16:54:12Z	failure	1	f9abd0e05f	
33421826327	test-pr.yml	workflow_run	main	2026-08-31T17:51:24Z	skipped	1	072a512e26	
33426376080	zizmor-scan.yml	pull_request	auto-update-meta-qcom-kas-config-33346624474	2026-08-31T18:41:05Z	failure	1	38d25c38da	
33426376165	repolinter.yml	pull_request	auto-update-meta-qcom-kas-config-33346624474	2026-08-31T18:41:05Z	skipped	1	38d25c38da	
33426376212	commit-lint.yml	pull_request	auto-update-meta-qcom-kas-config-33346624474	2026-08-31T18:41:05Z	success	1	38d25c38da	
33426376650	pr.yml	pull_request	auto-update-meta-qcom-kas-config-33346624474	2026-08-31T18:41:06Z	cancelled	1	38d25c38da	
33426376663	test-pr.yml	pull_request	auto-update-meta-qcom-kas-config-33346624474	2026-08-31T18:41:06Z	skipped	1	38d25c38da	
33426377774	qcom-preflight-checks.yml	pull_request	auto-update-meta-qcom-kas-config-33346624474	2026-08-31T18:41:07Z	failure	1	38d25c38da	
33429519827	zizmor-scan.yml	pull_request	auto-update-meta-qcom-kas-config-33346624474	2026-08-31T19:15:06Z	failure	1	36436ac7b1	
33429519864	repolinter.yml	pull_request	auto-update-meta-qcom-kas-config-33346624474	2026-08-31T19:15:06Z	skipped	1	36436ac7b1	
33429519960	commit-lint.yml	pull_request	auto-update-meta-qcom-kas-config-33346624474	2026-08-31T19:15:06Z	success	1	36436ac7b1	
33429520581	test-pr.yml	pull_request	auto-update-meta-qcom-kas-config-33346624474	2026-08-31T19:15:06Z	skipped	1	36436ac7b1	
33429520948	pr.yml	pull_request	auto-update-meta-qcom-kas-config-33346624474	2026-08-31T19:15:06Z	success	1	36436ac7b1	
33429522422	qcom-preflight-checks.yml	pull_request	auto-update-meta-qcom-kas-config-33346624474	2026-08-31T19:15:07Z	failure	1	36436ac7b1	
33429591513	test-pr.yml	workflow_run	main	2026-08-31T19:15:48Z	skipped	1	072a512e26	
33446958909	test-pr.yml	workflow_run	main	2026-08-31T22:36:03Z	failure	1	072a512e26	
33460109004	backport.yml	pull_request_target	auto-update-meta-qcom-kas-config-29174562861	2026-09-01T01:47:44Z	skipped	1	52ead1109f	
33460379951	stales.yml	schedule	main	2026-09-01T01:52:09Z	success	1	072a512e26	
33460767516	repolinter.yml	pull_request	rdepends-fix	2026-09-01T01:58:22Z	skipped	1	9d9f3286cb	
33460767521	zizmor-scan.yml	pull_request	rdepends-fix	2026-09-01T01:58:22Z	failure	1	9d9f3286cb	
33460767529	commit-lint.yml	pull_request	rdepends-fix	2026-09-01T01:58:22Z	success	1	9d9f3286cb	
33460767682	pr.yml	pull_request	rdepends-fix	2026-09-01T01:58:22Z	cancelled	1	9d9f3286cb	
33460767732	test-pr.yml	pull_request	rdepends-fix	2026-09-01T01:58:22Z	skipped	1	9d9f3286cb	
33460768257	qcom-preflight-checks.yml	pull_request	rdepends-fix	2026-09-01T01:58:23Z	success	1	9d9f3286cb	
33460969316	commit-lint.yml	pull_request	rdepends-fix	2026-09-01T02:01:24Z	success	1	e4170a6e80	
33460969350	zizmor-scan.yml	pull_request	rdepends-fix	2026-09-01T02:01:24Z	failure	1	e4170a6e80	
33460969385	repolinter.yml	pull_request	rdepends-fix	2026-09-01T02:01:24Z	skipped	1	e4170a6e80	
33460969613	pr.yml	pull_request	rdepends-fix	2026-09-01T02:01:24Z	success	1	e4170a6e80	
33460969763	test-pr.yml	pull_request	rdepends-fix	2026-09-01T02:01:24Z	skipped	1	e4170a6e80	
33460970527	qcom-preflight-checks.yml	pull_request	rdepends-fix	2026-09-01T02:01:25Z	success	1	e4170a6e80	
33460978274	zizmor-scan.yml	pull_request	chore/qcom-robotics-distro-infra	2026-09-01T02:01:32Z	failure	1	a239bbf9d8	
33460978332	commit-lint.yml	pull_request	chore/qcom-robotics-distro-infra	2026-09-01T02:01:32Z	success	1	a239bbf9d8	
33460978487	test-pr.yml	pull_request	chore/qcom-robotics-distro-infra	2026-09-01T02:01:32Z	skipped	1	a239bbf9d8	
33460978506	pr.yml	pull_request	chore/qcom-robotics-distro-infra	2026-09-01T02:01:32Z	cancelled	1	a239bbf9d8	
33460979270	qcom-preflight-checks.yml	pull_request	chore/qcom-robotics-distro-infra	2026-09-01T02:01:33Z	success	1	a239bbf9d8	
33460979382	repolinter.yml	pull_request	chore/qcom-robotics-distro-infra	2026-09-01T02:01:33Z	skipped	1	a239bbf9d8	
33460992543	test-pr.yml	workflow_run	main	2026-09-01T02:01:45Z	skipped	1	072a512e26	
33461368150	repolinter.yml	pull_request	auto-update-meta-qcom-kas-config-33346624474	2026-09-01T02:07:45Z	skipped	1	c359da163e	
33461368155	commit-lint.yml	pull_request	auto-update-meta-qcom-kas-config-33346624474	2026-09-01T02:07:45Z	success	1	c359da163e	
33461368156	zizmor-scan.yml	pull_request	auto-update-meta-qcom-kas-config-33346624474	2026-09-01T02:07:45Z	failure	1	c359da163e	
33461368382	pr.yml	pull_request	auto-update-meta-qcom-kas-config-33346624474	2026-09-01T02:07:45Z	success	1	c359da163e	
33461368383	test-pr.yml	pull_request	auto-update-meta-qcom-kas-config-33346624474	2026-09-01T02:07:45Z	skipped	1	c359da163e	
33461369061	qcom-preflight-checks.yml	pull_request	auto-update-meta-qcom-kas-config-33346624474	2026-09-01T02:07:46Z	failure	1	c359da163e	
33461716994	zizmor-scan.yml	pull_request	chore/qcom-robotics-distro-infra	2026-09-01T02:13:11Z	failure	1	721089ca29	
33461717029	repolinter.yml	pull_request	chore/qcom-robotics-distro-infra	2026-09-01T02:13:11Z	skipped	1	721089ca29	
33461717113	commit-lint.yml	pull_request	chore/qcom-robotics-distro-infra	2026-09-01T02:13:12Z	success	1	721089ca29	
33461717269	pr.yml	pull_request	chore/qcom-robotics-distro-infra	2026-09-01T02:13:12Z	cancelled	1	721089ca29	
33461717352	test-pr.yml	pull_request	chore/qcom-robotics-distro-infra	2026-09-01T02:13:12Z	skipped	1	721089ca29	
33461718032	qcom-preflight-checks.yml	pull_request	chore/qcom-robotics-distro-infra	2026-09-01T02:13:13Z	success	1	721089ca29	
33461739065	test-pr.yml	workflow_run	main	2026-09-01T02:13:33Z	skipped	1	072a512e26	
33462372522	backport.yml	pull_request_target	fmt-wrynose	2026-09-01T02:23:45Z	skipped	1	0af5bbdf0a	
33464047530	commit-lint.yml	pull_request	chore/qcom-robotics-distro-infra	2026-09-01T02:50:39Z	success	1	a6e988f1f9	
33464047543	repolinter.yml	pull_request	chore/qcom-robotics-distro-infra	2026-09-01T02:50:39Z	skipped	1	a6e988f1f9	
33464047562	zizmor-scan.yml	pull_request	chore/qcom-robotics-distro-infra	2026-09-01T02:50:39Z	failure	1	a6e988f1f9	
33464047756	test-pr.yml	pull_request	chore/qcom-robotics-distro-infra	2026-09-01T02:50:40Z	skipped	1	a6e988f1f9	
33464047769	pr.yml	pull_request	chore/qcom-robotics-distro-infra	2026-09-01T02:50:40Z	success	1	a6e988f1f9	
33464048664	qcom-preflight-checks.yml	pull_request	chore/qcom-robotics-distro-infra	2026-09-01T02:50:40Z	success	1	a6e988f1f9	
33464070521	test-pr.yml	workflow_run	main	2026-09-01T02:51:01Z	skipped	1	072a512e26	
33495530191	nightly-build.yml	schedule	main	2026-09-01T10:04:36Z	success	1	072a512e26	
33499871261	test-pr.yml	workflow_run	main	2026-09-01T10:55:42Z	failure	1	072a512e26	
33500476252	test-pr.yml	workflow_run	main	2026-09-01T11:02:55Z	failure	1	072a512e26	
33500599418	test-pr.yml	workflow_run	main	2026-09-01T11:04:22Z	failure	1	072a512e26	
33506709290	nightly-build-wrynose.yml	schedule	main	2026-09-01T12:15:40Z	success	1	072a512e26	
33506721470	nightly-build.yml	workflow_dispatch	wrynose	2026-09-01T12:15:48Z	failure	1	46f5259103	
33514774727	repolinter.yml	pull_request	fmt-wrynose	2026-09-01T13:40:12Z	success	1	0af5bbdf0a	
33514774738	zizmor-scan.yml	pull_request	fmt-wrynose	2026-09-01T13:40:12Z	failure	1	0af5bbdf0a	
33514774807	commit-lint.yml	pull_request	fmt-wrynose	2026-09-01T13:40:12Z	success	1	0af5bbdf0a	
33514775522	pr.yml	pull_request	fmt-wrynose	2026-09-01T13:40:13Z	cancelled	1	0af5bbdf0a	
33514775547	test-pr.yml	pull_request	fmt-wrynose	2026-09-01T13:40:13Z	skipped	1	0af5bbdf0a	
33514776581	qcom-preflight-checks.yml	pull_request	fmt-wrynose	2026-09-01T13:40:13Z	success	1	0af5bbdf0a	
33515093800	commit-lint.yml	pull_request	fmt-wrynose	2026-09-01T13:43:18Z	success	1	17fb776a70	
33515093856	repolinter.yml	pull_request	fmt-wrynose	2026-09-01T13:43:18Z	success	1	17fb776a70	
33515093950	zizmor-scan.yml	pull_request	fmt-wrynose	2026-09-01T13:43:18Z	failure	1	17fb776a70	
33515094232	test-pr.yml	pull_request	fmt-wrynose	2026-09-01T13:43:18Z	skipped	1	17fb776a70	
33515094264	pr.yml	pull_request	fmt-wrynose	2026-09-01T13:43:18Z	failure	1	17fb776a70	
33515095602	qcom-preflight-checks.yml	pull_request	fmt-wrynose	2026-09-01T13:43:19Z	success	1	17fb776a70	
33515113593	test-pr.yml	workflow_run	main	2026-09-01T13:43:29Z	skipped	1	072a512e26	
33522652279	commit-lint.yml	pull_request	chore/update-meta-ros-wrynose-f4a5e480	2026-09-01T14:56:41Z	failure	1	04d16dc786	
33522652371	repolinter.yml	pull_request	chore/update-meta-ros-wrynose-f4a5e480	2026-09-01T14:56:41Z	success	1	04d16dc786	
33522652505	zizmor-scan.yml	pull_request	chore/update-meta-ros-wrynose-f4a5e480	2026-09-01T14:56:41Z	failure	1	04d16dc786	
33522652966	test-pr.yml	pull_request	chore/update-meta-ros-wrynose-f4a5e480	2026-09-01T14:56:42Z	skipped	1	04d16dc786	
33522653108	pr.yml	pull_request	chore/update-meta-ros-wrynose-f4a5e480	2026-09-01T14:56:42Z	failure	1	04d16dc786	
33522653133	zizmor-scan.yml	pull_request	chore/update-meta-ros-main-434d9666	2026-09-01T14:56:42Z	failure	1	9e7e3dacb8	
33522653147	repolinter.yml	pull_request	chore/update-meta-ros-main-434d9666	2026-09-01T14:56:42Z	skipped	1	9e7e3dacb8	
33522653181	commit-lint.yml	pull_request	chore/update-meta-ros-main-434d9666	2026-09-01T14:56:42Z	failure	1	9e7e3dacb8	
33522653454	test-pr.yml	pull_request	chore/update-meta-ros-main-434d9666	2026-09-01T14:56:42Z	skipped	1	9e7e3dacb8	
33522653488	pr.yml	pull_request	chore/update-meta-ros-main-434d9666	2026-09-01T14:56:42Z	failure	1	9e7e3dacb8	
33522654692	qcom-preflight-checks.yml	pull_request	chore/update-meta-ros-main-434d9666	2026-09-01T14:56:43Z	success	1	9e7e3dacb8	
33522655212	qcom-preflight-checks.yml	pull_request	chore/update-meta-ros-wrynose-f4a5e480	2026-09-01T14:56:43Z	success	1	04d16dc786	
33523018007	test-pr.yml	workflow_run	main	2026-09-01T15:00:05Z	skipped	1	072a512e26	
33523490691	test-pr.yml	workflow_run	main	2026-09-01T15:04:35Z	skipped	1	072a512e26	
33542676937	test-pr.yml	workflow_run	main	2026-09-01T18:16:37Z	skipped	1	072a512e26	
33581155449	stales.yml	schedule	main	2026-09-02T01:53:52Z	success	1	072a512e26	
33607660544	zizmor-scan.yml	pull_request	chore/qcom-robotics-distro-infra	2026-09-02T08:14:28Z	failure	1	c6d964e915	
33607660551	commit-lint.yml	pull_request	chore/qcom-robotics-distro-infra	2026-09-02T08:14:28Z	success	1	c6d964e915	
33607660576	repolinter.yml	pull_request	chore/qcom-robotics-distro-infra	2026-09-02T08:14:28Z	skipped	1	c6d964e915	
33607660871	pr.yml	pull_request	chore/qcom-robotics-distro-infra	2026-09-02T08:14:28Z	success	1	c6d964e915	
33607660968	test-pr.yml	pull_request	chore/qcom-robotics-distro-infra	2026-09-02T08:14:28Z	skipped	1	c6d964e915	
33607662505	qcom-preflight-checks.yml	pull_request	chore/qcom-robotics-distro-infra	2026-09-02T08:14:29Z	success	1	c6d964e915	
33617545674	nightly-build.yml	schedule	main	2026-09-02T10:04:31Z	success	1	072a512e26	
33617880846	commit-lint.yml	pull_request	integrate-target	2026-09-02T10:08:13Z	failure	1	c5051d41ee	
33617880900	repolinter.yml	pull_request	integrate-target	2026-09-02T10:08:13Z	skipped	1	c5051d41ee	
33617880938	zizmor-scan.yml	pull_request	integrate-target	2026-09-02T10:08:13Z	failure	1	c5051d41ee	
33617881112	test-pr.yml	pull_request	integrate-target	2026-09-02T10:08:13Z	skipped	1	c5051d41ee	
33617881245	pr.yml	pull_request	integrate-target	2026-09-02T10:08:13Z	cancelled	1	c5051d41ee	
33617883008	qcom-preflight-checks.yml	pull_request	integrate-target	2026-09-02T10:08:14Z	success	1	c5051d41ee	
33619155220	test-pr.yml	workflow_run	main	2026-09-02T10:22:46Z	failure	1	072a512e26	
33622833326	commit-lint.yml	pull_request	integrate-target	2026-09-02T11:05:53Z	failure	1	b861bfb54e	
33622833388	repolinter.yml	pull_request	integrate-target	2026-09-02T11:05:53Z	skipped	1	b861bfb54e	
33622833412	zizmor-scan.yml	pull_request	integrate-target	2026-09-02T11:05:53Z	failure	1	b861bfb54e	
33622833607	pr.yml	pull_request	integrate-target	2026-09-02T11:05:53Z	cancelled	1	b861bfb54e	
33622833622	test-pr.yml	pull_request	integrate-target	2026-09-02T11:05:53Z	skipped	1	b861bfb54e	
33622834936	qcom-preflight-checks.yml	pull_request	integrate-target	2026-09-02T11:05:54Z	success	1	b861bfb54e	
33622870568	test-pr.yml	workflow_run	main	2026-09-02T11:06:18Z	skipped	1	072a512e26	
33624548017	commit-lint.yml	pull_request	integrate-target	2026-09-02T11:25:51Z	failure	1	310e019da6	
33624548019	repolinter.yml	pull_request	integrate-target	2026-09-02T11:25:51Z	skipped	1	310e019da6	
33624548067	zizmor-scan.yml	pull_request	integrate-target	2026-09-02T11:25:51Z	failure	1	310e019da6	
33624548501	pr.yml	pull_request	integrate-target	2026-09-02T11:25:51Z	cancelled	1	310e019da6	
33624548777	test-pr.yml	pull_request	integrate-target	2026-09-02T11:25:51Z	skipped	1	310e019da6	
33624550531	qcom-preflight-checks.yml	pull_request	integrate-target	2026-09-02T11:25:52Z	success	1	310e019da6	
33624589458	test-pr.yml	workflow_run	main	2026-09-02T11:26:18Z	skipped	1	072a512e26	
33625966900	repolinter.yml	pull_request	integrate-target	2026-09-02T11:42:06Z	skipped	1	93ffd8ccbc	
33625966930	zizmor-scan.yml	pull_request	integrate-target	2026-09-02T11:42:06Z	failure	1	93ffd8ccbc	
33625966980	commit-lint.yml	pull_request	integrate-target	2026-09-02T11:42:06Z	failure	1	93ffd8ccbc	
33625967019	test-pr.yml	pull_request	integrate-target	2026-09-02T11:42:06Z	skipped	1	93ffd8ccbc	
33625967115	pr.yml	pull_request	integrate-target	2026-09-02T11:42:06Z	cancelled	1	93ffd8ccbc	
33625967597	qcom-preflight-checks.yml	pull_request	integrate-target	2026-09-02T11:42:06Z	success	1	93ffd8ccbc	
33626005237	test-pr.yml	workflow_run	main	2026-09-02T11:42:32Z	skipped	1	072a512e26	
33626176133	repolinter.yml	pull_request	integrate-target	2026-09-02T11:44:29Z	skipped	1	16a7671285	
33626176150	commit-lint.yml	pull_request	integrate-target	2026-09-02T11:44:29Z	failure	1	16a7671285	
33626176181	zizmor-scan.yml	pull_request	integrate-target	2026-09-02T11:44:29Z	failure	1	16a7671285	
33626176347	pr.yml	pull_request	integrate-target	2026-09-02T11:44:29Z	cancelled	1	16a7671285	
33626176378	test-pr.yml	pull_request	integrate-target	2026-09-02T11:44:29Z	skipped	1	16a7671285	
33626177549	qcom-preflight-checks.yml	pull_request	integrate-target	2026-09-02T11:44:30Z	success	1	16a7671285	
33626183520	test-pr.yml	workflow_run	main	2026-09-02T11:44:35Z	skipped	1	072a512e26	
33628431205	zizmor-scan.yml	pull_request	integrate-target	2026-09-02T12:09:59Z	failure	1	6dc9565b6c	
33628431441	commit-lint.yml	pull_request	integrate-target	2026-09-02T12:09:59Z	success	1	6dc9565b6c	
33628431759	repolinter.yml	pull_request	integrate-target	2026-09-02T12:09:59Z	skipped	1	6dc9565b6c	
33628432112	pr.yml	pull_request	integrate-target	2026-09-02T12:09:59Z	success	1	6dc9565b6c	
33628432513	test-pr.yml	pull_request	integrate-target	2026-09-02T12:09:59Z	skipped	1	6dc9565b6c	
33628434027	qcom-preflight-checks.yml	pull_request	integrate-target	2026-09-02T12:10:01Z	success	1	6dc9565b6c	
33628474621	test-pr.yml	workflow_run	main	2026-09-02T12:10:27Z	skipped	1	072a512e26	
33628955958	nightly-build-wrynose.yml	schedule	main	2026-09-02T12:15:48Z	success	1	072a512e26	
33628969275	nightly-build.yml	workflow_dispatch	wrynose	2026-09-02T12:15:57Z	success	1	46f5259103	
33691014944	test-pr.yml	workflow_run	main	2026-09-02T22:34:17Z	failure	1	072a512e26	
33705218861	stales.yml	schedule	main	2026-09-03T01:49:47Z	success	1	072a512e26	
33706715658	backport.yml	pull_request_target	fmt-wrynose	2026-09-03T02:12:06Z	skipped	1	d230c1d68e	
33716086959	commit-lint.yml	pull_request	integrate-target	2026-09-03T04:43:25Z	success	1	6c83187a3a	
33716086960	zizmor-scan.yml	pull_request	integrate-target	2026-09-03T04:43:25Z	failure	1	6c83187a3a	
33716086973	repolinter.yml	pull_request	integrate-target	2026-09-03T04:43:25Z	skipped	1	6c83187a3a	
33716087222	pr.yml	pull_request	integrate-target	2026-09-03T04:43:26Z	success	1	6c83187a3a	
33716087259	test-pr.yml	pull_request	integrate-target	2026-09-03T04:43:26Z	skipped	1	6c83187a3a	
33716087935	qcom-preflight-checks.yml	pull_request	integrate-target	2026-09-03T04:43:26Z	success	1	6c83187a3a	
33716591353	zizmor-scan.yml	pull_request	multi-target-ci	2026-09-03T04:51:45Z	failure	1	275f0d2636	
33716591356	commit-lint.yml	pull_request	multi-target-ci	2026-09-03T04:51:45Z	failure	1	275f0d2636	
33716591363	repolinter.yml	pull_request	multi-target-ci	2026-09-03T04:51:45Z	skipped	1	275f0d2636	
33716591497	test-pr.yml	pull_request	multi-target-ci	2026-09-03T04:51:45Z	skipped	1	275f0d2636	
33716591641	pr.yml	pull_request	multi-target-ci	2026-09-03T04:51:46Z	cancelled	1	275f0d2636	
33716592426	qcom-preflight-checks.yml	pull_request	multi-target-ci	2026-09-03T04:51:46Z	success	1	275f0d2636	
33716738132	zizmor-scan.yml	pull_request	multi-target-ci	2026-09-03T04:54:09Z	failure	1	38525cc15c	
33716738154	commit-lint.yml	pull_request	multi-target-ci	2026-09-03T04:54:09Z	failure	1	38525cc15c	
33716738156	repolinter.yml	pull_request	multi-target-ci	2026-09-03T04:54:09Z	skipped	1	38525cc15c	
33716738298	test-pr.yml	pull_request	multi-target-ci	2026-09-03T04:54:09Z	skipped	1	38525cc15c	
33716738338	pr.yml	pull_request	multi-target-ci	2026-09-03T04:54:09Z	cancelled	1	38525cc15c	
33716739206	qcom-preflight-checks.yml	pull_request	multi-target-ci	2026-09-03T04:54:10Z	success	1	38525cc15c	
33716746153	test-pr.yml	workflow_run	main	2026-09-03T04:54:17Z	skipped	1	072a512e26	
33716919340	commit-lint.yml	pull_request	multi-target-ci	2026-09-03T04:57:10Z	success	1	3dc79159e5	
33716919348	zizmor-scan.yml	pull_request	multi-target-ci	2026-09-03T04:57:10Z	failure	1	3dc79159e5	
33716919350	repolinter.yml	pull_request	multi-target-ci	2026-09-03T04:57:10Z	skipped	1	3dc79159e5	
33716919468	pr.yml	pull_request	multi-target-ci	2026-09-03T04:57:10Z	cancelled	1	3dc79159e5	
33716919496	test-pr.yml	pull_request	multi-target-ci	2026-09-03T04:57:10Z	skipped	1	3dc79159e5	
33716920159	qcom-preflight-checks.yml	pull_request	multi-target-ci	2026-09-03T04:57:11Z	success	1	3dc79159e5	
33716940718	test-pr.yml	workflow_run	main	2026-09-03T04:57:30Z	skipped	1	072a512e26	
33717429588	zizmor-scan.yml	pull_request	multi-target-ci	2026-09-03T05:05:18Z	failure	1	c35c019258	
33717429652	repolinter.yml	pull_request	multi-target-ci	2026-09-03T05:05:19Z	skipped	1	c35c019258	
33717429681	commit-lint.yml	pull_request	multi-target-ci	2026-09-03T05:05:18Z	success	1	c35c019258	
33717429796	pr.yml	pull_request	multi-target-ci	2026-09-03T05:05:19Z	cancelled	1	c35c019258	
33717429862	test-pr.yml	pull_request	multi-target-ci	2026-09-03T05:05:19Z	skipped	1	c35c019258	
33717430471	qcom-preflight-checks.yml	pull_request	multi-target-ci	2026-09-03T05:05:19Z	success	1	c35c019258	
33717766944	test-pr.yml	workflow_run	main	2026-09-03T05:10:24Z	skipped	1	072a512e26	
33723548413	zizmor-scan.yml	pull_request	multi-target-wrynose	2026-09-03T06:30:41Z	failure	1	37aba82f7c	
33723548414	commit-lint.yml	pull_request	multi-target-wrynose	2026-09-03T06:30:41Z	success	1	37aba82f7c	
33723548941	repolinter.yml	pull_request	multi-target-wrynose	2026-09-03T06:30:41Z	success	1	37aba82f7c	
33723549437	pr.yml	pull_request	multi-target-wrynose	2026-09-03T06:30:42Z	cancelled	1	37aba82f7c	
33723549438	test-pr.yml	pull_request	multi-target-wrynose	2026-09-03T06:30:42Z	skipped	1	37aba82f7c	
33723550268	qcom-preflight-checks.yml	pull_request	multi-target-wrynose	2026-09-03T06:30:43Z	success	1	37aba82f7c	
33724902455	zizmor-scan.yml	pull_request	multi-target-ci	2026-09-03T06:47:45Z	failure	1	747a7d15fa	
33724902485	commit-lint.yml	pull_request	multi-target-ci	2026-09-03T06:47:45Z	success	1	747a7d15fa	
33724902498	repolinter.yml	pull_request	multi-target-ci	2026-09-03T06:47:45Z	skipped	1	747a7d15fa	
33724902767	pr.yml	pull_request	multi-target-ci	2026-09-03T06:47:45Z	cancelled	1	747a7d15fa	
33724902854	test-pr.yml	pull_request	multi-target-ci	2026-09-03T06:47:45Z	skipped	1	747a7d15fa	
33724904569	qcom-preflight-checks.yml	pull_request	multi-target-ci	2026-09-03T06:47:46Z	success	1	747a7d15fa	
33724932593	test-pr.yml	workflow_run	main	2026-09-03T06:48:07Z	skipped	1	072a512e26	
33725276987	backport.yml	pull_request_target	integrate-target	2026-09-03T06:52:24Z	skipped	1	6c83187a3a	
33725665993	repolinter.yml	pull_request	auto-update-meta-qcom-kas-config-33346624474	2026-09-03T06:57:10Z	skipped	1	1d93aa16a5	
33725666012	zizmor-scan.yml	pull_request	auto-update-meta-qcom-kas-config-33346624474	2026-09-03T06:57:10Z	failure	1	1d93aa16a5	
33725666021	commit-lint.yml	pull_request	auto-update-meta-qcom-kas-config-33346624474	2026-09-03T06:57:10Z	success	1	1d93aa16a5	
33725666306	test-pr.yml	pull_request	auto-update-meta-qcom-kas-config-33346624474	2026-09-03T06:57:11Z	skipped	1	1d93aa16a5	
33725666313	pr.yml	pull_request	auto-update-meta-qcom-kas-config-33346624474	2026-09-03T06:57:11Z	cancelled	1	1d93aa16a5	
33725667108	qcom-preflight-checks.yml	pull_request	auto-update-meta-qcom-kas-config-33346624474	2026-09-03T06:57:11Z	success	1	1d93aa16a5	
33725941953	zizmor-scan.yml	pull_request	multi-target-ci	2026-09-03T07:00:32Z	failure	1	ba6c6806d5	
33725942122	commit-lint.yml	pull_request	multi-target-ci	2026-09-03T07:00:33Z	success	1	ba6c6806d5	
33725942216	repolinter.yml	pull_request	multi-target-ci	2026-09-03T07:00:33Z	skipped	1	ba6c6806d5	
33725942453	test-pr.yml	pull_request	multi-target-ci	2026-09-03T07:00:33Z	skipped	1	ba6c6806d5	
33725942468	pr.yml	pull_request	multi-target-ci	2026-09-03T07:00:33Z	cancelled	1	ba6c6806d5	
33725943802	qcom-preflight-checks.yml	pull_request	multi-target-ci	2026-09-03T07:00:34Z	success	1	ba6c6806d5	
33725976399	test-pr.yml	workflow_run	main	2026-09-03T07:00:55Z	skipped	1	072a512e26	
33726207298	commit-lint.yml	pull_request	readme-update	2026-09-03T07:03:44Z	success	1	b984a4bb56	
33726207301	zizmor-scan.yml	pull_request	readme-update	2026-09-03T07:03:44Z	failure	1	b984a4bb56	
33726207315	repolinter.yml	pull_request	readme-update	2026-09-03T07:03:44Z	skipped	1	b984a4bb56	
33726207673	test-pr.yml	pull_request	readme-update	2026-09-03T07:03:44Z	skipped	1	b984a4bb56	
33726208579	qcom-preflight-checks.yml	pull_request	readme-update	2026-09-03T07:03:45Z	success	1	b984a4bb56	
33728443455	zizmor-scan.yml	pull_request	auto-update-meta-qcom-kas-config-33346624474	2026-09-03T07:30:23Z	failure	1	f205fc12ba	
33728443467	commit-lint.yml	pull_request	auto-update-meta-qcom-kas-config-33346624474	2026-09-03T07:30:23Z	success	1	f205fc12ba	
33728443511	repolinter.yml	pull_request	auto-update-meta-qcom-kas-config-33346624474	2026-09-03T07:30:23Z	skipped	1	f205fc12ba	
33728443895	pr.yml	pull_request	auto-update-meta-qcom-kas-config-33346624474	2026-09-03T07:30:23Z	cancelled	1	f205fc12ba	
33728444097	test-pr.yml	pull_request	auto-update-meta-qcom-kas-config-33346624474	2026-09-03T07:30:23Z	skipped	1	f205fc12ba	
33728446575	qcom-preflight-checks.yml	pull_request	auto-update-meta-qcom-kas-config-33346624474	2026-09-03T07:30:25Z	success	1	f205fc12ba	
33728518972	test-pr.yml	workflow_run	main	2026-09-03T07:31:13Z	skipped	1	072a512e26	
33729490720	zizmor-scan.yml	pull_request	auto-update-meta-qcom-kas-config-33346624474	2026-09-03T07:42:37Z	failure	1	c63496a6a3	
33729490725	commit-lint.yml	pull_request	auto-update-meta-qcom-kas-config-33346624474	2026-09-03T07:42:37Z	success	1	c63496a6a3	
33729490756	repolinter.yml	pull_request	auto-update-meta-qcom-kas-config-33346624474	2026-09-03T07:42:37Z	skipped	1	c63496a6a3	
33729491208	test-pr.yml	pull_request	auto-update-meta-qcom-kas-config-33346624474	2026-09-03T07:42:37Z	skipped	1	c63496a6a3	
33729491280	pr.yml	pull_request	auto-update-meta-qcom-kas-config-33346624474	2026-09-03T07:42:37Z	success	1	c63496a6a3	
33729492029	qcom-preflight-checks.yml	pull_request	auto-update-meta-qcom-kas-config-33346624474	2026-09-03T07:42:38Z	success	1	c63496a6a3	
33729546679	test-pr.yml	workflow_run	main	2026-09-03T07:43:15Z	skipped	1	072a512e26	
33732345059	commit-lint.yml	pull_request	multi-target-ci	2026-09-03T08:15:06Z	success	1	4df5599f67	
33732345170	zizmor-scan.yml	pull_request	multi-target-ci	2026-09-03T08:15:06Z	failure	1	4df5599f67	
33732345392	repolinter.yml	pull_request	multi-target-ci	2026-09-03T08:15:06Z	skipped	1	4df5599f67	
33732345612	pr.yml	pull_request	multi-target-ci	2026-09-03T08:15:06Z	success	1	4df5599f67	
33732345649	test-pr.yml	pull_request	multi-target-ci	2026-09-03T08:15:06Z	skipped	1	4df5599f67	
33732347144	qcom-preflight-checks.yml	pull_request	multi-target-ci	2026-09-03T08:15:07Z	success	1	4df5599f67	
33732386046	test-pr.yml	workflow_run	main	2026-09-03T08:15:31Z	skipped	1	072a512e26	
33733678340	repolinter.yml	pull_request	multi-target-wrynose	2026-09-03T08:30:04Z	success	1	7ea1e5d6eb	
33733678341	zizmor-scan.yml	pull_request	multi-target-wrynose	2026-09-03T08:30:04Z	failure	1	7ea1e5d6eb	
33733678362	commit-lint.yml	pull_request	multi-target-wrynose	2026-09-03T08:30:04Z	success	1	7ea1e5d6eb	
33733678899	pr.yml	pull_request	multi-target-wrynose	2026-09-03T08:30:04Z	failure	2	7ea1e5d6eb	
33733678906	test-pr.yml	pull_request	multi-target-wrynose	2026-09-03T08:30:04Z	skipped	1	7ea1e5d6eb	
33733679863	qcom-preflight-checks.yml	pull_request	multi-target-wrynose	2026-09-03T08:30:05Z	success	1	7ea1e5d6eb	
33733732381	test-pr.yml	workflow_run	main	2026-09-03T08:30:36Z	skipped	1	072a512e26	
33741497380	test-pr.yml	workflow_run	main	2026-09-03T09:55:19Z	failure	1	072a512e26	
33742324677	nightly-build.yml	schedule	main	2026-09-03T10:04:25Z	failure	1	072a512e26	
33754260484	nightly-build-wrynose.yml	schedule	main	2026-09-03T12:16:17Z	success	1	072a512e26	
33754269746	nightly-build.yml	workflow_dispatch	wrynose	2026-09-03T12:16:23Z	success	1	46f5259103	
33770950924	test-pr.yml	workflow_run	main	2026-09-03T15:08:49Z	failure	1	072a512e26	
33784632234	test-pr.yml	workflow_run	main	2026-09-03T17:27:07Z	skipped	1	072a512e26	
33795010410	test-pr.yml	workflow_run	main	2026-09-03T19:11:54Z	failure	1	072a512e26	
33826767547	stales.yml	schedule	main	2026-09-04T01:42:17Z	success	1	072a512e26	
33861452266	nightly-build.yml	schedule	main	2026-09-04T10:04:29Z	success	1	072a512e26	
33870326452	repolinter.yml	pull_request	dev/encoder_stability	2026-09-04T11:56:46Z	action_required	1	035d44ef1c	
33870326458	commit-lint.yml	pull_request	dev/encoder_stability	2026-09-04T11:56:46Z	action_required	1	035d44ef1c	
33870326761	pr.yml	pull_request	dev/encoder_stability	2026-09-04T11:56:47Z	success	2	035d44ef1c	
33870326813	test-pr.yml	pull_request	dev/encoder_stability	2026-09-04T11:56:47Z	action_required	1	035d44ef1c	
33870327601	qcom-preflight-checks.yml	pull_request	dev/encoder_stability	2026-09-04T11:56:47Z	action_required	1	035d44ef1c	
33870327648	zizmor-scan.yml	pull_request	dev/encoder_stability	2026-09-04T11:56:47Z	action_required	1	035d44ef1c	
33871846489	nightly-build-wrynose.yml	schedule	main	2026-09-04T12:15:15Z	success	1	072a512e26	
33871856265	nightly-build.yml	workflow_dispatch	wrynose	2026-09-04T12:15:22Z	success	1	46f5259103	
33936869429	stales.yml	schedule	main	2026-09-05T01:40:31Z	success	1	072a512e26	
33959618739	nightly-build.yml	schedule	main	2026-09-05T10:03:21Z	success	1	072a512e26	
33960687208	monthly.yml	schedule	main	2026-09-05T10:27:01Z	success	1	072a512e26	
33965399063	nightly-build-wrynose.yml	schedule	main	2026-09-05T12:12:43Z	success	1	072a512e26	
33965402701	nightly-build.yml	workflow_dispatch	wrynose	2026-09-05T12:12:49Z	success	1	46f5259103	
34004726103	stales.yml	schedule	main	2026-09-06T01:45:46Z	success	1	072a512e26	
34026348268	nightly-build.yml	schedule	main	2026-09-06T10:03:22Z	success	1	072a512e26	
34032462577	nightly-build-wrynose.yml	schedule	main	2026-09-06T12:13:21Z	success	1	072a512e26	
34032467067	nightly-build.yml	workflow_dispatch	wrynose	2026-09-06T12:13:26Z	success	1	46f5259103	
34032928513	test-pr.yml	workflow_run	main	2026-09-06T12:22:56Z	skipped	1	072a512e26	
34039735591	test-pr.yml	workflow_run	main	2026-09-06T14:37:13Z	failure	1	072a512e26	
34074225218	stales.yml	schedule	main	2026-09-07T01:48:59Z	success	1	072a512e26	
34074318769	repolinter.yml	pull_request	dev/encoder_stability	2026-09-07T01:50:45Z	action_required	1	eb86dad077	
34074318776	commit-lint.yml	pull_request	dev/encoder_stability	2026-09-07T01:50:45Z	action_required	1	eb86dad077	
34074318783	zizmor-scan.yml	pull_request	dev/encoder_stability	2026-09-07T01:50:45Z	action_required	1	eb86dad077	
34074318930	pr.yml	pull_request	dev/encoder_stability	2026-09-07T01:50:46Z	action_required	1	eb86dad077	
34074318942	test-pr.yml	pull_request	dev/encoder_stability	2026-09-07T01:50:46Z	action_required	1	eb86dad077	
34074319602	qcom-preflight-checks.yml	pull_request	dev/encoder_stability	2026-09-07T01:50:46Z	action_required	1	eb86dad077	
34074659513	commit-lint.yml	pull_request	dev/encoder_stability	2026-09-07T01:57:12Z	action_required	1	ac25b41e7b	
34074659517	repolinter.yml	pull_request	dev/encoder_stability	2026-09-07T01:57:12Z	action_required	1	ac25b41e7b	
34074659534	zizmor-scan.yml	pull_request	dev/encoder_stability	2026-09-07T01:57:12Z	action_required	1	ac25b41e7b	
34074659686	pr.yml	pull_request	dev/encoder_stability	2026-09-07T01:57:12Z	action_required	1	ac25b41e7b	
34074659689	test-pr.yml	pull_request	dev/encoder_stability	2026-09-07T01:57:12Z	action_required	1	ac25b41e7b	
34074660213	qcom-preflight-checks.yml	pull_request	dev/encoder_stability	2026-09-07T01:57:13Z	action_required	1	ac25b41e7b	
34074730511	zizmor-scan.yml	pull_request	multi-target-ci	2026-09-07T01:58:32Z	failure	1	3f2e7c8ae1	
34074730516	repolinter.yml	pull_request	multi-target-ci	2026-09-07T01:58:32Z	skipped	1	3f2e7c8ae1	
34074730534	commit-lint.yml	pull_request	multi-target-ci	2026-09-07T01:58:32Z	success	1	3f2e7c8ae1	
34074730692	pr.yml	pull_request	multi-target-ci	2026-09-07T01:58:32Z	success	1	3f2e7c8ae1	
34074730700	test-pr.yml	pull_request	multi-target-ci	2026-09-07T01:58:32Z	skipped	1	3f2e7c8ae1	
34074731321	qcom-preflight-checks.yml	pull_request	multi-target-ci	2026-09-07T01:58:33Z	success	1	3f2e7c8ae1	
34076177451	commit-lint.yml	pull_request	multi-target-wrynose	2026-09-07T02:24:27Z	success	1	fa2bb31732	
34076177465	repolinter.yml	pull_request	multi-target-wrynose	2026-09-07T02:24:27Z	success	1	fa2bb31732	
34076177505	zizmor-scan.yml	pull_request	multi-target-wrynose	2026-09-07T02:24:27Z	failure	1	fa2bb31732	
34076177773	pr.yml	pull_request	multi-target-wrynose	2026-09-07T02:24:27Z	success	1	fa2bb31732	
34076177860	test-pr.yml	pull_request	multi-target-wrynose	2026-09-07T02:24:27Z	skipped	1	fa2bb31732	
34076178451	qcom-preflight-checks.yml	pull_request	multi-target-wrynose	2026-09-07T02:24:28Z	success	1	fa2bb31732	
34089939305	repolinter.yml	pull_request	dev/encoder_stability	2026-09-07T06:14:22Z	skipped	2	5ed3d22b84	
34089939325	commit-lint.yml	pull_request	dev/encoder_stability	2026-09-07T06:14:22Z	failure	2	5ed3d22b84	
34089939338	zizmor-scan.yml	pull_request	dev/encoder_stability	2026-09-07T06:14:22Z	failure	2	5ed3d22b84	
34089939577	pr.yml	pull_request	dev/encoder_stability	2026-09-07T06:14:22Z	success	2	5ed3d22b84	
34089939688	test-pr.yml	pull_request	dev/encoder_stability	2026-09-07T06:14:22Z	skipped	2	5ed3d22b84	
34089940448	qcom-preflight-checks.yml	pull_request	dev/encoder_stability	2026-09-07T06:14:23Z	success	2	5ed3d22b84	
34095071259	commit-lint.yml	pull_request	backport-note	2026-09-07T07:21:28Z	success	1	12d7660082	
34095071281	zizmor-scan.yml	pull_request	backport-note	2026-09-07T07:21:28Z	failure	1	12d7660082	
34095071308	repolinter.yml	pull_request	backport-note	2026-09-07T07:21:28Z	skipped	1	12d7660082	
34095071556	test-pr.yml	pull_request	backport-note	2026-09-07T07:21:28Z	skipped	1	12d7660082	
34095071572	pr.yml	pull_request	backport-note	2026-09-07T07:21:28Z	cancelled	1	12d7660082	
34095072595	qcom-preflight-checks.yml	pull_request	backport-note	2026-09-07T07:21:29Z	success	1	12d7660082	
34103777666	test-pr.yml	workflow_run	main	2026-09-07T09:02:16Z	failure	1	072a512e26	
34105281152	commit-lint.yml	pull_request	backport-note	2026-09-07T09:18:39Z	failure	1	1089589490	
34105281239	repolinter.yml	pull_request	backport-note	2026-09-07T09:18:39Z	skipped	1	1089589490	
34105281275	zizmor-scan.yml	pull_request	backport-note	2026-09-07T09:18:39Z	failure	1	1089589490	
34105281646	test-pr.yml	pull_request	backport-note	2026-09-07T09:18:39Z	skipped	1	1089589490	
34105281673	pr.yml	pull_request	backport-note	2026-09-07T09:18:39Z	cancelled	1	1089589490	
34105282787	qcom-preflight-checks.yml	pull_request	backport-note	2026-09-07T09:18:40Z	success	1	1089589490	
34105317094	test-pr.yml	workflow_run	main	2026-09-07T09:19:01Z	skipped	1	072a512e26	
34106874570	repolinter.yml	pull_request	backport-note	2026-09-07T09:35:26Z	skipped	1	07b0bbf696	
34106874625	zizmor-scan.yml	pull_request	backport-note	2026-09-07T09:35:26Z	failure	1	07b0bbf696	
34106874682	commit-lint.yml	pull_request	backport-note	2026-09-07T09:35:26Z	success	1	07b0bbf696	
34106875000	test-pr.yml	pull_request	backport-note	2026-09-07T09:35:26Z	skipped	1	07b0bbf696	
34106875169	pr.yml	pull_request	backport-note	2026-09-07T09:35:26Z	cancelled	1	07b0bbf696	
34106876429	qcom-preflight-checks.yml	pull_request	backport-note	2026-09-07T09:35:27Z	success	1	07b0bbf696	
34106882329	test-pr.yml	workflow_run	main	2026-09-07T09:35:31Z	skipped	1	072a512e26	
34106988336	commit-lint.yml	pull_request	backport-note	2026-09-07T09:36:38Z	failure	1	1732713dc0	
34106988359	zizmor-scan.yml	pull_request	backport-note	2026-09-07T09:36:38Z	failure	1	1732713dc0	
34106988486	repolinter.yml	pull_request	backport-note	2026-09-07T09:36:38Z	skipped	1	1732713dc0	
34106988840	test-pr.yml	pull_request	backport-note	2026-09-07T09:36:39Z	skipped	1	1732713dc0	
34106988863	pr.yml	pull_request	backport-note	2026-09-07T09:36:39Z	cancelled	1	1732713dc0	
34106990144	qcom-preflight-checks.yml	pull_request	backport-note	2026-09-07T09:36:39Z	success	1	1732713dc0	
34106995897	test-pr.yml	workflow_run	main	2026-09-07T09:36:43Z	skipped	1	072a512e26	
34107535282	repolinter.yml	pull_request	dev/encoder_stability	2026-09-07T09:42:29Z	skipped	2	504b145642	
34107535294	commit-lint.yml	pull_request	dev/encoder_stability	2026-09-07T09:42:29Z	success	2	504b145642	
34107535366	zizmor-scan.yml	pull_request	dev/encoder_stability	2026-09-07T09:42:30Z	failure	2	504b145642	
34107535678	pr.yml	pull_request	dev/encoder_stability	2026-09-07T09:42:30Z	success	2	504b145642	
34107535724	test-pr.yml	pull_request	dev/encoder_stability	2026-09-07T09:42:30Z	skipped	2	504b145642	
34107536569	qcom-preflight-checks.yml	pull_request	dev/encoder_stability	2026-09-07T09:42:30Z	success	2	504b145642	
34107577141	backport.yml	pull_request_target	backport-note	2026-09-07T09:42:57Z	skipped	1	1732713dc0	
34109484054	nightly-build.yml	schedule	main	2026-09-07T10:04:27Z	success	1	072a512e26	
34116059303	test-pr.yml	workflow_run	main	2026-09-07T11:19:49Z	failure	1	072a512e26	
34120904338	nightly-build-wrynose.yml	schedule	main	2026-09-07T12:15:32Z	success	1	072a512e26	
34120915557	nightly-build.yml	workflow_dispatch	wrynose	2026-09-07T12:15:40Z	success	1	46f5259103	
34121432678	zizmor-scan.yml	pull_request	sstate-cache-test	2026-09-07T12:21:29Z	failure	1	c025f5d9b2	
34121432685	repolinter.yml	pull_request	sstate-cache-test	2026-09-07T12:21:29Z	skipped	1	c025f5d9b2	
34121432867	commit-lint.yml	pull_request	sstate-cache-test	2026-09-07T12:21:29Z	success	1	c025f5d9b2	
34121432975	test-pr.yml	pull_request	sstate-cache-test	2026-09-07T12:21:29Z	skipped	1	c025f5d9b2	
34121434033	qcom-preflight-checks.yml	pull_request	sstate-cache-test	2026-09-07T12:21:30Z	success	1	c025f5d9b2	
34121890955	repolinter.yml	pull_request	sstate-cache-test	2026-09-07T12:26:39Z	skipped	1	f2b4bb72c1	
34121891036	commit-lint.yml	pull_request	sstate-cache-test	2026-09-07T12:26:39Z	success	1	f2b4bb72c1	
34121891068	zizmor-scan.yml	pull_request	sstate-cache-test	2026-09-07T12:26:39Z	failure	1	f2b4bb72c1	
34121891356	test-pr.yml	pull_request	sstate-cache-test	2026-09-07T12:26:39Z	skipped	1	f2b4bb72c1	
34121891447	pr.yml	pull_request	sstate-cache-test	2026-09-07T12:26:40Z	failure	1	f2b4bb72c1	
34121893045	qcom-preflight-checks.yml	pull_request	sstate-cache-test	2026-09-07T12:26:41Z	success	1	f2b4bb72c1	
34121922985	test-pr.yml	workflow_run	main	2026-09-07T12:27:01Z	skipped	1	072a512e26	
34122160983	test-pr.yml	workflow_run	main	2026-09-07T12:29:42Z	failure	1	072a512e26	
34122758577	test-pr.yml	workflow_run	main	2026-09-07T12:36:06Z	skipped	1	072a512e26	
34123079038	repolinter.yml	pull_request	sstate-cache-test	2026-09-07T12:39:45Z	skipped	1	bf94d984f1	
34123079056	zizmor-scan.yml	pull_request	sstate-cache-test	2026-09-07T12:39:45Z	failure	1	bf94d984f1	
34123079067	commit-lint.yml	pull_request	sstate-cache-test	2026-09-07T12:39:45Z	success	1	bf94d984f1	
34123079302	pr.yml	pull_request	sstate-cache-test	2026-09-07T12:39:45Z	success	1	bf94d984f1	
34123079328	test-pr.yml	pull_request	sstate-cache-test	2026-09-07T12:39:45Z	skipped	1	bf94d984f1	
34123080219	qcom-preflight-checks.yml	pull_request	sstate-cache-test	2026-09-07T12:39:46Z	success	1	bf94d984f1	
34127126061	test-pr.yml	workflow_run	main	2026-09-07T13:23:25Z	failure	1	072a512e26	
34134759239	test-pr.yml	workflow_run	main	2026-09-07T14:46:07Z	failure	1	072a512e26	
34177717509	stales.yml	schedule	main	2026-09-08T01:45:31Z	success	1	072a512e26	
34179401079	zizmor-scan.yml	pull_request	multi-target-ci	2026-09-08T02:15:03Z	failure	1	34e820e407	
34179401085	commit-lint.yml	pull_request	multi-target-ci	2026-09-08T02:15:03Z	success	1	34e820e407	
34179401089	repolinter.yml	pull_request	multi-target-ci	2026-09-08T02:15:03Z	skipped	1	34e820e407	
34179401321	test-pr.yml	pull_request	multi-target-ci	2026-09-08T02:15:03Z	skipped	1	34e820e407	
34179401444	pr.yml	pull_request	multi-target-ci	2026-09-08T02:15:03Z	cancelled	1	34e820e407	
34179402174	qcom-preflight-checks.yml	pull_request	multi-target-ci	2026-09-08T02:15:04Z	success	1	34e820e407	
34179471134	zizmor-scan.yml	pull_request	multi-target-wrynose	2026-09-08T02:16:11Z	failure	1	4411cd2d18	
34179471145	commit-lint.yml	pull_request	multi-target-wrynose	2026-09-08T02:16:11Z	success	1	4411cd2d18	
34179471192	repolinter.yml	pull_request	multi-target-wrynose	2026-09-08T02:16:11Z	success	1	4411cd2d18	
34179471376	test-pr.yml	pull_request	multi-target-wrynose	2026-09-08T02:16:12Z	skipped	1	4411cd2d18	
34179471390	pr.yml	pull_request	multi-target-wrynose	2026-09-08T02:16:12Z	failure	1	4411cd2d18	
34179471944	qcom-preflight-checks.yml	pull_request	multi-target-wrynose	2026-09-08T02:16:12Z	success	1	4411cd2d18	
34179817293	repolinter.yml	pull_request	sstate-cache-test	2026-09-08T02:22:18Z	skipped	1	dab4358752	
34179817347	zizmor-scan.yml	pull_request	sstate-cache-test	2026-09-08T02:22:18Z	failure	1	dab4358752	
34179817394	commit-lint.yml	pull_request	sstate-cache-test	2026-09-08T02:22:18Z	failure	1	dab4358752	
34179817609	pr.yml	pull_request	sstate-cache-test	2026-09-08T02:22:18Z	cancelled	1	dab4358752	
34179817673	test-pr.yml	pull_request	sstate-cache-test	2026-09-08T02:22:18Z	skipped	1	dab4358752	
34179818265	qcom-preflight-checks.yml	pull_request	sstate-cache-test	2026-09-08T02:22:19Z	success	1	dab4358752	
34183540996	test-pr.yml	workflow_run	main	2026-09-08T03:26:54Z	skipped	1	072a512e26	
34187195495	repolinter.yml	push	main	2026-09-08T04:29:58Z	skipped	1	9d17ab81ea	
34187195521	backport.yml	pull_request_target	dev/encoder_stability	2026-09-08T04:29:58Z	success	1	504b145642	
34187195836	push.yml	push	main	2026-09-08T04:29:58Z	success	1	9d17ab81ea	
34187196850	qcom-preflight-checks.yml	push	main	2026-09-08T04:29:59Z	success	1	9d17ab81ea	
34187210032	repolinter.yml	pull_request	backport/374-to-wrynose	2026-09-08T04:30:10Z	success	1	0561863a53	
34187210067	commit-lint.yml	pull_request	backport/374-to-wrynose	2026-09-08T04:30:10Z	success	1	0561863a53	
34187210070	zizmor-scan.yml	pull_request	backport/374-to-wrynose	2026-09-08T04:30:10Z	failure	1	0561863a53	
34187210354	test-pr.yml	pull_request	backport/374-to-wrynose	2026-09-08T04:30:10Z	skipped	1	0561863a53	
34187210543	pr.yml	pull_request	backport/374-to-wrynose	2026-09-08T04:30:10Z	success	1	0561863a53	
34187211658	qcom-preflight-checks.yml	pull_request	backport/374-to-wrynose	2026-09-08T04:30:11Z	success	1	0561863a53	
34194473448	commit-lint.yml	pull_request	multi-target-ci	2026-09-08T06:23:47Z	success	1	8b9b849a7d	
34194473451	zizmor-scan.yml	pull_request	multi-target-ci	2026-09-08T06:23:47Z	failure	1	8b9b849a7d	
34194473500	repolinter.yml	pull_request	multi-target-ci	2026-09-08T06:23:47Z	skipped	1	8b9b849a7d	
34194473803	test-pr.yml	pull_request	multi-target-ci	2026-09-08T06:23:48Z	skipped	1	8b9b849a7d	
34194474849	qcom-preflight-checks.yml	pull_request	multi-target-ci	2026-09-08T06:23:48Z	success	1	8b9b849a7d	
34194507989	test-pr.yml	workflow_run	main	2026-09-08T06:24:16Z	skipped	1	9d17ab81ea	
34194554278	repolinter.yml	pull_request	auto-update-meta-qcom-kas-config-34175365960	2026-09-08T06:24:55Z	skipped	1	ecaf1b7214	
34194554292	zizmor-scan.yml	pull_request	auto-update-meta-qcom-kas-config-34175365960	2026-09-08T06:24:55Z	failure	1	ecaf1b7214	
34194554365	commit-lint.yml	pull_request	auto-update-meta-qcom-kas-config-34175365960	2026-09-08T06:24:55Z	success	1	ecaf1b7214	
34194554705	pr.yml	pull_request	auto-update-meta-qcom-kas-config-34175365960	2026-09-08T06:24:56Z	cancelled	1	ecaf1b7214	
34194554763	test-pr.yml	pull_request	auto-update-meta-qcom-kas-config-34175365960	2026-09-08T06:24:56Z	skipped	1	ecaf1b7214	
34194555391	qcom-preflight-checks.yml	pull_request	auto-update-meta-qcom-kas-config-34175365960	2026-09-08T06:24:56Z	success	1	ecaf1b7214	
34194735701	zizmor-scan.yml	pull_request	multi-target-ci	2026-09-08T06:27:25Z	failure	1	57e1bbbf58	
34194735723	repolinter.yml	pull_request	multi-target-ci	2026-09-08T06:27:25Z	skipped	1	57e1bbbf58	
34194735739	commit-lint.yml	pull_request	multi-target-ci	2026-09-08T06:27:26Z	success	1	57e1bbbf58	
34194735882	test-pr.yml	pull_request	multi-target-ci	2026-09-08T06:27:26Z	skipped	1	57e1bbbf58	
34194736895	qcom-preflight-checks.yml	pull_request	multi-target-ci	2026-09-08T06:27:27Z	success	1	57e1bbbf58	
34194741130	test-pr.yml	workflow_run	main	2026-09-08T06:27:30Z	skipped	1	9d17ab81ea	
34195158537	commit-lint.yml	pull_request	auto-update-meta-qcom-kas-config-34175365960	2026-09-08T06:33:08Z	failure	1	d659b89452	
34195158540	zizmor-scan.yml	pull_request	auto-update-meta-qcom-kas-config-34175365960	2026-09-08T06:33:08Z	failure	1	d659b89452	
34195158591	repolinter.yml	pull_request	auto-update-meta-qcom-kas-config-34175365960	2026-09-08T06:33:08Z	skipped	1	d659b89452	
34195158837	pr.yml	pull_request	auto-update-meta-qcom-kas-config-34175365960	2026-09-08T06:33:08Z	failure	1	d659b89452	
34195158871	test-pr.yml	pull_request	auto-update-meta-qcom-kas-config-34175365960	2026-09-08T06:33:08Z	skipped	1	d659b89452	
34195159748	qcom-preflight-checks.yml	pull_request	auto-update-meta-qcom-kas-config-34175365960	2026-09-08T06:33:09Z	success	1	d659b89452	
34195186970	test-pr.yml	workflow_run	main	2026-09-08T06:33:30Z	skipped	1	9d17ab81ea	
34195343603	backport.yml	pull_request_target	chore/qcom-robotics-distro-infra	2026-09-08T06:35:35Z	skipped	1	c6d964e915	
34195385664	backport.yml	pull_request_target	auto-update-meta-qcom-kas-config-33346624474	2026-09-08T06:36:11Z	skipped	1	c63496a6a3	
34195451353	test-pr.yml	workflow_run	main	2026-09-08T06:37:05Z	skipped	1	9d17ab81ea	
34195482337	zizmor-scan.yml	pull_request	auto-update-meta-qcom-kas-config-34175365960	2026-09-08T06:37:31Z	failure	1	40c2d4c3b1	
34195482378	commit-lint.yml	pull_request	auto-update-meta-qcom-kas-config-34175365960	2026-09-08T06:37:31Z	failure	1	40c2d4c3b1	
34195482412	repolinter.yml	pull_request	auto-update-meta-qcom-kas-config-34175365960	2026-09-08T06:37:31Z	skipped	1	40c2d4c3b1	
34195482716	pr.yml	pull_request	auto-update-meta-qcom-kas-config-34175365960	2026-09-08T06:37:31Z	cancelled	1	40c2d4c3b1	
34195482759	test-pr.yml	pull_request	auto-update-meta-qcom-kas-config-34175365960	2026-09-08T06:37:31Z	skipped	1	40c2d4c3b1	
34195483628	qcom-preflight-checks.yml	pull_request	auto-update-meta-qcom-kas-config-34175365960	2026-09-08T06:37:32Z	success	1	40c2d4c3b1	
34195575815	backport.yml	pull_request_target	sep-rel	2026-09-08T06:38:47Z	skipped	1	f3c5926d85	
34195604919	commit-lint.yml	pull_request	auto-update-meta-qcom-kas-config-34170020712	2026-09-08T06:39:12Z	success	1	27e1c4bbac	
34195604997	zizmor-scan.yml	pull_request	auto-update-meta-qcom-kas-config-34170020712	2026-09-08T06:39:12Z	failure	1	27e1c4bbac	
34195605004	repolinter.yml	pull_request	auto-update-meta-qcom-kas-config-34170020712	2026-09-08T06:39:12Z	success	1	27e1c4bbac	
34195605340	test-pr.yml	pull_request	auto-update-meta-qcom-kas-config-34170020712	2026-09-08T06:39:12Z	skipped	1	27e1c4bbac	
34195605385	pr.yml	pull_request	auto-update-meta-qcom-kas-config-34170020712	2026-09-08T06:39:12Z	success	1	27e1c4bbac	
34195606267	qcom-preflight-checks.yml	pull_request	auto-update-meta-qcom-kas-config-34170020712	2026-09-08T06:39:13Z	success	1	27e1c4bbac	
34196561856	test-pr.yml	workflow_run	main	2026-09-08T06:51:49Z	failure	1	9d17ab81ea	
34197011424	repolinter.yml	pull_request	multi-target-wrynose	2026-09-08T06:57:41Z	success	1	b906a37528	
34197011442	zizmor-scan.yml	pull_request	multi-target-wrynose	2026-09-08T06:57:41Z	failure	1	b906a37528	
34197011507	commit-lint.yml	pull_request	multi-target-wrynose	2026-09-08T06:57:41Z	success	1	b906a37528	
34197011842	test-pr.yml	pull_request	multi-target-wrynose	2026-09-08T06:57:41Z	skipped	1	b906a37528	
34197012715	qcom-preflight-checks.yml	pull_request	multi-target-wrynose	2026-09-08T06:57:42Z	success	1	b906a37528	
34199585656	test-pr.yml	workflow_run	main	2026-09-08T07:29:31Z	skipped	1	9d17ab81ea	
34202704821	zizmor-scan.yml	pull_request	multi-target-wrynose	2026-09-08T08:06:16Z	failure	1	67fd2b520e	
34202704835	commit-lint.yml	pull_request	multi-target-wrynose	2026-09-08T08:06:16Z	success	1	67fd2b520e	
34202704859	repolinter.yml	pull_request	multi-target-wrynose	2026-09-08T08:06:16Z	success	1	67fd2b520e	
34202705163	pr.yml	pull_request	multi-target-wrynose	2026-09-08T08:06:16Z	failure	1	67fd2b520e	
34202705458	test-pr.yml	pull_request	multi-target-wrynose	2026-09-08T08:06:16Z	skipped	1	67fd2b520e	
34202706346	qcom-preflight-checks.yml	pull_request	multi-target-wrynose	2026-09-08T08:06:17Z	success	1	67fd2b520e	
34202980075	commit-lint.yml	pull_request	multi-target-ci	2026-09-08T08:09:22Z	success	1	3f2e7c8ae1	
34202980142	zizmor-scan.yml	pull_request	multi-target-ci	2026-09-08T08:09:22Z	failure	1	3f2e7c8ae1	
34202980172	repolinter.yml	pull_request	multi-target-ci	2026-09-08T08:09:22Z	skipped	1	3f2e7c8ae1	
34202980385	test-pr.yml	pull_request	multi-target-ci	2026-09-08T08:09:22Z	skipped	1	3f2e7c8ae1	
34202980429	pr.yml	pull_request	multi-target-ci	2026-09-08T08:09:22Z	success	2	3f2e7c8ae1	
34202981380	qcom-preflight-checks.yml	pull_request	multi-target-ci	2026-09-08T08:09:23Z	success	1	3f2e7c8ae1	
34203014792	test-pr.yml	workflow_run	main	2026-09-08T08:09:47Z	skipped	1	9d17ab81ea	
34207366518	test-pr.yml	workflow_run	main	2026-09-08T08:57:51Z	skipped	1	9d17ab81ea	
34211285348	test-pr.yml	workflow_run	main	2026-09-08T09:40:22Z	skipped	1	9d17ab81ea	
34212352465	test-pr.yml	workflow_run	main	2026-09-08T09:51:56Z	failure	1	9d17ab81ea	
34213479122	nightly-build.yml	schedule	main	2026-09-08T10:04:29Z	success	1	9d17ab81ea	
34213605618	repolinter.yml	pull_request	auto-update-meta-qcom-kas-config-34175365960	2026-09-08T10:05:51Z	skipped	1	0cb3c82853	
34213605789	zizmor-scan.yml	pull_request	auto-update-meta-qcom-kas-config-34175365960	2026-09-08T10:05:51Z	failure	1	0cb3c82853	
34213605891	commit-lint.yml	pull_request	auto-update-meta-qcom-kas-config-34175365960	2026-09-08T10:05:51Z	failure	1	0cb3c82853	
34213606114	test-pr.yml	pull_request	auto-update-meta-qcom-kas-config-34175365960	2026-09-08T10:05:51Z	skipped	1	0cb3c82853	
34213606216	pr.yml	pull_request	auto-update-meta-qcom-kas-config-34175365960	2026-09-08T10:05:51Z	failure	1	0cb3c82853	
34213607593	qcom-preflight-checks.yml	pull_request	auto-update-meta-qcom-kas-config-34175365960	2026-09-08T10:05:52Z	success	1	0cb3c82853	
34213663198	test-pr.yml	workflow_run	main	2026-09-08T10:06:28Z	skipped	1	9d17ab81ea	
34225068016	nightly-build-wrynose.yml	schedule	main	2026-09-08T12:15:28Z	success	1	9d17ab81ea	
34225077412	nightly-build.yml	workflow_dispatch	wrynose	2026-09-08T12:15:35Z	failure	1	46f5259103	
34226038902	test-pr.yml	workflow_run	main	2026-09-08T12:25:59Z	skipped	1	9d17ab81ea	
34250933657	test-pr.yml	workflow_run	main	2026-09-08T16:25:14Z	skipped	1	9d17ab81ea	
34284688549	test-pr.yml	workflow_run	main	2026-09-08T22:12:29Z	skipped	1	9d17ab81ea	
34300517830	stales.yml	schedule	main	2026-09-09T01:46:11Z	success	1	9d17ab81ea	
34307664598	zizmor-scan.yml	pull_request	auto-update-meta-qcom-kas-config-34175365960	2026-09-09T03:34:45Z	failure	1	dcde293e44	
34307664633	repolinter.yml	pull_request	auto-update-meta-qcom-kas-config-34175365960	2026-09-09T03:34:45Z	skipped	1	dcde293e44	
34307664666	commit-lint.yml	pull_request	auto-update-meta-qcom-kas-config-34175365960	2026-09-09T03:34:45Z	failure	1	dcde293e44	
34307664853	pr.yml	pull_request	auto-update-meta-qcom-kas-config-34175365960	2026-09-09T03:34:45Z	cancelled	1	dcde293e44	
34307665014	test-pr.yml	pull_request	auto-update-meta-qcom-kas-config-34175365960	2026-09-09T03:34:45Z	skipped	1	dcde293e44	
34307666072	qcom-preflight-checks.yml	pull_request	auto-update-meta-qcom-kas-config-34175365960	2026-09-09T03:34:46Z	success	1	dcde293e44	
34311531308	repolinter.yml	pull_request	auto-update-meta-qcom-kas-config-34175365960	2026-09-09T04:35:04Z	skipped	1	72c9568afe	
34311531329	zizmor-scan.yml	pull_request	auto-update-meta-qcom-kas-config-34175365960	2026-09-09T04:35:04Z	failure	1	72c9568afe	
34311531330	commit-lint.yml	pull_request	auto-update-meta-qcom-kas-config-34175365960	2026-09-09T04:35:04Z	failure	1	72c9568afe	
34311531614	test-pr.yml	pull_request	auto-update-meta-qcom-kas-config-34175365960	2026-09-09T04:35:04Z	skipped	1	72c9568afe	
34311531780	pr.yml	pull_request	auto-update-meta-qcom-kas-config-34175365960	2026-09-09T04:35:04Z	success	1	72c9568afe	
34311532556	qcom-preflight-checks.yml	pull_request	auto-update-meta-qcom-kas-config-34175365960	2026-09-09T04:35:05Z	success	1	72c9568afe	
34311560546	test-pr.yml	workflow_run	main	2026-09-09T04:35:28Z	skipped	1	9d17ab81ea	
34313882237	zizmor-scan.yml	pull_request	multi-target-wrynose	2026-09-09T05:11:24Z	failure	1	6c0ea7fd8c	
34313882247	commit-lint.yml	pull_request	multi-target-wrynose	2026-09-09T05:11:24Z	success	1	6c0ea7fd8c	
34313882301	repolinter.yml	pull_request	multi-target-wrynose	2026-09-09T05:11:24Z	success	1	6c0ea7fd8c	
34313882452	test-pr.yml	pull_request	multi-target-wrynose	2026-09-09T05:11:24Z	skipped	1	6c0ea7fd8c	
34313882493	pr.yml	pull_request	multi-target-wrynose	2026-09-09T05:11:24Z	failure	1	6c0ea7fd8c	
34313883331	qcom-preflight-checks.yml	pull_request	multi-target-wrynose	2026-09-09T05:11:25Z	success	1	6c0ea7fd8c	
34314233145	test-pr.yml	workflow_run	main	2026-09-09T05:16:36Z	skipped	1	9d17ab81ea	
34325723479	test-pr.yml	workflow_run	main	2026-09-09T07:48:13Z	failure	1	9d17ab81ea	
34338224867	nightly-build.yml	schedule	main	2026-09-09T10:04:19Z	success	1	9d17ab81ea	
34344276051	zizmor-scan.yml	pull_request	auto-update-meta-qcom-kas-config-34175365960	2026-09-09T11:11:57Z	failure	1	e05325e753	
34344276071	repolinter.yml	pull_request	auto-update-meta-qcom-kas-config-34175365960	2026-09-09T11:11:57Z	skipped	1	e05325e753	
34344276113	commit-lint.yml	pull_request	auto-update-meta-qcom-kas-config-34175365960	2026-09-09T11:11:57Z	success	1	e05325e753	
34344276535	pr.yml	pull_request	auto-update-meta-qcom-kas-config-34175365960	2026-09-09T11:11:58Z	success	1	e05325e753	
34344276580	test-pr.yml	pull_request	auto-update-meta-qcom-kas-config-34175365960	2026-09-09T11:11:58Z	skipped	1	e05325e753	
34344277445	qcom-preflight-checks.yml	pull_request	auto-update-meta-qcom-kas-config-34175365960	2026-09-09T11:11:58Z	success	1	e05325e753	
34349922541	nightly-build-wrynose.yml	schedule	main	2026-09-09T12:14:55Z	success	1	9d17ab81ea	
34349932197	nightly-build.yml	workflow_dispatch	wrynose	2026-09-09T12:15:01Z	failure	1	46f5259103	
34356261612	test-pr.yml	workflow_run	main	2026-09-09T13:18:37Z	failure	1	9d17ab81ea	
34365337396	test-pr.yml	workflow_run	main	2026-09-09T14:42:01Z	failure	1	9d17ab81ea	
34426589597	stales.yml	schedule	main	2026-09-10T01:43:12Z	success	1	9d17ab81ea	
34428980206	repolinter.yml	pull_request	multi-target-wrynose	2026-09-10T02:19:14Z	success	1	30d0c8c016	
34428980208	commit-lint.yml	pull_request	multi-target-wrynose	2026-09-10T02:19:14Z	success	1	30d0c8c016	
34428980251	zizmor-scan.yml	pull_request	multi-target-wrynose	2026-09-10T02:19:14Z	failure	1	30d0c8c016	
34428980437	test-pr.yml	pull_request	multi-target-wrynose	2026-09-10T02:19:14Z	skipped	1	30d0c8c016	
34428980484	pr.yml	pull_request	multi-target-wrynose	2026-09-10T02:19:14Z	success	1	30d0c8c016	
34428981062	qcom-preflight-checks.yml	pull_request	multi-target-wrynose	2026-09-10T02:19:15Z	success	1	30d0c8c016	
34437455611	repolinter.yml	push	wrynose	2026-09-10T04:30:35Z	success	1	a7d14f7b8b	
34437455688	backport.yml	pull_request_target	backport/374-to-wrynose	2026-09-10T04:30:35Z	skipped	1	0561863a53	
34437455986	push.yml	push	wrynose	2026-09-10T04:30:35Z	failure	1	a7d14f7b8b	
34439217768	zizmor-scan.yml	pull_request	auto-update-meta-qcom-kas-config-34175365960	2026-09-10T04:58:17Z	failure	1	16f370a90f	
34439217775	commit-lint.yml	pull_request	auto-update-meta-qcom-kas-config-34175365960	2026-09-10T04:58:17Z	success	1	16f370a90f	
34439217807	repolinter.yml	pull_request	auto-update-meta-qcom-kas-config-34175365960	2026-09-10T04:58:17Z	skipped	1	16f370a90f	
34439217979	pr.yml	pull_request	auto-update-meta-qcom-kas-config-34175365960	2026-09-10T04:58:17Z	success	1	16f370a90f	
34439217988	test-pr.yml	pull_request	auto-update-meta-qcom-kas-config-34175365960	2026-09-10T04:58:17Z	skipped	1	16f370a90f	
34439219164	qcom-preflight-checks.yml	pull_request	auto-update-meta-qcom-kas-config-34175365960	2026-09-10T04:58:19Z	success	1	16f370a90f	
34439460943	commit-lint.yml	pull_request	auto-update-meta-qcom-kas-config-34170020712	2026-09-10T05:02:03Z	success	1	fcc90ab953	
34439461029	repolinter.yml	pull_request	auto-update-meta-qcom-kas-config-34170020712	2026-09-10T05:02:03Z	success	1	fcc90ab953	
34439461078	zizmor-scan.yml	pull_request	auto-update-meta-qcom-kas-config-34170020712	2026-09-10T05:02:04Z	failure	1	fcc90ab953	
34439461325	pr.yml	pull_request	auto-update-meta-qcom-kas-config-34170020712	2026-09-10T05:02:04Z	success	1	fcc90ab953	
34439461355	test-pr.yml	pull_request	auto-update-meta-qcom-kas-config-34170020712	2026-09-10T05:02:04Z	skipped	1	fcc90ab953	
34439462058	qcom-preflight-checks.yml	pull_request	auto-update-meta-qcom-kas-config-34170020712	2026-09-10T05:02:04Z	success	1	fcc90ab953	
34448307143	test-pr.yml	workflow_run	main	2026-09-10T07:06:17Z	failure	1	9d17ab81ea	
34448859784	test-pr.yml	workflow_run	main	2026-09-10T07:13:04Z	failure	1	9d17ab81ea	
34464070965	nightly-build.yml	schedule	main	2026-09-10T10:04:02Z	success	1	9d17ab81ea	
34472653586	repolinter.yml	push	wrynose	2026-09-10T11:41:46Z	success	1	7def4d65cc	
34472653969	push.yml	push	wrynose	2026-09-10T11:41:46Z	failure	1	7def4d65cc	
34472657007	backport.yml	pull_request_target	auto-update-meta-qcom-kas-config-34170020712	2026-09-10T11:41:48Z	skipped	1	fcc90ab953	
34472760201	repolinter.yml	push	main	2026-09-10T11:43:01Z	skipped	1	7240df640e	
34472760257	backport.yml	pull_request_target	auto-update-meta-qcom-kas-config-34175365960	2026-09-10T11:43:01Z	success	1	16f370a90f	
34472760669	push.yml	push	main	2026-09-10T11:43:01Z	failure	1	7240df640e	
34472761614	qcom-preflight-checks.yml	push	main	2026-09-10T11:43:02Z	success	1	7240df640e	
34475651892	nightly-build-wrynose.yml	schedule	main	2026-09-10T12:14:54Z	success	1	7240df640e	
34475659675	nightly-build.yml	workflow_dispatch	wrynose	2026-09-10T12:14:59Z	success	1	7def4d65cc	
34475695920	backport.yml	pull_request_target	sstate-cache-test	2026-09-10T12:15:21Z	skipped	1	dab4358752	
34475802201	test-pr.yml	workflow_run	main	2026-09-10T12:16:28Z	failure	1	7240df640e	
34538406493	commit-lint.yml	pull_request	ci-fsx-sstate-cache	2026-09-10T22:38:04Z	failure	1	1e4a654a90	
34538406549	zizmor-scan.yml	pull_request	ci-fsx-sstate-cache	2026-09-10T22:38:04Z	failure	1	1e4a654a90	
34538406601	repolinter.yml	pull_request	ci-fsx-sstate-cache	2026-09-10T22:38:04Z	skipped	1	1e4a654a90	
34538407155	pr.yml	pull_request	ci-fsx-sstate-cache	2026-09-10T22:38:05Z	failure	7	1e4a654a90	
34538407281	test-pr.yml	pull_request	ci-fsx-sstate-cache	2026-09-10T22:38:05Z	skipped	1	1e4a654a90	
34538408857	qcom-preflight-checks.yml	pull_request	ci-fsx-sstate-cache	2026-09-10T22:38:06Z	failure	1	1e4a654a90	
34539025511	test-pr.yml	workflow_run	main	2026-09-10T22:45:53Z	skipped	1	7240df640e	
34551790710	stales.yml	schedule	main	2026-09-11T01:43:14Z	success	1	7240df640e	
34587387258	nightly-build.yml	schedule	main	2026-09-11T10:04:24Z	success	1	7240df640e	
34596267353	zizmor-scan.yml	pull_request	dev/capture_resolution	2026-09-11T11:54:20Z	action_required	1	2f43bc0865	
34596267409	commit-lint.yml	pull_request	dev/capture_resolution	2026-09-11T11:54:20Z	action_required	1	2f43bc0865	
34596267426	repolinter.yml	pull_request	dev/capture_resolution	2026-09-11T11:54:20Z	action_required	1	2f43bc0865	
34596267893	test-pr.yml	pull_request	dev/capture_resolution	2026-09-11T11:54:20Z	action_required	1	2f43bc0865	
34596267912	pr.yml	pull_request	dev/capture_resolution	2026-09-11T11:54:20Z	action_required	1	2f43bc0865	
34596268751	qcom-preflight-checks.yml	pull_request	dev/capture_resolution	2026-09-11T11:54:21Z	action_required	1	2f43bc0865	
34596957505	zizmor-scan.yml	pull_request	dev/capture_resolution	2026-09-11T12:03:00Z	failure	2	aba5e46157	
34596957506	repolinter.yml	pull_request	dev/capture_resolution	2026-09-11T12:03:00Z	skipped	2	aba5e46157	
34596957611	commit-lint.yml	pull_request	dev/capture_resolution	2026-09-11T12:03:00Z	success	2	aba5e46157	
34596957696	pr.yml	pull_request	dev/capture_resolution	2026-09-11T12:03:00Z	success	2	aba5e46157	
34596957723	test-pr.yml	pull_request	dev/capture_resolution	2026-09-11T12:03:00Z	skipped	2	aba5e46157	
34596958616	qcom-preflight-checks.yml	pull_request	dev/capture_resolution	2026-09-11T12:03:01Z	success	2	aba5e46157	
34598001039	nightly-build-wrynose.yml	schedule	main	2026-09-11T12:15:33Z	success	1	7240df640e	
34598009486	nightly-build.yml	workflow_dispatch	wrynose	2026-09-11T12:15:39Z	success	1	7def4d65cc	
34600658645	commit-lint.yml	pull_request	rdepends-fix	2026-09-11T12:46:24Z	success	1	0a5f431d21	
34600658682	zizmor-scan.yml	pull_request	rdepends-fix	2026-09-11T12:46:24Z	failure	1	0a5f431d21	
34600658816	repolinter.yml	pull_request	rdepends-fix	2026-09-11T12:46:24Z	skipped	1	0a5f431d21	
34600659160	test-pr.yml	pull_request	rdepends-fix	2026-09-11T12:46:24Z	skipped	1	0a5f431d21	
34600659641	pr.yml	pull_request	rdepends-fix	2026-09-11T12:46:24Z	success	1	0a5f431d21	
34600660666	qcom-preflight-checks.yml	pull_request	rdepends-fix	2026-09-11T12:46:25Z	success	1	0a5f431d21	
34614048909	test-pr.yml	workflow_run	main	2026-09-11T15:05:33Z	failure	1	7240df640e	
34615786103	test-pr.yml	workflow_run	main	2026-09-11T15:22:58Z	skipped	1	7240df640e	
34665513959	stales.yml	schedule	main	2026-09-12T01:40:33Z	success	1	7240df640e	
34676219715	test-pr.yml	workflow_run	main	2026-09-12T05:41:18Z	skipped	1	7240df640e	
34678726754	test-pr.yml	workflow_run	main	2026-09-12T06:40:11Z	skipped	1	7240df640e	
34687435975	nightly-build.yml	schedule	main	2026-09-12T10:03:21Z	success	1	7240df640e	
34693075310	nightly-build-wrynose.yml	schedule	main	2026-09-12T12:13:11Z	success	1	7240df640e	
34693079121	nightly-build.yml	workflow_dispatch	wrynose	2026-09-12T12:13:15Z	success	1	7def4d65cc	
34731407902	stales.yml	schedule	main	2026-09-13T01:47:26Z	success	1	7240df640e	
34751219732	nightly-build.yml	schedule	main	2026-09-13T10:11:56Z	failure	1	7240df640e	
34756496531	nightly-build-wrynose.yml	schedule	main	2026-09-13T12:13:15Z	success	1	7240df640e	
34756502307	nightly-build.yml	workflow_dispatch	wrynose	2026-09-13T12:13:22Z	success	1	7def4d65cc	
34789454668	test-pr.yml	workflow_run	main	2026-09-13T23:21:10Z	skipped	1	7240df640e	
34795932085	test-pr.yml	workflow_run	main	2026-09-14T01:26:37Z	skipped	1	7240df640e	
34797220206	stales.yml	schedule	main	2026-09-14T01:50:42Z	success	1	7240df640e	
34800742293	test-pr.yml	workflow_run	main	2026-09-14T02:54:03Z	skipped	1	7240df640e	
34802060236	zizmor-scan.yml	pull_request	auto-update-meta-qcom-kas-config-34725402920	2026-09-14T03:16:41Z	failure	1	051a4069ea	
34802060256	repolinter.yml	pull_request	auto-update-meta-qcom-kas-config-34725402920	2026-09-14T03:16:41Z	success	1	051a4069ea	
34802060259	commit-lint.yml	pull_request	auto-update-meta-qcom-kas-config-34725402920	2026-09-14T03:16:41Z	success	1	051a4069ea	
34802060422	pr.yml	pull_request	auto-update-meta-qcom-kas-config-34725402920	2026-09-14T03:16:41Z	cancelled	1	051a4069ea	
34802060440	test-pr.yml	pull_request	auto-update-meta-qcom-kas-config-34725402920	2026-09-14T03:16:41Z	skipped	1	051a4069ea	
34802061016	qcom-preflight-checks.yml	pull_request	auto-update-meta-qcom-kas-config-34725402920	2026-09-14T03:16:42Z	success	1	051a4069ea	
34802799441	zizmor-scan.yml	pull_request	auto-update-meta-qcom-kas-config-34725402920	2026-09-14T03:29:50Z	failure	1	5b8f03356c	
34802799472	commit-lint.yml	pull_request	auto-update-meta-qcom-kas-config-34725402920	2026-09-14T03:29:50Z	success	1	5b8f03356c	
34802799481	repolinter.yml	pull_request	auto-update-meta-qcom-kas-config-34725402920	2026-09-14T03:29:50Z	success	1	5b8f03356c	
34802799537	test-pr.yml	pull_request	auto-update-meta-qcom-kas-config-34725402920	2026-09-14T03:29:50Z	skipped	1	5b8f03356c	
34802799616	pr.yml	pull_request	auto-update-meta-qcom-kas-config-34725402920	2026-09-14T03:29:50Z	success	1	5b8f03356c	
34802800132	qcom-preflight-checks.yml	pull_request	auto-update-meta-qcom-kas-config-34725402920	2026-09-14T03:29:51Z	success	1	5b8f03356c	
34802826008	test-pr.yml	workflow_run	main	2026-09-14T03:30:18Z	skipped	1	7240df640e	
34803329524	commit-lint.yml	pull_request	auto-update-meta-qcom-kas-config-34729757643	2026-09-14T03:39:07Z	success	1	69de653b73	
34803329541	zizmor-scan.yml	pull_request	auto-update-meta-qcom-kas-config-34729757643	2026-09-14T03:39:07Z	failure	1	69de653b73	
34803329544	repolinter.yml	pull_request	auto-update-meta-qcom-kas-config-34729757643	2026-09-14T03:39:07Z	skipped	1	69de653b73	
34803329726	pr.yml	pull_request	auto-update-meta-qcom-kas-config-34729757643	2026-09-14T03:39:07Z	success	1	69de653b73	
34803329755	test-pr.yml	pull_request	auto-update-meta-qcom-kas-config-34729757643	2026-09-14T03:39:07Z	skipped	1	69de653b73	
34803330370	qcom-preflight-checks.yml	pull_request	auto-update-meta-qcom-kas-config-34729757643	2026-09-14T03:39:08Z	success	1	69de653b73	
34804832946	test-pr.yml	workflow_run	main	2026-09-14T04:06:20Z	failure	1	7240df640e	
34812461761	repolinter.yml	push	main	2026-09-14T06:12:18Z	skipped	1	0c3304d930	
34812461940	backport.yml	pull_request_target	dev/capture_resolution	2026-09-14T06:12:18Z	success	1	aba5e46157	
34812462052	push.yml	push	main	2026-09-14T06:12:18Z	failure	1	0c3304d930	
34812462873	qcom-preflight-checks.yml	push	main	2026-09-14T06:12:18Z	failure	1	0c3304d930	
34812482048	zizmor-scan.yml	pull_request	backport/381-to-wrynose	2026-09-14T06:12:35Z	failure	1	8ceac5b754	
34812482070	repolinter.yml	pull_request	backport/381-to-wrynose	2026-09-14T06:12:35Z	success	1	8ceac5b754	
34812482109	commit-lint.yml	pull_request	backport/381-to-wrynose	2026-09-14T06:12:35Z	success	1	8ceac5b754	
34812482395	test-pr.yml	pull_request	backport/381-to-wrynose	2026-09-14T06:12:35Z	skipped	1	8ceac5b754	
34812482419	pr.yml	pull_request	backport/381-to-wrynose	2026-09-14T06:12:36Z	success	1	8ceac5b754	
34812483380	qcom-preflight-checks.yml	pull_request	backport/381-to-wrynose	2026-09-14T06:12:36Z	success	1	8ceac5b754	
34813524313	test-pr.yml	workflow_run	main	2026-09-14T06:27:02Z	failure	1	0c3304d930	
34816919587	repolinter.yml	push	main	2026-09-14T07:14:16Z	skipped	1	5a639d85eb	
34816919706	backport.yml	pull_request_target	rdepends-fix	2026-09-14T07:14:16Z	success	1	0a5f431d21	
34816919872	push.yml	push	main	2026-09-14T07:14:16Z	success	1	5a639d85eb	
34816920662	qcom-preflight-checks.yml	push	main	2026-09-14T07:14:17Z	failure	1	5a639d85eb	
34817126715	backport.yml	pull_request_target	readme-update	2026-09-14T07:16:48Z	skipped	1	b984a4bb56	
34817150304	backport.yml	pull_request_target	multi-target-wrynose	2026-09-14T07:17:05Z	skipped	1	30d0c8c016	
34818668399	commit-lint.yml	pull_request	wrynose	2026-09-14T07:36:47Z	success	1	54de1b6290	
34818668477	zizmor-scan.yml	pull_request	wrynose	2026-09-14T07:36:47Z	failure	1	54de1b6290	
34818668684	pr.yml	pull_request	wrynose	2026-09-14T07:36:47Z	success	1	54de1b6290	
34818668734	repolinter.yml	pull_request	wrynose	2026-09-14T07:36:47Z	success	1	54de1b6290	
34818668887	test-pr.yml	pull_request	wrynose	2026-09-14T07:36:47Z	skipped	1	54de1b6290	
34818670129	qcom-preflight-checks.yml	pull_request	wrynose	2026-09-14T07:36:48Z	success	1	54de1b6290	
34822704532	test-pr.yml	workflow_run	main	2026-09-14T08:26:12Z	failure	1	5a639d85eb	
34829987842	test-pr.yml	workflow_run	main	2026-09-14T09:49:30Z	failure	1	5a639d85eb	
34831269261	nightly-build.yml	schedule	main	2026-09-14T10:04:21Z	failure	1	5a639d85eb	
34838941199	test-pr.yml	workflow_run	main	2026-09-14T11:35:04Z	failure	1	5a639d85eb	
34842448249	nightly-build-wrynose.yml	schedule	main	2026-09-14T12:15:34Z	success	1	5a639d85eb	
34842461102	nightly-build.yml	workflow_dispatch	wrynose	2026-09-14T12:15:42Z	failure	1	7def4d65cc	
34916087764	zizmor-scan.yml	pull_request	ci-fsx-sstate-cache	2026-09-15T01:08:48Z	failure	1	1586a166fc	
34916087808	repolinter.yml	pull_request	ci-fsx-sstate-cache	2026-09-15T01:08:48Z	skipped	1	1586a166fc	
34916087855	commit-lint.yml	pull_request	ci-fsx-sstate-cache	2026-09-15T01:08:48Z	failure	1	1586a166fc	
34916088126	test-pr.yml	pull_request	ci-fsx-sstate-cache	2026-09-15T01:08:48Z	skipped	1	1586a166fc	
34916088202	pr.yml	pull_request	ci-fsx-sstate-cache	2026-09-15T01:08:48Z	cancelled	10	1586a166fc	
34916089363	qcom-preflight-checks.yml	pull_request	ci-fsx-sstate-cache	2026-09-15T01:08:49Z	failure	1	1586a166fc	
34918675484	stales.yml	schedule	main	2026-09-15T01:47:45Z	success	1	5a639d85eb	
34919132690	test-pr.yml	workflow_run	main	2026-09-15T01:54:58Z	skipped	1	5a639d85eb	
34921824276	backport.yml	pull_request_target	backport/381-to-wrynose	2026-09-15T02:36:24Z	skipped	1	8ceac5b754	
34921824435	repolinter.yml	push	wrynose	2026-09-15T02:36:24Z	success	1	a7887865a8	
34921824946	push.yml	push	wrynose	2026-09-15T02:36:25Z	success	1	a7887865a8	
34922732109	test-pr.yml	workflow_run	main	2026-09-15T02:50:49Z	skipped	1	5a639d85eb	
34939327307	repolinter.yml	push	main	2026-09-15T06:57:42Z	skipped	1	7b47d3855b	
34939327634	backport.yml	pull_request_target	auto-update-meta-qcom-kas-config-34729757643	2026-09-15T06:57:42Z	success	1	69de653b73	
34939327761	push.yml	push	main	2026-09-15T06:57:42Z	success	1	7b47d3855b	
34939328955	qcom-preflight-checks.yml	push	main	2026-09-15T06:57:43Z	failure	1	7b47d3855b	
34939377807	backport.yml	pull_request_target	auto-update-meta-qcom-kas-config-34725402920	2026-09-15T06:58:21Z	skipped	1	5b8f03356c	
34939383842	repolinter.yml	push	wrynose	2026-09-15T06:58:25Z	success	1	8ed1bbf221	
34939384133	push.yml	push	wrynose	2026-09-15T06:58:25Z	failure	1	8ed1bbf221	
34945681707	backport.yml	pull_request_target	multi-target-ci	2026-09-15T08:12:19Z	skipped	1	3f2e7c8ae1	
34953826918	zizmor-scan.yml	pull_request	wrynose-rdepends	2026-09-15T09:40:44Z	failure	1	93b6893484	
34953827025	commit-lint.yml	pull_request	wrynose-rdepends	2026-09-15T09:40:44Z	failure	1	93b6893484	
34953827053	repolinter.yml	pull_request	wrynose-rdepends	2026-09-15T09:40:44Z	success	1	93b6893484	
34953827256	pr.yml	pull_request	wrynose-rdepends	2026-09-15T09:40:45Z	cancelled	1	93b6893484	
34953827310	test-pr.yml	pull_request	wrynose-rdepends	2026-09-15T09:40:45Z	skipped	1	93b6893484	
34953828443	qcom-preflight-checks.yml	pull_request	wrynose-rdepends	2026-09-15T09:40:45Z	success	1	93b6893484	
34955982952	nightly-build.yml	schedule	main	2026-09-15T10:04:37Z	success	1	7b47d3855b	
34962586858	repolinter.yml	pull_request	wrynose-rdepends	2026-09-15T11:18:34Z	success	1	8bc63f1d65	
34962587001	zizmor-scan.yml	pull_request	wrynose-rdepends	2026-09-15T11:18:34Z	failure	1	8bc63f1d65	
34962587242	commit-lint.yml	pull_request	wrynose-rdepends	2026-09-15T11:18:34Z	failure	1	8bc63f1d65	
34962587449	test-pr.yml	pull_request	wrynose-rdepends	2026-09-15T11:18:34Z	skipped	1	8bc63f1d65	
34962587696	pr.yml	pull_request	wrynose-rdepends	2026-09-15T11:18:34Z	cancelled	1	8bc63f1d65	
34962588697	qcom-preflight-checks.yml	pull_request	wrynose-rdepends	2026-09-15T11:18:35Z	success	1	8bc63f1d65	
34962636703	test-pr.yml	workflow_run	main	2026-09-15T11:19:07Z	skipped	1	7b47d3855b	
34962643490	zizmor-scan.yml	pull_request	wrynose-rdepends	2026-09-15T11:19:12Z	failure	1	bab1819cf0	
34962643583	commit-lint.yml	pull_request	wrynose-rdepends	2026-09-15T11:19:12Z	success	1	bab1819cf0	
34962643647	repolinter.yml	pull_request	wrynose-rdepends	2026-09-15T11:19:12Z	success	1	bab1819cf0	
34962643934	test-pr.yml	pull_request	wrynose-rdepends	2026-09-15T11:19:12Z	skipped	1	bab1819cf0	
34962643953	pr.yml	pull_request	wrynose-rdepends	2026-09-15T11:19:12Z	success	1	bab1819cf0	
34962644890	qcom-preflight-checks.yml	pull_request	wrynose-rdepends	2026-09-15T11:19:13Z	success	1	bab1819cf0	
34962661693	test-pr.yml	workflow_run	main	2026-09-15T11:19:26Z	skipped	1	7b47d3855b	
34967737292	nightly-build-wrynose.yml	schedule	main	2026-09-15T12:14:45Z	success	1	7b47d3855b	
34967747093	nightly-build.yml	workflow_dispatch	wrynose	2026-09-15T12:14:51Z	success	1	8ed1bbf221	
34974867709	test-pr.yml	workflow_run	main	2026-09-15T13:25:11Z	failure	1	7b47d3855b	
35007551439	test-pr.yml	workflow_run	main	2026-09-15T18:27:05Z	skipped	1	7b47d3855b	
35016313296	test-pr.yml	workflow_run	main	2026-09-15T19:53:30Z	skipped	1	7b47d3855b	
35023603895	test-pr.yml	workflow_run	main	2026-09-15T21:05:55Z	skipped	1	7b47d3855b	
35029834654	test-pr.yml	workflow_run	main	2026-09-15T22:13:14Z	skipped	1	7b47d3855b	
35045343468	stales.yml	schedule	main	2026-09-16T01:45:38Z	success	1	7b47d3855b	
35062753404	repolinter.yml	push	wrynose	2026-09-16T06:13:25Z	success	1	10b92e423f	
35062753569	push.yml	push	wrynose	2026-09-16T06:13:25Z	success	1	10b92e423f	
35062754251	backport.yml	pull_request_target	wrynose	2026-09-16T06:13:26Z	skipped	1	54de1b6290	
35067079551	repolinter.yml	push	wrynose	2026-09-16T07:09:02Z	success	1	97621db0ae	
35067079657	backport.yml	pull_request_target	wrynose-rdepends	2026-09-16T07:09:02Z	skipped	1	bab1819cf0	
35067079719	push.yml	push	wrynose	2026-09-16T07:09:02Z	success	1	97621db0ae	
35082967874	nightly-build.yml	schedule	main	2026-09-16T10:04:25Z	success	1	7b47d3855b	
35094811422	nightly-build-wrynose.yml	schedule	main	2026-09-16T12:15:48Z	success	1	7b47d3855b	
35094818771	nightly-build.yml	workflow_dispatch	wrynose	2026-09-16T12:15:53Z	success	1	97621db0ae	
35171861284	stales.yml	schedule	main	2026-09-17T01:46:41Z	success	1	7b47d3855b	
35194044523	zizmor-scan.yml	pull_request	main	2026-09-17T07:20:29Z	failure	1	b24c02c30b	
35194044531	repolinter.yml	pull_request	main	2026-09-17T07:20:29Z	skipped	1	b24c02c30b	
35194044578	commit-lint.yml	pull_request	main	2026-09-17T07:20:29Z	success	1	b24c02c30b	
35194044864	test-pr.yml	pull_request	main	2026-09-17T07:20:29Z	skipped	1	b24c02c30b	
35194044923	pr.yml	pull_request	main	2026-09-17T07:20:29Z	success	1	b24c02c30b	
35194045861	qcom-preflight-checks.yml	pull_request	main	2026-09-17T07:20:29Z	success	1	b24c02c30b	
35194174452	backport.yml	pull_request_target	main	2026-09-17T07:22:02Z	skipped	1	b24c02c30b	
35199990170	test-pr.yml	workflow_run	main	2026-09-17T08:30:03Z	skipped	1	7b47d3855b	
35204246825	test-pr.yml	workflow_run	main	2026-09-17T09:16:48Z	skipped	1	7b47d3855b	
35204795916	test-pr.yml	workflow_run	main	2026-09-17T09:22:52Z	failure	1	7b47d3855b	
35208542512	nightly-build.yml	schedule	main	2026-09-17T10:04:24Z	success	1	7b47d3855b	
35220101053	nightly-build-wrynose.yml	schedule	main	2026-09-17T12:15:34Z	success	1	7b47d3855b	
35220116154	nightly-build.yml	workflow_dispatch	wrynose	2026-09-17T12:15:43Z	success	1	97621db0ae	
35296625762	stales.yml	schedule	main	2026-09-18T01:45:42Z	success	1	7b47d3855b	
35304195398	test-pr.yml	workflow_run	main	2026-09-18T03:42:15Z	skipped	1	7b47d3855b	
35332797855	nightly-build.yml	schedule	main	2026-09-18T10:04:12Z	success	1	7b47d3855b	
35343624334	nightly-build-wrynose.yml	schedule	main	2026-09-18T12:14:33Z	success	1	7b47d3855b	
35343631039	nightly-build.yml	workflow_dispatch	wrynose	2026-09-18T12:14:38Z	success	1	97621db0ae	
35413525660	stales.yml	schedule	main	2026-09-19T01:43:28Z	success	1	7b47d3855b	
35436367284	nightly-build.yml	schedule	main	2026-09-19T10:03:40Z	success	1	7b47d3855b	
35442241573	nightly-build-wrynose.yml	schedule	main	2026-09-19T12:13:18Z	success	1	7b47d3855b	
35442246095	nightly-build.yml	workflow_dispatch	wrynose	2026-09-19T12:13:23Z	success	1	97621db0ae	
35482295990	stales.yml	schedule	main	2026-09-20T01:47:28Z	success	1	7b47d3855b	
35503992724	nightly-build.yml	schedule	main	2026-09-20T10:03:31Z	success	1	7b47d3855b	
35510003907	nightly-build-wrynose.yml	schedule	main	2026-09-20T12:13:28Z	success	1	7b47d3855b	
35510008529	nightly-build.yml	workflow_dispatch	wrynose	2026-09-20T12:13:33Z	success	1	97621db0ae	
35552235523	stales.yml	schedule	main	2026-09-21T01:51:17Z	success	1	7b47d3855b	
35553693876	zizmor-scan.yml	pull_request	auto-update-meta-qcom-kas-config-34548898557	2026-09-21T02:17:36Z	failure	1	af6d19e489	
35553693887	repolinter.yml	pull_request	auto-update-meta-qcom-kas-config-34548898557	2026-09-21T02:17:36Z	skipped	1	af6d19e489	
35553693929	commit-lint.yml	pull_request	auto-update-meta-qcom-kas-config-34548898557	2026-09-21T02:17:36Z	success	1	af6d19e489	
35553694074	pr.yml	pull_request	auto-update-meta-qcom-kas-config-34548898557	2026-09-21T02:17:36Z	success	1	af6d19e489	
35553694113	test-pr.yml	pull_request	auto-update-meta-qcom-kas-config-34548898557	2026-09-21T02:17:36Z	skipped	1	af6d19e489	
35553694914	qcom-preflight-checks.yml	pull_request	auto-update-meta-qcom-kas-config-34548898557	2026-09-21T02:17:37Z	success	1	af6d19e489	
35554071615	repolinter.yml	pull_request	auto-update-meta-qcom-kas-config-35476113928	2026-09-21T02:24:26Z	success	1	ff6e87d8e5	
35554071623	zizmor-scan.yml	pull_request	auto-update-meta-qcom-kas-config-35476113928	2026-09-21T02:24:26Z	failure	1	ff6e87d8e5	
35554071679	commit-lint.yml	pull_request	auto-update-meta-qcom-kas-config-35476113928	2026-09-21T02:24:26Z	success	1	ff6e87d8e5	
35554071811	test-pr.yml	pull_request	auto-update-meta-qcom-kas-config-35476113928	2026-09-21T02:24:26Z	skipped	1	ff6e87d8e5	
35554071851	pr.yml	pull_request	auto-update-meta-qcom-kas-config-35476113928	2026-09-21T02:24:26Z	failure	1	ff6e87d8e5	
35554072395	qcom-preflight-checks.yml	pull_request	auto-update-meta-qcom-kas-config-35476113928	2026-09-21T02:24:27Z	success	1	ff6e87d8e5	
35554280368	test-pr.yml	workflow_run	main	2026-09-21T02:28:14Z	skipped	1	7b47d3855b	
35554822493	repolinter.yml	pull_request	resource-limit	2026-09-21T02:38:02Z	skipped	1	f2d9ca5633	
35554822536	zizmor-scan.yml	pull_request	resource-limit	2026-09-21T02:38:02Z	failure	1	f2d9ca5633	
35554822599	commit-lint.yml	pull_request	resource-limit	2026-09-21T02:38:02Z	success	1	f2d9ca5633	
35554822816	pr.yml	pull_request	resource-limit	2026-09-21T02:38:02Z	success	1	f2d9ca5633	
35554822868	test-pr.yml	pull_request	resource-limit	2026-09-21T02:38:02Z	skipped	1	f2d9ca5633	
35554823836	qcom-preflight-checks.yml	pull_request	resource-limit	2026-09-21T02:38:03Z	success	1	f2d9ca5633	
35556495594	test-pr.yml	workflow_run	main	2026-09-21T03:08:32Z	skipped	1	7b47d3855b	
35556557478	zizmor-scan.yml	pull_request	auto-update-meta-qcom-kas-config-35476113928	2026-09-21T03:09:32Z	failure	1	1ff42d3cc4	
35556557509	repolinter.yml	pull_request	auto-update-meta-qcom-kas-config-35476113928	2026-09-21T03:09:32Z	success	1	1ff42d3cc4	
35556557512	commit-lint.yml	pull_request	auto-update-meta-qcom-kas-config-35476113928	2026-09-21T03:09:32Z	success	1	1ff42d3cc4	
35556557706	test-pr.yml	pull_request	auto-update-meta-qcom-kas-config-35476113928	2026-09-21T03:09:32Z	skipped	1	1ff42d3cc4	
35556557717	pr.yml	pull_request	auto-update-meta-qcom-kas-config-35476113928	2026-09-21T03:09:32Z	failure	1	1ff42d3cc4	
35556558518	qcom-preflight-checks.yml	pull_request	auto-update-meta-qcom-kas-config-35476113928	2026-09-21T03:09:33Z	success	1	1ff42d3cc4	
35556915176	test-pr.yml	workflow_run	main	2026-09-21T03:15:24Z	skipped	1	7b47d3855b	
35561708726	test-pr.yml	workflow_run	main	2026-09-21T04:37:29Z	failure	1	7b47d3855b	
35561970986	test-pr.yml	workflow_run	main	2026-09-21T04:41:57Z	failure	1	7b47d3855b	
35563021540	zizmor-scan.yml	pull_request	auto-update-meta-qcom-kas-config-35476113928	2026-09-21T05:01:47Z	failure	1	2ca0542e58	
35563021546	commit-lint.yml	pull_request	auto-update-meta-qcom-kas-config-35476113928	2026-09-21T05:01:47Z	success	1	2ca0542e58	
35563021559	repolinter.yml	pull_request	auto-update-meta-qcom-kas-config-35476113928	2026-09-21T05:01:47Z	success	1	2ca0542e58	
35563021806	pr.yml	pull_request	auto-update-meta-qcom-kas-config-35476113928	2026-09-21T05:01:47Z	failure	1	2ca0542e58	
35563022010	test-pr.yml	pull_request	auto-update-meta-qcom-kas-config-35476113928	2026-09-21T05:01:47Z	skipped	1	2ca0542e58	
35563022827	qcom-preflight-checks.yml	pull_request	auto-update-meta-qcom-kas-config-35476113928	2026-09-21T05:01:48Z	success	1	2ca0542e58	
35563362566	test-pr.yml	workflow_run	main	2026-09-21T05:06:42Z	skipped	1	7b47d3855b	
35570012672	repolinter.yml	pull_request	auto-update-meta-qcom-kas-config-35544648064	2026-09-21T06:47:47Z	success	1	59c8317703	
35570012695	commit-lint.yml	pull_request	auto-update-meta-qcom-kas-config-35544648064	2026-09-21T06:47:47Z	success	1	59c8317703	
35570012724	zizmor-scan.yml	pull_request	auto-update-meta-qcom-kas-config-35544648064	2026-09-21T06:47:47Z	failure	1	59c8317703	
35570012886	pr.yml	pull_request	auto-update-meta-qcom-kas-config-35544648064	2026-09-21T06:47:47Z	failure	1	59c8317703	
35570012972	test-pr.yml	pull_request	auto-update-meta-qcom-kas-config-35544648064	2026-09-21T06:47:47Z	skipped	1	59c8317703	
35570015758	qcom-preflight-checks.yml	pull_request	auto-update-meta-qcom-kas-config-35544648064	2026-09-21T06:47:50Z	success	1	59c8317703	
35570365608	test-pr.yml	workflow_run	main	2026-09-21T06:52:53Z	skipped	1	7b47d3855b	
35570521154	commit-lint.yml	pull_request	auto-update-meta-qcom-kas-config-35544648064	2026-09-21T06:55:06Z	success	1	92585c515c	
35570521177	repolinter.yml	pull_request	auto-update-meta-qcom-kas-config-35544648064	2026-09-21T06:55:06Z	success	1	92585c515c	
35570521238	zizmor-scan.yml	pull_request	auto-update-meta-qcom-kas-config-35544648064	2026-09-21T06:55:06Z	failure	1	92585c515c	
35570521442	pr.yml	pull_request	auto-update-meta-qcom-kas-config-35544648064	2026-09-21T06:55:06Z	failure	1	92585c515c	
35570521488	test-pr.yml	pull_request	auto-update-meta-qcom-kas-config-35544648064	2026-09-21T06:55:06Z	skipped	1	92585c515c	
35570522585	qcom-preflight-checks.yml	pull_request	auto-update-meta-qcom-kas-config-35544648064	2026-09-21T06:55:07Z	success	1	92585c515c	
35570948193	test-pr.yml	workflow_run	main	2026-09-21T07:00:52Z	skipped	1	7b47d3855b	
35572572359	repolinter.yml	pull_request	auto-update-meta-qcom-kas-config-35544648064	2026-09-21T07:21:26Z	success	1	2a5cf8f68d	
35572572363	zizmor-scan.yml	pull_request	auto-update-meta-qcom-kas-config-35544648064	2026-09-21T07:21:26Z	failure	1	2a5cf8f68d	
35572572503	commit-lint.yml	pull_request	auto-update-meta-qcom-kas-config-35544648064	2026-09-21T07:21:26Z	success	1	2a5cf8f68d	
35572572710	test-pr.yml	pull_request	auto-update-meta-qcom-kas-config-35544648064	2026-09-21T07:21:26Z	skipped	1	2a5cf8f68d	
35572572772	pr.yml	pull_request	auto-update-meta-qcom-kas-config-35544648064	2026-09-21T07:21:26Z	failure	1	2a5cf8f68d	
35572573816	qcom-preflight-checks.yml	pull_request	auto-update-meta-qcom-kas-config-35544648064	2026-09-21T07:21:27Z	success	1	2a5cf8f68d	
35572963439	test-pr.yml	workflow_run	main	2026-09-21T07:26:23Z	skipped	1	7b47d3855b	
35573296414	repolinter.yml	pull_request	auto-update-meta-qcom-kas-config-35544648064	2026-09-21T07:30:37Z	success	1	de9c3fae19	
35573296456	zizmor-scan.yml	pull_request	auto-update-meta-qcom-kas-config-35544648064	2026-09-21T07:30:37Z	failure	1	de9c3fae19	
35573296551	commit-lint.yml	pull_request	auto-update-meta-qcom-kas-config-35544648064	2026-09-21T07:30:37Z	success	1	de9c3fae19	
35573297102	pr.yml	pull_request	auto-update-meta-qcom-kas-config-35544648064	2026-09-21T07:30:37Z	failure	1	de9c3fae19	
35573297120	test-pr.yml	pull_request	auto-update-meta-qcom-kas-config-35544648064	2026-09-21T07:30:37Z	skipped	1	de9c3fae19	
35573298098	qcom-preflight-checks.yml	pull_request	auto-update-meta-qcom-kas-config-35544648064	2026-09-21T07:30:38Z	success	1	de9c3fae19	
35575444235	test-pr.yml	workflow_run	main	2026-09-21T07:57:41Z	skipped	1	7b47d3855b	
35579992671	repolinter.yml	pull_request	auto-update-meta-qcom-kas-config-35544648064	2026-09-21T08:50:23Z	success	1	1acf91867d	
35579992800	commit-lint.yml	pull_request	auto-update-meta-qcom-kas-config-35544648064	2026-09-21T08:50:23Z	success	1	1acf91867d	
35579992940	zizmor-scan.yml	pull_request	auto-update-meta-qcom-kas-config-35544648064	2026-09-21T08:50:23Z	failure	1	1acf91867d	
35579993244	pr.yml	pull_request	auto-update-meta-qcom-kas-config-35544648064	2026-09-21T08:50:23Z	failure	1	1acf91867d	
35579993302	test-pr.yml	pull_request	auto-update-meta-qcom-kas-config-35544648064	2026-09-21T08:50:23Z	skipped	1	1acf91867d	
35579994449	qcom-preflight-checks.yml	pull_request	auto-update-meta-qcom-kas-config-35544648064	2026-09-21T08:50:24Z	success	1	1acf91867d	
35580705429	test-pr.yml	workflow_run	main	2026-09-21T08:58:32Z	skipped	1	7b47d3855b	
35581112305	commit-lint.yml	pull_request	auto-update-meta-qcom-kas-config-35544648064	2026-09-21T09:03:04Z	success	1	89f5822616	
35581112368	repolinter.yml	pull_request	auto-update-meta-qcom-kas-config-35544648064	2026-09-21T09:03:04Z	success	1	89f5822616	
35581112394	zizmor-scan.yml	pull_request	auto-update-meta-qcom-kas-config-35544648064	2026-09-21T09:03:04Z	failure	1	89f5822616	
35581112628	pr.yml	pull_request	auto-update-meta-qcom-kas-config-35544648064	2026-09-21T09:03:04Z	failure	1	89f5822616	
35581112845	test-pr.yml	pull_request	auto-update-meta-qcom-kas-config-35544648064	2026-09-21T09:03:04Z	skipped	1	89f5822616	
35581114165	qcom-preflight-checks.yml	pull_request	auto-update-meta-qcom-kas-config-35544648064	2026-09-21T09:03:05Z	success	1	89f5822616	
35582488859	test-pr.yml	workflow_run	main	2026-09-21T09:18:06Z	skipped	1	7b47d3855b	
35586766395	nightly-build.yml	schedule	main	2026-09-21T10:04:37Z	failure	1	7b47d3855b	
35592220292	zizmor-scan.yml	pull_request	auto-update-meta-qcom-kas-config-35544648064	2026-09-21T11:05:50Z	failure	1	e03f866e72	
35592220294	repolinter.yml	pull_request	auto-update-meta-qcom-kas-config-35544648064	2026-09-21T11:05:50Z	success	1	e03f866e72	
35592220295	commit-lint.yml	pull_request	auto-update-meta-qcom-kas-config-35544648064	2026-09-21T11:05:50Z	success	1	e03f866e72	
35592220742	pr.yml	pull_request	auto-update-meta-qcom-kas-config-35544648064	2026-09-21T11:05:50Z	success	1	e03f866e72	
35592220753	test-pr.yml	pull_request	auto-update-meta-qcom-kas-config-35544648064	2026-09-21T11:05:50Z	skipped	1	e03f866e72	
35592221815	qcom-preflight-checks.yml	pull_request	auto-update-meta-qcom-kas-config-35544648064	2026-09-21T11:05:51Z	success	1	e03f866e72	
35592417596	backport.yml	pull_request_target	auto-update-meta-qcom-kas-config-35476113928	2026-09-21T11:07:57Z	skipped	1	2ca0542e58	
35598153270	zizmor-scan.yml	pull_request	resource-limit	2026-09-21T12:12:01Z	failure	1	659169b1a1	
35598153283	repolinter.yml	pull_request	resource-limit	2026-09-21T12:12:01Z	skipped	1	659169b1a1	
35598153399	commit-lint.yml	pull_request	resource-limit	2026-09-21T12:12:01Z	success	1	659169b1a1	
35598153822	test-pr.yml	pull_request	resource-limit	2026-09-21T12:12:01Z	skipped	1	659169b1a1	
35598153874	pr.yml	pull_request	resource-limit	2026-09-21T12:12:01Z	success	1	659169b1a1	
35598155486	qcom-preflight-checks.yml	pull_request	resource-limit	2026-09-21T12:12:02Z	success	1	659169b1a1	
35598423100	nightly-build-wrynose.yml	schedule	main	2026-09-21T12:14:45Z	success	1	7b47d3855b	
35598432882	nightly-build.yml	workflow_dispatch	wrynose	2026-09-21T12:14:51Z	success	1	97621db0ae	
35607985380	test-pr.yml	workflow_run	main	2026-09-21T13:48:31Z	failure	1	7b47d3855b	
35610726342	test-pr.yml	workflow_run	main	2026-09-21T14:13:41Z	failure	1	7b47d3855b	
35676912872	stales.yml	schedule	main	2026-09-22T01:44:56Z	success	1	7b47d3855b	
35677052250	repolinter.yml	push	wrynose	2026-09-22T01:47:06Z	success	1	390b5432e5	
35677052500	push.yml	push	wrynose	2026-09-22T01:47:06Z	failure	1	390b5432e5	
35677052632	backport.yml	pull_request_target	auto-update-meta-qcom-kas-config-35544648064	2026-09-22T01:47:06Z	skipped	1	e03f866e72	
35688625604	repolinter.yml	push	main	2026-09-22T04:54:01Z	skipped	1	fceaabdc41	
35688625693	backport.yml	pull_request_target	auto-update-meta-qcom-kas-config-34548898557	2026-09-22T04:54:01Z	success	1	af6d19e489	
35688625790	push.yml	push	main	2026-09-22T04:54:01Z	success	1	fceaabdc41	
35688626592	qcom-preflight-checks.yml	push	main	2026-09-22T04:54:02Z	failure	1	fceaabdc41	
35690761697	test-pr.yml	workflow_run	main	2026-09-22T05:27:16Z	skipped	1	fceaabdc41	
35703314937	backport.yml	pull_request_target	ci-fsx-sstate-cache	2026-09-22T08:09:50Z	skipped	1	1586a166fc	
35703334875	zizmor-scan.yml	pull_request	ci-fsx-sstate-cache	2026-09-22T08:10:03Z	failure	1	1586a166fc	
35703334899	commit-lint.yml	pull_request	ci-fsx-sstate-cache	2026-09-22T08:10:03Z	failure	1	1586a166fc	
35703334908	repolinter.yml	pull_request	ci-fsx-sstate-cache	2026-09-22T08:10:03Z	skipped	1	1586a166fc	
35703335777	test-pr.yml	pull_request	ci-fsx-sstate-cache	2026-09-22T08:10:03Z	skipped	1	1586a166fc	
35703335919	pr.yml	pull_request	ci-fsx-sstate-cache	2026-09-22T08:10:04Z	failure	1	1586a166fc	
35703336752	qcom-preflight-checks.yml	pull_request	ci-fsx-sstate-cache	2026-09-22T08:10:04Z	failure	1	1586a166fc	
35706676151	test-pr.yml	workflow_run	main	2026-09-22T08:46:52Z	skipped	1	fceaabdc41	
35714008109	nightly-build.yml	schedule	main	2026-09-22T10:05:01Z	success	1	fceaabdc41	
35717631453	commit-lint.yml	pull_request	ccache	2026-09-22T10:44:24Z	success	1	fffdaa0043	
35717631477	zizmor-scan.yml	pull_request	ccache	2026-09-22T10:44:24Z	failure	1	fffdaa0043	
35717631591	repolinter.yml	pull_request	ccache	2026-09-22T10:44:24Z	skipped	1	fffdaa0043	
35717631761	test-pr.yml	pull_request	ccache	2026-09-22T10:44:24Z	skipped	1	fffdaa0043	
35717631787	pr.yml	pull_request	ccache	2026-09-22T10:44:24Z	failure	1	fffdaa0043	
35717632837	qcom-preflight-checks.yml	pull_request	ccache	2026-09-22T10:44:25Z	failure	1	fffdaa0043	
35718370492	test-pr.yml	workflow_run	main	2026-09-22T10:52:41Z	skipped	1	fceaabdc41	
35719004421	zizmor-scan.yml	pull_request	ccache	2026-09-22T11:00:00Z	failure	1	22ca192bba	
35719004428	repolinter.yml	pull_request	ccache	2026-09-22T11:00:00Z	skipped	1	22ca192bba	
35719004577	commit-lint.yml	pull_request	ccache	2026-09-22T11:00:00Z	success	1	22ca192bba	
35719004903	pr.yml	pull_request	ccache	2026-09-22T11:00:00Z	failure	1	22ca192bba	
35719005039	test-pr.yml	pull_request	ccache	2026-09-22T11:00:00Z	skipped	1	22ca192bba	
35719006989	qcom-preflight-checks.yml	pull_request	ccache	2026-09-22T11:00:01Z	failure	1	22ca192bba	
35719648310	test-pr.yml	workflow_run	main	2026-09-22T11:06:51Z	skipped	1	fceaabdc41	
35720118609	repolinter.yml	pull_request	ccache	2026-09-22T11:12:03Z	skipped	1	92ce7de9e3	
35720118641	commit-lint.yml	pull_request	ccache	2026-09-22T11:12:03Z	success	1	92ce7de9e3	
35720118701	zizmor-scan.yml	pull_request	ccache	2026-09-22T11:12:03Z	failure	1	92ce7de9e3	
35720118985	pr.yml	pull_request	ccache	2026-09-22T11:12:03Z	success	1	92ce7de9e3	
35720119026	test-pr.yml	pull_request	ccache	2026-09-22T11:12:03Z	skipped	1	92ce7de9e3	
35720120102	qcom-preflight-checks.yml	pull_request	ccache	2026-09-22T11:12:04Z	failure	1	92ce7de9e3	
35723152215	zizmor-scan.yml	pull_request	xiaolong/monza-enable	2026-09-22T11:44:32Z	failure	1	eb05bfcfc4	
35723152367	commit-lint.yml	pull_request	xiaolong/monza-enable	2026-09-22T11:44:32Z	success	1	eb05bfcfc4	
35723152394	repolinter.yml	pull_request	xiaolong/monza-enable	2026-09-22T11:44:32Z	skipped	1	eb05bfcfc4	
35723152490	pr.yml	pull_request	xiaolong/monza-enable	2026-09-22T11:44:32Z	success	1	eb05bfcfc4	
35723152689	test-pr.yml	pull_request	xiaolong/monza-enable	2026-09-22T11:44:32Z	skipped	1	eb05bfcfc4	
35723154448	qcom-preflight-checks.yml	pull_request	xiaolong/monza-enable	2026-09-22T11:44:33Z	success	1	eb05bfcfc4	
35726061868	nightly-build-wrynose.yml	schedule	main	2026-09-22T12:15:04Z	success	1	fceaabdc41	
35726072323	nightly-build.yml	workflow_dispatch	wrynose	2026-09-22T12:15:10Z	failure	1	390b5432e5	
35736883855	test-pr.yml	workflow_run	main	2026-09-22T13:56:48Z	failure	1	fceaabdc41	
35780902736	test-pr.yml	workflow_run	main	2026-09-22T20:32:00Z	failure	1	fceaabdc41	
35807535143	stales.yml	schedule	main	2026-09-23T01:44:30Z	success	1	fceaabdc41	
35823536264	zizmor-scan.yml	pull_request	coral-fix	2026-09-23T05:42:40Z	failure	1	adf42ad716	
35823536269	commit-lint.yml	pull_request	coral-fix	2026-09-23T05:42:40Z	success	1	adf42ad716	
35823536288	repolinter.yml	pull_request	coral-fix	2026-09-23T05:42:40Z	skipped	1	adf42ad716	
35823536598	pr.yml	pull_request	coral-fix	2026-09-23T05:42:40Z	success	1	adf42ad716	
35823536608	test-pr.yml	pull_request	coral-fix	2026-09-23T05:42:40Z	skipped	1	adf42ad716	
35823537350	qcom-preflight-checks.yml	pull_request	coral-fix	2026-09-23T05:42:41Z	success	1	adf42ad716	
35827174458	zizmor-scan.yml	pull_request	xiaolong/monza-enable	2026-09-23T06:31:47Z	failure	1	664a3f105b	
35827174522	commit-lint.yml	pull_request	xiaolong/monza-enable	2026-09-23T06:31:47Z	success	1	664a3f105b	
35827174587	repolinter.yml	pull_request	xiaolong/monza-enable	2026-09-23T06:31:47Z	skipped	1	664a3f105b	
35827174737	pr.yml	pull_request	xiaolong/monza-enable	2026-09-23T06:31:48Z	success	1	664a3f105b	
35827174746	test-pr.yml	pull_request	xiaolong/monza-enable	2026-09-23T06:31:48Z	skipped	1	664a3f105b	
35827175840	qcom-preflight-checks.yml	pull_request	xiaolong/monza-enable	2026-09-23T06:31:48Z	success	1	664a3f105b	
35830019563	test-pr.yml	workflow_run	main	2026-09-23T07:06:43Z	skipped	1	fceaabdc41	
35833160723	test-pr.yml	workflow_run	main	2026-09-23T07:42:52Z	failure	1	fceaabdc41	
35835544526	backport.yml	pull_request_target	resource-limit	2026-09-23T08:09:30Z	success	1	659169b1a1	
35835544551	repolinter.yml	push	main	2026-09-23T08:09:30Z	skipped	1	e29fb3d52e	
35835544667	push.yml	push	main	2026-09-23T08:09:30Z	failure	1	e29fb3d52e	
35835546011	qcom-preflight-checks.yml	push	main	2026-09-23T08:09:31Z	failure	1	e29fb3d52e	
35835638786	repolinter.yml	push	main	2026-09-23T08:10:31Z	skipped	1	d40c9e71cc	
35835638993	backport.yml	pull_request_target	ccache	2026-09-23T08:10:31Z	success	1	92ce7de9e3	
35835639079	push.yml	push	main	2026-09-23T08:10:31Z	failure	1	d40c9e71cc	
35835640736	qcom-preflight-checks.yml	push	main	2026-09-23T08:10:33Z	failure	1	d40c9e71cc	
35835739361	commit-lint.yml	pull_request	ci-fsx-sstate-cache	2026-09-23T08:11:37Z	failure	1	1432bd972b	
35835739405	repolinter.yml	pull_request	ci-fsx-sstate-cache	2026-09-23T08:11:37Z	skipped	1	1432bd972b	
35835739442	zizmor-scan.yml	pull_request	ci-fsx-sstate-cache	2026-09-23T08:11:37Z	failure	1	1432bd972b	
35835739806	test-pr.yml	pull_request	ci-fsx-sstate-cache	2026-09-23T08:11:37Z	skipped	1	1432bd972b	
35835739824	pr.yml	pull_request	ci-fsx-sstate-cache	2026-09-23T08:11:37Z	failure	1	1432bd972b	
35835741294	qcom-preflight-checks.yml	pull_request	ci-fsx-sstate-cache	2026-09-23T08:11:38Z	success	1	1432bd972b	
35836839686	backport.yml	pull_request_target	chore/update-meta-ros-main-434d9666	2026-09-23T08:23:23Z	skipped	1	9e7e3dacb8	
35837173355	repolinter.yml	pull_request	wrynose	2026-09-23T08:26:56Z	success	1	be0819a2f5	
35837173373	zizmor-scan.yml	pull_request	wrynose	2026-09-23T08:26:56Z	failure	1	be0819a2f5	
35837173375	commit-lint.yml	pull_request	wrynose	2026-09-23T08:26:56Z	success	1	be0819a2f5	
35837173932	test-pr.yml	pull_request	wrynose	2026-09-23T08:26:56Z	skipped	1	be0819a2f5	
35837173967	pr.yml	pull_request	wrynose	2026-09-23T08:26:56Z	success	1	be0819a2f5	
35837175735	qcom-preflight-checks.yml	pull_request	wrynose	2026-09-23T08:26:57Z	success	1	be0819a2f5	
35837516973	test-pr.yml	workflow_run	main	2026-09-23T08:30:33Z	failure	1	d40c9e71cc	
35837641768	zizmor-scan.yml	pull_request	automation/meta-ros/main	2026-09-23T08:31:50Z	failure	1	2c7bb1d07c	
35837641775	commit-lint.yml	pull_request	automation/meta-ros/main	2026-09-23T08:31:50Z	failure	1	2c7bb1d07c	
35837641776	repolinter.yml	pull_request	automation/meta-ros/main	2026-09-23T08:31:50Z	skipped	1	2c7bb1d07c	
35837642360	pr.yml	pull_request	automation/meta-ros/main	2026-09-23T08:31:51Z	cancelled	1	2c7bb1d07c	
35837642410	test-pr.yml	pull_request	automation/meta-ros/main	2026-09-23T08:31:51Z	skipped	1	2c7bb1d07c	
35837643708	qcom-preflight-checks.yml	pull_request	automation/meta-ros/main	2026-09-23T08:31:52Z	success	1	2c7bb1d07c	
35839137411	test-pr.yml	workflow_run	main	2026-09-23T08:47:33Z	skipped	1	d40c9e71cc	
35842669002	repolinter.yml	pull_request	automation/meta-ros/main	2026-09-23T09:23:40Z	skipped	1	a0b1a54c34	
35842669035	commit-lint.yml	pull_request	automation/meta-ros/main	2026-09-23T09:23:40Z	failure	1	a0b1a54c34	
35842669141	zizmor-scan.yml	pull_request	automation/meta-ros/main	2026-09-23T09:23:41Z	failure	1	a0b1a54c34	
35842669482	pr.yml	pull_request	automation/meta-ros/main	2026-09-23T09:23:41Z	success	1	a0b1a54c34	
35842669486	test-pr.yml	pull_request	automation/meta-ros/main	2026-09-23T09:23:41Z	skipped	1	a0b1a54c34	
35842671244	qcom-preflight-checks.yml	pull_request	automation/meta-ros/main	2026-09-23T09:23:42Z	success	1	a0b1a54c34	
35842779963	test-pr.yml	workflow_run	main	2026-09-23T09:24:47Z	skipped	1	d40c9e71cc	
35846659606	nightly-build.yml	schedule	main	2026-09-23T10:04:25Z	failure	1	d40c9e71cc	
35849372552	test-pr.yml	workflow_run	main	2026-09-23T10:32:23Z	failure	1	d40c9e71cc	
35854785375	test-pr.yml	workflow_run	main	2026-09-23T11:29:03Z	failure	1	d40c9e71cc	
35859365627	nightly-build-wrynose.yml	schedule	main	2026-09-23T12:15:37Z	success	1	d40c9e71cc	
35859378465	nightly-build.yml	workflow_dispatch	wrynose	2026-09-23T12:15:44Z	success	1	390b5432e5	
35938315361	repolinter.yml	pull_request	ci-fsx-sstate-cache	2026-09-24T00:24:56Z	skipped	1	00e5d815f7	
35938315380	zizmor-scan.yml	pull_request	ci-fsx-sstate-cache	2026-09-24T00:24:56Z	failure	1	00e5d815f7	
35938315512	commit-lint.yml	pull_request	ci-fsx-sstate-cache	2026-09-24T00:24:56Z	failure	1	00e5d815f7	
35938315722	pr.yml	pull_request	ci-fsx-sstate-cache	2026-09-24T00:24:56Z	failure	4	00e5d815f7	
35938316047	test-pr.yml	pull_request	ci-fsx-sstate-cache	2026-09-24T00:24:56Z	skipped	1	00e5d815f7	
35938316968	qcom-preflight-checks.yml	pull_request	ci-fsx-sstate-cache	2026-09-24T00:24:57Z	failure	1	00e5d815f7	
35940681399	test-pr.yml	workflow_run	main	2026-09-24T00:56:20Z	skipped	1	d40c9e71cc	
35944439197	stales.yml	schedule	main	2026-09-24T01:47:08Z	success	1	d40c9e71cc	
35944810164	zizmor-scan.yml	pull_request	xiaolong/monza-enable	2026-09-24T01:52:26Z	failure	1	e07a88c0fe	
35944810319	repolinter.yml	pull_request	xiaolong/monza-enable	2026-09-24T01:52:26Z	skipped	1	e07a88c0fe	
35944810506	commit-lint.yml	pull_request	xiaolong/monza-enable	2026-09-24T01:52:26Z	failure	1	e07a88c0fe	
35944810563	pr.yml	pull_request	xiaolong/monza-enable	2026-09-24T01:52:26Z	cancelled	1	e07a88c0fe	
35944810848	test-pr.yml	pull_request	xiaolong/monza-enable	2026-09-24T01:52:27Z	skipped	1	e07a88c0fe	
35944811530	qcom-preflight-checks.yml	pull_request	xiaolong/monza-enable	2026-09-24T01:52:27Z	success	1	e07a88c0fe	
35945295220	repolinter.yml	pull_request	xiaolong/monza-enable	2026-09-24T01:59:18Z	skipped	1	071767d36b	
35945295222	zizmor-scan.yml	pull_request	xiaolong/monza-enable	2026-09-24T01:59:18Z	failure	1	071767d36b	
35945295294	commit-lint.yml	pull_request	xiaolong/monza-enable	2026-09-24T01:59:18Z	success	1	071767d36b	
35945295554	pr.yml	pull_request	xiaolong/monza-enable	2026-09-24T01:59:18Z	success	1	071767d36b	
35945295607	test-pr.yml	pull_request	xiaolong/monza-enable	2026-09-24T01:59:18Z	skipped	1	071767d36b	
35945296634	qcom-preflight-checks.yml	pull_request	xiaolong/monza-enable	2026-09-24T01:59:19Z	success	1	071767d36b	
35945682983	test-pr.yml	workflow_run	main	2026-09-24T02:04:23Z	skipped	1	d40c9e71cc	
35946926336	test-pr.yml	workflow_run	main	2026-09-24T02:21:53Z	skipped	1	d40c9e71cc	
35948136445	commit-lint.yml	pull_request	automation/meta-ros/main	2026-09-24T02:38:59Z	success	1	8049a543ab	
35948136458	zizmor-scan.yml	pull_request	automation/meta-ros/main	2026-09-24T02:38:59Z	failure	1	8049a543ab	
35948136613	repolinter.yml	pull_request	automation/meta-ros/main	2026-09-24T02:38:59Z	skipped	1	8049a543ab	
35948136699	test-pr.yml	pull_request	automation/meta-ros/main	2026-09-24T02:38:59Z	skipped	1	8049a543ab	
35948136751	pr.yml	pull_request	automation/meta-ros/main	2026-09-24T02:38:59Z	cancelled	1	8049a543ab	
35948137777	qcom-preflight-checks.yml	pull_request	automation/meta-ros/main	2026-09-24T02:39:00Z	success	1	8049a543ab	
35948309808	commit-lint.yml	pull_request	automation/meta-ros/main	2026-09-24T02:41:29Z	failure	1	cee21147e6	
35948309829	zizmor-scan.yml	pull_request	automation/meta-ros/main	2026-09-24T02:41:29Z	failure	1	cee21147e6	
35948309832	repolinter.yml	pull_request	automation/meta-ros/main	2026-09-24T02:41:29Z	skipped	1	cee21147e6	
35948310161	test-pr.yml	pull_request	automation/meta-ros/main	2026-09-24T02:41:29Z	skipped	1	cee21147e6	
35948310185	pr.yml	pull_request	automation/meta-ros/main	2026-09-24T02:41:29Z	cancelled	1	cee21147e6	
35948311018	qcom-preflight-checks.yml	pull_request	automation/meta-ros/main	2026-09-24T02:41:30Z	success	1	cee21147e6	
35948317020	test-pr.yml	workflow_run	main	2026-09-24T02:41:35Z	skipped	1	d40c9e71cc	
35949165551	zizmor-scan.yml	pull_request	automation/meta-ros/main	2026-09-24T02:53:44Z	failure	1	a69d882da5	
35949165623	repolinter.yml	pull_request	automation/meta-ros/main	2026-09-24T02:53:44Z	skipped	1	a69d882da5	
35949165778	pr.yml	pull_request	automation/meta-ros/main	2026-09-24T02:53:45Z	success	1	a69d882da5	
35949165886	test-pr.yml	pull_request	automation/meta-ros/main	2026-09-24T02:53:45Z	skipped	1	a69d882da5	
35949165975	commit-lint.yml	pull_request	automation/meta-ros/main	2026-09-24T02:53:45Z	success	1	a69d882da5	
35949166553	qcom-preflight-checks.yml	pull_request	automation/meta-ros/main	2026-09-24T02:53:45Z	success	1	a69d882da5	
35949253482	test-pr.yml	workflow_run	main	2026-09-24T02:55:01Z	skipped	1	d40c9e71cc	
35953783207	test-pr.yml	workflow_run	main	2026-09-24T04:00:19Z	failure	1	d40c9e71cc	
35958036009	test-pr.yml	workflow_run	main	2026-09-24T05:00:24Z	failure	1	d40c9e71cc	
35962632846	repolinter.yml	push	main	2026-09-24T06:02:43Z	skipped	1	bb5b62be8d	
35962633058	push.yml	push	main	2026-09-24T06:02:43Z	success	1	bb5b62be8d	
35962633616	backport.yml	pull_request_target	xiaolong/monza-enable	2026-09-24T06:02:43Z	success	1	071767d36b	
35962633838	qcom-preflight-checks.yml	push	main	2026-09-24T06:02:43Z	failure	1	bb5b62be8d	
35962654485	repolinter.yml	pull_request	backport/393-to-wrynose	2026-09-24T06:03:00Z	success	1	6fb64454d7	
35962654492	commit-lint.yml	pull_request	backport/393-to-wrynose	2026-09-24T06:03:00Z	success	1	6fb64454d7	
35962654574	zizmor-scan.yml	pull_request	backport/393-to-wrynose	2026-09-24T06:03:00Z	failure	1	6fb64454d7	
35962654777	pr.yml	pull_request	backport/393-to-wrynose	2026-09-24T06:03:00Z	success	1	6fb64454d7	
35962654844	test-pr.yml	pull_request	backport/393-to-wrynose	2026-09-24T06:03:00Z	skipped	1	6fb64454d7	
35962655760	qcom-preflight-checks.yml	pull_request	backport/393-to-wrynose	2026-09-24T06:03:01Z	success	1	6fb64454d7	
35973691935	test-pr.yml	workflow_run	main	2026-09-24T08:10:25Z	failure	1	bb5b62be8d	
35985077320	nightly-build.yml	schedule	main	2026-09-24T10:04:21Z	success	1	bb5b62be8d	
35997925418	nightly-build-wrynose.yml	schedule	main	2026-09-24T12:15:34Z	success	1	bb5b62be8d	
35997940776	nightly-build.yml	workflow_dispatch	wrynose	2026-09-24T12:15:43Z	failure	1	390b5432e5	
36020725156	test-pr.yml	workflow_run	main	2026-09-24T15:30:41Z	skipped	1	bb5b62be8d	
36027290952	test-pr.yml	workflow_run	main	2026-09-24T16:25:44Z	skipped	1	bb5b62be8d	
36061145594	zizmor-scan.yml	pull_request	ci-fsx-sstate-cache	2026-09-24T21:23:16Z	failure	1	c5b429c974	
36061145665	commit-lint.yml	pull_request	ci-fsx-sstate-cache	2026-09-24T21:23:16Z	failure	1	c5b429c974	
36061145727	repolinter.yml	pull_request	ci-fsx-sstate-cache	2026-09-24T21:23:16Z	skipped	1	c5b429c974	
36061146552	test-pr.yml	pull_request	ci-fsx-sstate-cache	2026-09-24T21:23:17Z	skipped	1	c5b429c974	
36061146634	pr.yml	pull_request	ci-fsx-sstate-cache	2026-09-24T21:23:17Z	success	1	c5b429c974	
36061148091	qcom-preflight-checks.yml	pull_request	ci-fsx-sstate-cache	2026-09-24T21:23:18Z	failure	1	c5b429c974	
36068463337	test-pr.yml	workflow_run	main	2026-09-24T22:37:21Z	failure	1	bb5b62be8d	
36077448218	repolinter.yml	pull_request	ci-fsx-sstate-cache	2026-09-25T00:25:16Z	skipped	1	00e5d815f7	
36077448247	zizmor-scan.yml	pull_request	ci-fsx-sstate-cache	2026-09-25T00:25:16Z	failure	1	00e5d815f7	
36077448321	commit-lint.yml	pull_request	ci-fsx-sstate-cache	2026-09-25T00:25:16Z	failure	1	00e5d815f7	
36077448576	test-pr.yml	pull_request	ci-fsx-sstate-cache	2026-09-25T00:25:16Z	skipped	1	00e5d815f7	
36077448871	pr.yml	pull_request	ci-fsx-sstate-cache	2026-09-25T00:25:16Z	success	2	00e5d815f7	
36077450259	qcom-preflight-checks.yml	pull_request	ci-fsx-sstate-cache	2026-09-25T00:25:17Z	failure	1	00e5d815f7	
36083354899	stales.yml	schedule	main	2026-09-25T01:44:57Z	success	1	bb5b62be8d	
36096345738	test-pr.yml	workflow_run	main	2026-09-25T04:54:29Z	skipped	1	bb5b62be8d	
36121962731	nightly-build.yml	schedule	main	2026-09-25T10:04:26Z	failure	1	bb5b62be8d	
36133918843	nightly-build-wrynose.yml	schedule	main	2026-09-25T12:15:43Z	success	1	bb5b62be8d	
36133928240	nightly-build.yml	workflow_dispatch	wrynose	2026-09-25T12:15:49Z	success	1	390b5432e5	
36177801767	test-pr.yml	workflow_run	main	2026-09-25T19:08:10Z	failure	1	bb5b62be8d	
36209446836	stales.yml	schedule	main	2026-09-26T01:44:42Z	success	1	bb5b62be8d	
36234634420	nightly-build.yml	schedule	main	2026-09-26T10:03:39Z	success	1	bb5b62be8d	
36241249142	nightly-build-wrynose.yml	schedule	main	2026-09-26T12:13:32Z	success	1	bb5b62be8d	
36241254400	nightly-build.yml	workflow_dispatch	wrynose	2026-09-26T12:13:38Z	success	1	390b5432e5	
36286848347	stales.yml	schedule	main	2026-09-27T01:52:33Z	success	1	bb5b62be8d	
36311336578	nightly-build.yml	schedule	main	2026-09-27T10:03:56Z	success	1	bb5b62be8d	
36314953533	test-pr.yml	workflow_run	main	2026-09-27T11:11:54Z	skipped	1	bb5b62be8d	
36318326195	nightly-build-wrynose.yml	schedule	main	2026-09-27T12:14:29Z	success	1	bb5b62be8d	
36318331376	nightly-build.yml	workflow_dispatch	wrynose	2026-09-27T12:14:34Z	failure	1	390b5432e5	
36367458978	zizmor-scan.yml	pull_request	qli-21-rel	2026-09-28T01:49:34Z	failure	1	cf68e1ee3b	
36367458987	commit-lint.yml	pull_request	qli-21-rel	2026-09-28T01:49:34Z	success	1	cf68e1ee3b	
36367459035	repolinter.yml	pull_request	qli-21-rel	2026-09-28T01:49:34Z	success	1	cf68e1ee3b	
36367459337	pr.yml	pull_request	qli-21-rel	2026-09-28T01:49:34Z	success	1	cf68e1ee3b	
36367459390	test-pr.yml	pull_request	qli-21-rel	2026-09-28T01:49:34Z	skipped	1	cf68e1ee3b	
36367460014	qcom-preflight-checks.yml	pull_request	qli-21-rel	2026-09-28T01:49:35Z	success	1	cf68e1ee3b	
36367893907	stales.yml	schedule	main	2026-09-28T01:56:35Z	success	1	bb5b62be8d	
36374344537	repolinter.yml	push	main	2026-09-28T03:35:56Z	skipped	1	cdef767fcb	
36374344901	push.yml	push	main	2026-09-28T03:35:57Z	success	1	cdef767fcb	
36374344987	backport.yml	pull_request_target	ci-fsx-sstate-cache	2026-09-28T03:35:57Z	success	1	00e5d815f7	
36374345596	qcom-preflight-checks.yml	push	main	2026-09-28T03:35:57Z	failure	1	cdef767fcb	
36375770038	test-pr.yml	workflow_run	main	2026-09-28T03:58:11Z	failure	1	cdef767fcb	
36378235267	repolinter.yml	push	main	2026-09-28T04:33:39Z	skipped	1	de3223b736	
36378235541	backport.yml	pull_request_target	automation/meta-ros/main	2026-09-28T04:33:39Z	success	1	a69d882da5	
36378235583	push.yml	push	main	2026-09-28T04:33:39Z	success	1	de3223b736	
36378236600	qcom-preflight-checks.yml	push	main	2026-09-28T04:33:40Z	failure	1	de3223b736	
36393323450	repolinter.yml	push	wrynose	2026-09-28T07:44:42Z	success	1	95df6691a8	
36393323826	backport.yml	pull_request_target	backport/393-to-wrynose	2026-09-28T07:44:42Z	skipped	1	6fb64454d7	
36393323935	push.yml	push	wrynose	2026-09-28T07:44:42Z	success	1	95df6691a8	
36393400243	repolinter.yml	push	wrynose	2026-09-28T07:45:29Z	success	1	6705aea16b	
36393400823	push.yml	push	wrynose	2026-09-28T07:45:29Z	success	1	6705aea16b	
36393400926	backport.yml	pull_request_target	wrynose	2026-09-28T07:45:29Z	skipped	1	be0819a2f5	
36407557555	nightly-build.yml	schedule	main	2026-09-28T10:05:20Z	failure	1	de3223b736	
36420929893	nightly-build-wrynose.yml	schedule	main	2026-09-28T12:17:51Z	success	1	de3223b736	
36420940346	nightly-build.yml	workflow_dispatch	wrynose	2026-09-28T12:17:57Z	failure	1	6705aea16b	
36509939408	stales.yml	schedule	main	2026-09-29T01:52:31Z	success	1	de3223b736	
36513237415	zizmor-scan.yml	pull_request	qli-21-rel	2026-09-29T02:34:28Z	failure	1	eb0cbc7e8f	
36513237468	commit-lint.yml	pull_request	qli-21-rel	2026-09-29T02:34:28Z	success	1	eb0cbc7e8f	
36513237481	repolinter.yml	pull_request	qli-21-rel	2026-09-29T02:34:28Z	success	1	eb0cbc7e8f	
36513237761	test-pr.yml	pull_request	qli-21-rel	2026-09-29T02:34:28Z	skipped	1	eb0cbc7e8f	
36513237794	pr.yml	pull_request	qli-21-rel	2026-09-29T02:34:28Z	success	1	eb0cbc7e8f	
36513238716	qcom-preflight-checks.yml	pull_request	qli-21-rel	2026-09-29T02:34:29Z	success	1	eb0cbc7e8f	
36514043050	repolinter.yml	pull_request	automation/meta-ros/wrynose	2026-09-29T02:45:02Z	success	1	e47c880d22	
36514043058	zizmor-scan.yml	pull_request	automation/meta-ros/wrynose	2026-09-29T02:45:02Z	failure	1	e47c880d22	
36514043185	commit-lint.yml	pull_request	automation/meta-ros/wrynose	2026-09-29T02:45:02Z	success	1	e47c880d22	
36514043477	pr.yml	pull_request	automation/meta-ros/wrynose	2026-09-29T02:45:02Z	failure	1	e47c880d22	
36514043558	test-pr.yml	pull_request	automation/meta-ros/wrynose	2026-09-29T02:45:02Z	skipped	1	e47c880d22	
36514044437	qcom-preflight-checks.yml	pull_request	automation/meta-ros/wrynose	2026-09-29T02:45:03Z	success	1	e47c880d22	
36514067837	backport.yml	pull_request_target	chore/update-meta-ros-wrynose-f4a5e480	2026-09-29T02:45:18Z	skipped	1	04d16dc786	
36514603215	test-pr.yml	workflow_run	main	2026-09-29T02:52:23Z	skipped	1	de3223b736	
36522340754	test-pr.yml	workflow_run	main	2026-09-29T04:35:56Z	failure	1	de3223b736	
36525428603	commit-lint.yml	pull_request	wrynose	2026-09-29T05:16:52Z	failure	1	f3dfd07601	
36525428654	zizmor-scan.yml	pull_request	wrynose	2026-09-29T05:16:52Z	failure	1	f3dfd07601	
36525428655	repolinter.yml	pull_request	wrynose	2026-09-29T05:16:52Z	success	1	f3dfd07601	
36525428984	pr.yml	pull_request	wrynose	2026-09-29T05:16:53Z	cancelled	1	f3dfd07601	
36525429004	test-pr.yml	pull_request	wrynose	2026-09-29T05:16:53Z	skipped	1	f3dfd07601	
36525429800	qcom-preflight-checks.yml	pull_request	wrynose	2026-09-29T05:16:53Z	success	1	f3dfd07601	
36526011119	commit-lint.yml	pull_request	wrynose	2026-09-29T05:24:25Z	success	1	226a88e6df	
36526011188	zizmor-scan.yml	pull_request	wrynose	2026-09-29T05:24:25Z	failure	1	226a88e6df	
36526011246	repolinter.yml	pull_request	wrynose	2026-09-29T05:24:25Z	success	1	226a88e6df	
36526011390	pr.yml	pull_request	wrynose	2026-09-29T05:24:25Z	success	1	226a88e6df	
36526011653	test-pr.yml	pull_request	wrynose	2026-09-29T05:24:26Z	skipped	1	226a88e6df	
36526012467	qcom-preflight-checks.yml	pull_request	wrynose	2026-09-29T05:24:26Z	success	1	226a88e6df	
36526044406	test-pr.yml	workflow_run	main	2026-09-29T05:24:51Z	skipped	1	de3223b736	
36535952175	test-pr.yml	workflow_run	main	2026-09-29T07:19:30Z	failure	1	de3223b736	
36553290858	nightly-build.yml	schedule	main	2026-09-29T10:04:44Z	success	1	de3223b736	
36561648387	commit-lint.yml	pull_request	wrynose	2026-09-29T11:25:28Z	success	1	0261ef561f	
36561648389	zizmor-scan.yml	pull_request	wrynose	2026-09-29T11:25:28Z	failure	1	0261ef561f	
36561648431	repolinter.yml	pull_request	wrynose	2026-09-29T11:25:28Z	success	1	0261ef561f	
36561648907	test-pr.yml	pull_request	wrynose	2026-09-29T11:25:28Z	skipped	1	0261ef561f	
36561648916	pr.yml	pull_request	wrynose	2026-09-29T11:25:28Z	success	1	0261ef561f	
36561650236	qcom-preflight-checks.yml	pull_request	wrynose	2026-09-29T11:25:29Z	success	1	0261ef561f	
36567058210	nightly-build-wrynose.yml	schedule	main	2026-09-29T12:16:46Z	success	1	de3223b736	
36567070391	nightly-build.yml	workflow_dispatch	wrynose	2026-09-29T12:16:53Z	success	1	6705aea16b	
36571935012	commit-lint.yml	pull_request	pcl-compile	2026-09-29T13:00:02Z	success	1	295b88d668	
36571935135	zizmor-scan.yml	pull_request	pcl-compile	2026-09-29T13:00:02Z	failure	1	295b88d668	
36571935202	repolinter.yml	pull_request	pcl-compile	2026-09-29T13:00:02Z	skipped	1	295b88d668	
36571935872	pr.yml	pull_request	pcl-compile	2026-09-29T13:00:02Z	success	1	295b88d668	
36571935987	test-pr.yml	pull_request	pcl-compile	2026-09-29T13:00:02Z	skipped	1	295b88d668	
36571938282	qcom-preflight-checks.yml	pull_request	pcl-compile	2026-09-29T13:00:03Z	success	1	295b88d668	
36574818812	test-pr.yml	workflow_run	main	2026-09-29T13:24:08Z	failure	1	de3223b736	
36592762547	test-pr.yml	workflow_run	main	2026-09-29T15:46:33Z	failure	1	de3223b736	
